平台,店铺名,全渠道客户Id,客户Id,主订单Id,交易类型,订单状态,预售状态,购买数量,订单金额,邮费,下单定金金额,预售订单应付金额(扣除退款),订单级优惠总金额,优惠信息,买家备注,卖家备注,下单时间,付款时间,定金支付时间,尾款支付时间,发货时间,结束时间,收货人省份,收货人城市,收货人区域
TAOBAO,ceres旗舰店,24d4513cebc1ed519aad3c1afc7e79e6,郭汉卿123,="1227856477763914195",普通订单,交易成功,,1,355.3,0.0,0.0,0.0,802.7,taojinbi，0.700000;掌柜推荐，772.000000;30，30.000000,,,2020-12-01 00:20:29,2020-12-01 00:20:34,,,2020-12-01 10:14:45,2020-12-11 10:14:55,浙江省,杭州市,西湖区,
TAOBAO,ceres旗舰店,7a2ae84b4b1ff3c8324a4d22146efd5d,yuqingyang6565,="1228443998363935493",普通订单,交易成功,,1,198.81,0.0,0.0,0.0,395.19,掌柜推荐，395.000000;taojinbi，0.190000,,多包点 东北的 温度低,2020-12-02 18:05:55,2020-12-02 18:06:03,,,2020-12-03 10:20:29,2020-12-13 10:20:37,吉林省,通化市,梅河口市,
TAOBAO,ceres旗舰店,59801d3c6ce2f5ad6000af186f790742,如水行深,="1228480862377684298",普通订单,交易成功,,1,367.79,0.0,0.0,0.0,829.21,taojinbi，1.210000;30，30.000000;掌柜推荐，798.000000,,,2020-12-02 19:50:15,2020-12-02 19:51:13,,,2020-12-03 10:20:30,2020-12-06 18:19:35,辽宁省,大连市,沙河口区,
TAOBAO,ceres旗舰店,5c0573b77db1e1070beaec266c336070,a15505883976,="1228494183563190596",普通订单,交易成功,,1,358.84,0.0,0.0,0.0,799.16,掌柜推荐，759.000000;30，30.000000;taojinbi，10.160000,,,2020-12-02 09:15:48,2020-12-02 09:15:52,,,2020-12-02 15:14:25,2020-12-12 15:14:36,浙江省,杭州市,拱墅区,
TAOBAO,ceres旗舰店,bdc62b749e0c7dd3b80dd5c6bec49e94,闫哥哥l,="1228727031753477988",普通订单,交易成功,,1,369.0,0.0,0.0,0.0,828.0,掌柜推荐，798.000000;30，30.000000,,,2020-12-02 19:34:25,2020-12-02 19:34:35,,,2020-12-03 10:20:29,2020-12-08 20:02:34,河北省,张家口市,崇礼区,
TAOBAO,ceres旗舰店,ae26f2812c66804dc00a0792595ee144,kakashi1205,="1228953857935231873",普通订单,交易成功,,1,857.35,0.0,0.0,0.0,1926.65,100，100.000000;掌柜推荐，1806.000000;taojinbi，20.650000,,,2020-12-04 01:14:18,2020-12-04 01:14:22,,,2020-12-04 15:16:12,2020-12-14 15:16:18,上海市,市辖区,杨浦区,
TAOBAO,ceres旗舰店,57afb11e9b46cb1913e6a83e9ce71c03,牛蛇戏大雕,="1228961201705807164",普通订单,交易成功,,1,368.71,0.0,0.0,0.0,828.29,taojinbi，0.290000;掌柜推荐，828.000000,,,2020-12-04 00:13:15,2020-12-04 00:13:21,,,2020-12-04 15:16:12,2020-12-14 15:16:15,浙江省,杭州市,江干区,
TAOBAO,ceres旗舰店,c024f451ee9be6edbea952f3dd4d80cd,shanyujun,="1229274445430388689",普通订单,交易成功,,1,324.76,0.0,0.0,0.0,833.24,30，30.000000;taojinbi，1.240000;掌柜推荐，802.000000,,,2020-12-04 16:04:02,2020-12-04 16:04:14,,,2020-12-04 17:39:12,2020-12-14 17:39:24,江苏省,苏州市,虎丘区,
TAOBAO,ceres旗舰店,d6d4f11b620c3c79f5e3712aa39871f3,绍兴钜丰,="1229954269726700196",普通订单,交易成功,,1,339.0,0.0,0.0,0.0,819.0,掌柜推荐，789.000000;30，30.000000,,,2020-12-06 15:42:43,2020-12-06 15:42:47,,,2020-12-06 17:51:32,2020-12-16 17:51:39,浙江省,绍兴市,嵊州市,
TAOBAO,ceres旗舰店,e190e6b9ccd7f85a0c2677e76b9a22a1,tb_479566,="1230580012541412863",普通订单,交易成功,,1,277.26,0.0,0.0,0.0,880.74,taojinbi，8.740000;掌柜推荐，802.000000;70，70.000000,,,2020-12-09 21:10:05,2020-12-09 21:10:11,,,2020-12-10 09:46:09,2020-12-20 09:54:42,浙江省,杭州市,余杭区,
TAOBAO,ceres旗舰店,270d3a3e84107710d84e33298201c176,sqf870927749,="1230765781463896898",普通订单,交易成功,,1,279.88,0.0,0.0,0.0,878.12,掌柜推荐，802.000000;taojinbi，6.120000;70，70.000000,,,2020-12-08 20:47:09,2020-12-08 20:47:14,,,2020-12-09 10:26:01,2020-12-12 17:42:33,浙江省,嘉兴市,海宁市,
TAOBAO,ceres旗舰店,436a79a762a2c6003a9e2febcc8e08c6,tb592760310,="1230781117245318191",普通订单,交易成功,,1,1068.0,0.0,0.0,0.0,1716.0,掌柜推荐，1716.000000,,,2020-12-08 21:37:37,2020-12-08 21:37:44,,,2020-12-09 10:26:02,2020-12-19 10:26:09,北京市,市辖区,东城区,
TAOBAO,ceres旗舰店,6a3d782b901c4351a979ed9ca4fc2942,免不了凄凉,="1230845822613748000",普通订单,交易成功,,1,366.58,0.0,0.0,0.0,791.42,taojinbi，2.420000;掌柜推荐，789.000000,,,2020-12-01 23:02:47,2020-12-01 23:02:53,,,2020-12-02 10:16:09,2020-12-07 19:00:29,吉林省,长春市,二道区,
TAOBAO,ceres旗舰店,6229cf89a8d3a0c49dfd3e6db144ff92,秋风落叶b11,="1231066158944493281",普通订单,交易成功,,1,320.73,0.0,0.0,0.0,837.27,taojinbi，8.270000;掌柜推荐，759.000000;70，70.000000,,仓库发错货  差价20元  已退,2020-12-09 12:22:56,2020-12-09 12:23:02,,,2020-12-09 15:18:28,2020-12-19 15:18:36,北京市,市辖区,东城区,
TAOBAO,ceres旗舰店,00952d2de077234133d4d9cf9dd80151,xpy18487361705,="1231114397023404070",普通订单,交易成功,,1,318.52,0.0,0.0,0.0,878.48,70，70.000000;taojinbi，10.480000;掌柜推荐，798.000000,,,2020-12-09 13:22:37,2020-12-09 13:23:07,,,2020-12-09 15:18:28,2020-12-11 13:10:20,湖北省,武汉市,,
TAOBAO,ceres旗舰店,e51b71d2d1ad796603d1140ed2a328c8,dragon孟先森,="1231179016396103583",普通订单,交易成功,,1,279.73,0.0,0.0,0.0,878.27,taojinbi，9.780000;2020年12.12天猫年终盛典快单满减，36.490000;年终盛典，832.000000,,,2020-12-10 00:05:57,2020-12-10 00:06:04,,,2020-12-10 10:38:42,2020-12-13 15:31:38,江苏省,南京市,六合区,
TAOBAO,ceres旗舰店,342cdfad5ee892328b6402d98a44c29c,tb975344_55,="1231516589747234571",普通订单,交易成功,,1,277.0,0.0,0.0,0.0,881.0,taojinbi，9.000000;70，70.000000;掌柜推荐，802.000000,,,2020-12-09 18:59:34,2020-12-09 18:59:39,,,2020-12-10 09:46:09,2020-12-20 09:55:37,广东省,深圳市,南山区,
TAOBAO,ceres旗舰店,35e867defbcb4a3bbd598ca3849f89d3,babyfat1995,="1231787562954888377",普通订单,交易成功,,1,286.76,0.0,0.0,0.0,910.24,2020年12.12天猫年终盛典快单满减，43.930000;taojinbi，8.310000;年终盛典，858.000000,,,2020-12-10 00:02:17,2020-12-10 00:02:24,,,2020-12-10 10:38:41,2020-12-20 11:26:08,上海市,市辖区,浦东新区,
TAOBAO,ceres旗舰店,cfddbe3923281866a4c3ec67e9452e14,猫老师0047,="1231935276574924399",普通订单,交易成功,,1,302.14,0.0,0.0,0.0,855.86,年终盛典，819.000000;taojinbi，10.170000;2020年12.12天猫年终盛典快单满减，26.690000,,,2020-12-12 22:22:32,2020-12-12 22:22:35,,,2020-12-13 10:50:49,2020-12-15 18:26:10,上海市,市辖区,宝山区,
TAOBAO,ceres旗舰店,649b302c8a451bca062114b104cb2854,归咎预谋,="1231985850725873469",普通订单,交易成功,,1,281.56,0.0,0.0,0.0,876.44,年终盛典，832.000000;taojinbi，9.780000;2020年12.12天猫年终盛典快单满减，34.660000,,,2020-12-10 00:04:56,2020-12-10 00:13:22,,,2020-12-10 10:40:07,2020-12-12 14:03:41,陕西省,西安市,碑林区,
TAOBAO,ceres旗舰店,138ae8a59ee386001a13086987e09af0,yong13283640617,="1232050722868343185",普通订单,交易成功,,1,310.11,0.0,0.0,0.0,847.89,年终盛典，802.000000;2020年12.12天猫年终盛典快单满减，45.890000,,,2020-12-10 00:08:03,2020-12-10 00:08:12,,,2020-12-10 10:38:42,2020-12-20 11:07:59,江苏省,无锡市,惠山区,
TAOBAO,ceres旗舰店,14265f679e13addb06e4d9f60062199f,wuxiyin,="1232162178147165063",普通订单,交易成功,,1,276.22,0.0,0.0,0.0,881.78,taojinbi，9.780000;2020年12.12天猫年终盛典快单满减，40.000000;年终盛典，832.000000,,,2020-12-10 00:13:53,2020-12-10 00:13:58,,,2020-12-10 10:38:41,2020-12-13 14:11:22,江苏省,无锡市,惠山区,
TAOBAO,ceres旗舰店,caa310232e1bc509a1229385066439a8,柯南的小内裤,="1232231371394194094",普通订单,交易成功,,1,321.83,0.0,0.0,0.0,875.17,taojinbi，5.380000;2020年12.12天猫年终盛典快单满减，41.790000;年终盛典，828.000000,,,2020-12-10 00:05:30,2020-12-10 00:05:37,,,2020-12-10 10:38:41,2020-12-20 11:00:04,江苏省,南京市,浦口区,
TAOBAO,ceres旗舰店,2b46284a4abdc08215413cdec5f731d3,wh40wh40,="1232282310536229367",普通订单,交易成功,,1,948.53,0.0,0.0,0.0,2615.47,2020年12.12天猫年终盛典快单满减，145.630000;taojinbi，33.840000;年终盛典，2436.000000,,多送白2*1【数云备注】,2020-12-10 00:26:50,2020-12-10 00:26:56,,,2020-12-10 10:40:07,2020-12-13 22:38:40,广东省,佛山市,顺德区,
TAOBAO,ceres旗舰店,04df36dd5ed32a236bc42812419f21dc,t_1510032437619_096,="1232295181583040901",普通订单,交易成功,,1,368.97,0.0,0.0,0.0,828.03,掌柜推荐，798.000000;taojinbi，0.030000;30，30.000000,,发顺丰！！！写生日祝语,2020-12-02 11:27:36,2020-12-02 11:27:46,,,2020-12-02 15:07:54,2020-12-12 10:37:53,福建省,宁德市,古田县,
TAOBAO,ceres旗舰店,10ae5dae9d372175ba310733fb6141f3,张志宁84,="1232372892070120092",普通订单,交易成功,,1,327.93,0.0,0.0,0.0,830.07,taojinbi，11.070000;30，30.000000;掌柜推荐，789.000000,,,2020-12-14 10:13:42,2020-12-14 10:13:45,,,2020-12-14 15:12:38,2020-12-16 13:35:12,广东省,广州市,花都区,
TAOBAO,ceres旗舰店,d78d58db9ea50aa80258cca100fcea2e,我的夏天lmx,="1232554291633717263",普通订单,交易成功,,2,582.22,0.0,0.0,0.0,1733.78,10，10.000000;2020年12.12天猫年终盛典快单满减，85.780000;年终盛典，1638.000000,,,2020-12-10 00:39:15,2020-12-10 00:39:21,,,2020-12-10 10:38:42,2020-12-20 10:54:02,上海市,市辖区,闵行区,
TAOBAO,ceres旗舰店,81994c221504fa9031ba43103cdc0a7e,zhaozefeng120,="1232632992118032388",普通订单,交易成功,,1,357.03,0.0,0.0,0.0,800.97,30，30.000000;taojinbi，11.970000;掌柜推荐，759.000000,,白2*1 红2*1 白2礼盒*1 红2礼盒*1 香槟杯*2 海马刀*1  小兔酒塞*1 报关单卫检 售后卡,2020-12-14 22:23:45,2020-12-14 22:24:01,,,2020-12-15 10:24:27,2020-12-25 10:24:34,山西省,大同市,,
TAOBAO,ceres旗舰店,3246557ba4d0c5ac025d3de6f62aad09,cassandra之猫,="1232739279945498001",普通订单,交易成功,,1,848.66,0.0,0.0,0.0,1935.34,掌柜推荐，1806.000000;100，100.000000;taojinbi，29.340000,,发顺丰,2020-12-03 16:03:29,2020-12-03 16:03:36,,,2020-12-03 17:35:05,2020-12-13 17:35:15,北京市,市辖区,朝阳区,
TAOBAO,ceres旗舰店,3246557ba4d0c5ac025d3de6f62aad09,cassandra之猫,="1232754829723498001",普通订单,交易成功,,1,848.66,0.0,0.0,0.0,1935.34,taojinbi，29.340000;掌柜推荐，1806.000000;100，100.000000,,发顺丰！！！,2020-12-03 16:02:28,2020-12-03 16:02:41,,,2020-12-03 17:35:05,2020-12-13 17:35:15,北京市,市辖区,朝阳区,
TAOBAO,ceres旗舰店,39ff8f4dd5d53c8a3a402d5015cc80b5,diamond8995,="1232831330533574712",普通订单,交易成功,,1,211.46,0.0,0.0,0.0,442.54,品牌促销，436.000000;taojinbi，6.540000,,退10元,2020-12-03 18:12:55,2020-12-03 18:13:08,,,2020-12-04 10:18:34,2020-12-07 21:45:34,广东省,珠海市,香洲区,
TAOBAO,ceres旗舰店,738d339f23f4978f75c01c9fc24ea232,itrethan,="1233196369415651000",普通订单,交易成功,,1,323.41,0.0,0.0,0.0,834.59,taojinbi，2.590000;30，30.000000;掌柜推荐，802.000000,,,2020-12-04 21:15:42,2020-12-04 21:15:48,,,2020-12-05 10:12:27,2020-12-15 10:12:33,重庆市,市辖区,江北区,
TAOBAO,ceres旗舰店,7b9b452b918605bc4b8af93a52497f7a,嘉儿柠檬茶,="1233218871161943304",普通订单,交易成功,,1,369.0,0.0,0.0,0.0,828.0,30，30.000000;掌柜推荐，798.000000,,发顺丰,2020-12-04 23:22:28,2020-12-04 23:22:33,,,2020-12-05 10:06:53,2020-12-15 10:07:09,北京市,市辖区,朝阳区,
TAOBAO,ceres旗舰店,7b9b452b918605bc4b8af93a52497f7a,嘉儿柠檬茶,="1233232765804943304",普通订单,交易成功,,1,339.0,0.0,0.0,0.0,819.0,掌柜推荐，789.000000;30，30.000000,,发顺丰,2020-12-04 23:08:59,2020-12-04 23:09:05,,,2020-12-05 10:06:24,2020-12-15 10:06:35,北京市,市辖区,朝阳区,
TAOBAO,ceres旗舰店,7b9b452b918605bc4b8af93a52497f7a,嘉儿柠檬茶,="1233236617488943304",普通订单,交易成功,,1,326.0,0.0,0.0,0.0,832.0,掌柜推荐，802.000000;30，30.000000,,发顺丰  白1*3  香槟杯*4  海马刀*1  冰酒礼袋*1  报关单卫检  售后卡 ,2020-12-04 23:22:47,2020-12-04 23:22:52,,,2020-12-05 10:05:45,2020-12-15 10:05:55,北京市,市辖区,朝阳区,
TAOBAO,ceres旗舰店,c30a20399f80bc62b593db0cbad81e37,tb782285056,="1233255480925846311",普通订单,交易成功,,1,358.72,0.0,0.0,0.0,838.28,30，30.000000;掌柜推荐，798.000000;taojinbi，10.280000,,,2020-12-05 00:53:59,2020-12-05 00:54:25,,,2020-12-05 10:12:26,2020-12-15 10:12:39,山东省,济南市,历下区,
TAOBAO,ceres旗舰店,4355e36dcc9226848b5f83e8c155c237,311珍,="1233297843553745199",普通订单,交易成功,,1,325.81,0.0,0.0,0.0,832.19,掌柜推荐，802.000000;30，30.000000;taojinbi，0.190000,,,2020-12-13 21:26:36,2020-12-13 21:26:40,,,2020-12-14 10:21:18,2020-12-24 10:21:27,浙江省,温州市,鹿城区,
TAOBAO,ceres旗舰店,d90ae927666c2f522b3e8f48208c68ab,lzsuperliu123,="1233472596470663401",普通订单,交易成功,,1,328.95,0.0,0.0,0.0,829.05,掌柜推荐，789.000000;taojinbi，10.050000;30，30.000000,,,2020-12-05 17:17:52,2020-12-05 17:18:00,,,2020-12-05 17:39:33,2020-12-15 17:39:45,四川省,成都市,温江区,
TAOBAO,ceres旗舰店,d90ae927666c2f522b3e8f48208c68ab,lzsuperliu123,="1233472633605663401",普通订单,交易成功,,1,339.0,0.0,0.0,0.0,819.0,掌柜推荐，789.000000;30，30.000000,,白1*1 白2*1 红1*1 海马刀倒酒器*1 报关单卫检售后卡,2020-12-05 17:19:09,2020-12-05 17:19:14,,,2020-12-05 17:39:33,2020-12-15 17:39:44,四川省,成都市,温江区,
TAOBAO,ceres旗舰店,d90ae927666c2f522b3e8f48208c68ab,lzsuperliu123,="1233473209281663401",普通订单,交易成功,,1,339.0,0.0,0.0,0.0,858.0,掌柜推荐，828.000000;30，30.000000,,,2020-12-05 17:18:42,2020-12-05 17:18:47,,,2020-12-05 17:39:32,2020-12-15 17:39:39,四川省,成都市,温江区,
TAOBAO,ceres旗舰店,8fcd2e1d610f71263febfab89bba9fad,小萌同学laka,="1233492171519031298",普通订单,交易成功,,1,367.44,0.0,0.0,0.0,829.56,taojinbi，1.560000;掌柜推荐，798.000000;30，30.000000,,不发货 等客户发贺卡过来 一起打包发出  发顺丰！,2020-12-14 14:21:26,2020-12-14 14:21:35,,,2020-12-17 17:57:28,2020-12-27 17:57:31,新疆维吾尔自治区,乌鲁木齐市,天山区,
TAOBAO,ceres旗舰店,04cf426b3218f2b89305b8333081e22f,xlsfsq,="1233611556803870709",普通订单,交易成功,,3,1031.52,0.0,0.0,0.0,2442.48,taojinbi，6.480000;30，30.000000;掌柜推荐，2406.000000,,,2020-12-06 00:02:00,2020-12-06 00:02:15,,,2020-12-06 10:31:07,2020-12-16 10:31:16,北京市,市辖区,东城区,
TAOBAO,ceres旗舰店,fdf67e43d546613de2daf46c5c4c9947,alxsea,="1233915973859293402",普通订单,交易成功,,1,323.82,0.0,0.0,0.0,834.18,taojinbi，2.180000;掌柜推荐，802.000000;30，30.000000,,,2020-12-06 20:58:17,2020-12-06 20:58:27,,,2020-12-07 10:10:45,2020-12-13 13:45:31,北京市,市辖区,通州区,
TAOBAO,ceres旗舰店,8e1eab87baad90c1b31176a5420d4a8c,duansiyi2868,="1233961358021146093",普通订单,交易成功,,1,339.0,0.0,0.0,0.0,858.0,30，30.000000;掌柜推荐，828.000000,,,2020-12-16 15:24:13,2020-12-16 15:24:22,,,2020-12-16 17:43:50,2020-12-23 21:26:57,云南省,昆明市,官渡区,
TAOBAO,ceres旗舰店,a83fbfa7be2da83965dc8a604f56972f,刘士才1688,="1234179458456359803",普通订单,交易成功,,1,317.03,0.0,0.0,0.0,879.97,掌柜推荐，798.000000;70，70.000000;taojinbi，11.970000,,,2020-12-07 17:07:23,2020-12-07 17:07:34,,,2020-12-07 17:36:26,2020-12-17 17:36:37,浙江省,金华市,金东区,
TAOBAO,ceres旗舰店,1e2fc1dc872e82250e2c1ac3704b2483,慕华与桦木,="1234195839122156207",普通订单,交易成功,,1,329.0,0.0,0.0,0.0,868.0,掌柜推荐，798.000000;70，70.000000,,,2020-12-07 19:58:08,2020-12-07 19:58:13,,,2020-12-08 10:28:53,2020-12-18 10:29:06,安徽省,宣城市,泾县,
TAOBAO,ceres旗舰店,5eb1f25b4732f8b4d208508494bfe2e2,cash1st,="1234232475667234289",普通订单,交易成功,,1,330.6,0.0,0.0,0.0,866.4,掌柜推荐，828.000000;taojinbi，8.400000;30，30.000000,,,2020-12-16 17:17:08,2020-12-16 17:17:15,,,2020-12-16 17:43:51,2020-12-26 17:44:06,浙江省,杭州市,西湖区,
TAOBAO,ceres旗舰店,d2518edebb29a850589be1c558784517,13176670777yue,="1234257721315886301",普通订单,交易成功,,1,289.0,0.0,0.0,0.0,869.0,taojinbi，10.000000;70，70.000000;掌柜推荐，789.000000,,,2020-12-07 21:37:23,2020-12-07 21:37:30,,,2020-12-08 10:28:53,2020-12-18 10:29:04,山东省,济南市,历下区,
TAOBAO,ceres旗舰店,079033d584c8c75f02d85fb6f729cb9b,多愁善感的小灰灰,="1234341998320521102",普通订单,交易成功,,1,918.26,0.0,0.0,0.0,1865.74,掌柜推荐，1756.000000;taojinbi，9.740000;100，100.000000,,发顺丰！！！,2020-12-08 14:16:28,2020-12-08 14:16:33,,,2020-12-08 15:09:23,2020-12-18 15:09:35,上海市,市辖区,杨浦区,
TAOBAO,ceres旗舰店,3eabed3ecfdd49383c462faea4f4616f,贱贱的灰太狼,="1234371229132321305",普通订单,交易成功,,1,419.86,0.0,0.0,0.0,1074.14,taojinbi，8.140000;70，70.000000;品牌促销，996.000000,,,2020-12-08 16:56:30,2020-12-08 16:56:44,,,2020-12-08 17:34:27,2020-12-18 11:15:48,安徽省,合肥市,蜀山区,
TAOBAO,ceres旗舰店,908b8901e37e2c19bae56ebe0904b10c,ywl645662214,="1234630526260538390",普通订单,交易成功,,1,327.93,0.0,0.0,0.0,869.07,15，15.000000;吃货购物券，15.000000;吃货价，828.000000;taojinbi，11.070000,,,2020-12-18 14:41:57,2020-12-18 14:42:06,,,2020-12-18 17:37:26,2020-12-24 19:12:58,四川省,泸州市,龙马潭区,
TAOBAO,ceres旗舰店,20a57208255dd5678e7c60e1f2921802,施琳婕,="1234649328938635402",普通订单,交易成功,,1,287.28,0.0,0.0,0.0,909.72,2020年12.12天猫年终盛典快单满减，41.550000;年终盛典，858.000000;taojinbi，10.170000,,,2020-12-10 00:48:59,2020-12-10 00:49:02,,,2020-12-10 10:40:07,2020-12-20 11:02:02,四川省,成都市,双流区,
TAOBAO,ceres旗舰店,183298d535e66cfa30d790f873be56f5,萌哒哒的查小莉,="1234662312993686396",普通订单,交易成功,,1,321.08,0.0,0.0,0.0,836.92,30，30.000000;掌柜推荐，802.000000;taojinbi，4.920000,,,2020-12-20 21:09:22,2020-12-20 21:09:34,,,2020-12-21 10:26:32,2020-12-31 10:26:43,重庆市,市辖区,沙坪坝区,
TAOBAO,ceres旗舰店,aeca859f623d268e7e1dcaebffc592c6,闫恺yk,="1234713770626401303",普通订单,交易成功,,1,288.83,0.0,0.0,0.0,908.17,taojinbi，10.170000;2020年12.12天猫年终盛典快单满减，40.000000;年终盛典，858.000000,,,2020-12-11 14:12:19,2020-12-11 14:12:24,,,2020-12-11 17:43:34,2020-12-21 17:43:42,湖南省,长沙市,岳麓区,
TAOBAO,ceres旗舰店,06b55052bd70a91a988a8362a5c145f2,haoboy000,="1234799808198427602",普通订单,交易成功,,1,299.47,0.0,0.0,0.0,897.53,年终盛典，858.000000;2020年12.12天猫年终盛典快单满减，29.360000;taojinbi，10.170000,麻烦寄到武汉市江岸区春兰街跃进家园A区8栋1单元1101 黄文娟15871779093,,2020-12-12 09:12:22,2020-12-12 09:12:31,,,2020-12-12 15:39:31,2020-12-22 15:40:54,湖北省,武汉市,江岸区,
TAOBAO,ceres旗舰店,93437b6f9c739f8374dddb66fea444d5,skykyozq,="1234812770781980601",普通订单,交易成功,,1,765.98,0.0,0.0,0.0,2018.02,taojinbi，11.570000;年终盛典，1866.000000;20，20.000000;2020年12.12天猫年终盛典快单满减，120.450000,,,2020-12-12 09:22:26,2020-12-12 09:22:33,,,2020-12-12 15:39:34,2020-12-22 15:40:28,广东省,中山市,,
TAOBAO,ceres旗舰店,32e10b96487a26cb85be5fcaf53b4c8c,橄榄柠檬茶,="1234816572091569994",普通订单,交易成功,,1,298.83,0.0,0.0,0.0,859.17,taojinbi，10.170000;双旦礼遇购物券，30.000000;礼遇价，819.000000,,,2020-12-21 11:26:56,2020-12-21 11:27:03,,,2020-12-21 15:21:04,2020-12-28 11:08:56,江西省,南昌市,东湖区,
TAOBAO,ceres旗舰店,29e697c515a9ae877fbb37046ee7506b,2009117914m,="1234970835403958091",普通订单,交易成功,,1,838.96,0.0,0.0,0.0,1945.04,taojinbi，29.040000;吃货价，1816.000000;吃货购物券，15.000000;85，85.000000,,,2020-12-18 19:22:26,2020-12-18 19:22:31,,,2020-12-19 10:32:47,2020-12-29 10:32:56,上海市,市辖区,浦东新区,
TAOBAO,ceres旗舰店,d71050dddc718f6c49456aba19b06355,lynn晗儿,="1235005896627120090",普通订单,交易成功,,1,287.09,0.0,0.0,0.0,870.91,礼遇价，832.000000;taojinbi，8.910000;双旦礼遇购物券，30.000000,,,2020-12-21 20:06:44,2020-12-21 20:06:51,,,2020-12-22 10:13:30,2021-01-01 10:13:37,浙江省,杭州市,西湖区,
TAOBAO,ceres旗舰店,9848b01bfd05bed6ce44bb052832d281,十三子b,="1235076205522408688",普通订单,交易成功,,1,160.35,0.0,0.0,0.0,433.65,吃货价，415.000000;吃货购物券，15.000000;taojinbi，3.650000,,,2020-12-19 22:48:52,2020-12-19 22:49:01,,,2020-12-20 10:18:53,2020-12-30 10:19:06,四川省,成都市,新都区,
TAOBAO,ceres旗舰店,152bda4614ed5ef2224e1d3c9287dd3b,李志鹏lzp1990,="1235111774740795788",普通订单,交易成功,,1,298.83,0.0,0.0,0.0,898.17,吃货价，858.000000;taojinbi，10.170000;吃货购物券，15.000000;15，15.000000,,,2020-12-19 21:31:48,2020-12-19 21:31:53,,,2020-12-20 10:18:52,2020-12-30 10:19:03,江西省,南昌市,青山湖区,
TAOBAO,ceres旗舰店,657c5285f639f745e5b37c431c943173,tb0615461_2012,="1235319721246902211",普通订单,交易成功,,1,348.82,0.0,0.0,0.0,809.18,掌柜推荐，772.000000;taojinbi，7.180000;30，30.000000,,,2020-12-14 00:33:53,2020-12-14 00:34:01,,,2020-12-14 10:21:18,2020-12-22 19:18:03,河北省,张家口市,桥东区,
TAOBAO,ceres旗舰店,6df5bfd743eea0d48661c50dfd048225,天天看书2011,="1235428824856948597",普通订单,交易成功,,1,918.0,0.0,0.0,0.0,1866.0,70，70.000000;礼遇价，1766.000000;双旦礼遇购物券，30.000000,,,2020-12-23 01:54:07,2020-12-23 01:54:13,,,2020-12-23 10:25:09,2020-12-26 22:12:57,河南省,洛阳市,洛龙区,
TAOBAO,ceres旗舰店,5591fbe25b2eb6a4ad75cfef1c066ccb,yunmi35,="1235434383850164103",普通订单,交易成功,,1,198.76,0.0,0.0,0.0,395.24,掌柜推荐，395.000000;taojinbi，0.240000,,不要放报关的卫检售后卡！,2020-12-14 13:59:00,2020-12-14 13:59:09,,,2020-12-14 15:12:37,2020-12-22 09:17:12,湖北省,武汉市,洪山区,
TAOBAO,ceres旗舰店,371a7415c25ae0893ff49ed238cd720c,墙角丶遇到你,="1235472891603877995",普通订单,交易成功,,1,334.42,0.0,0.0,0.0,862.58,30，30.000000;掌柜推荐，828.000000;taojinbi，4.580000,,白1红1自饮套餐*1 动物酒塞*1,2020-12-20 11:17:00,2020-12-20 11:17:05,,,2020-12-20 15:10:01,2020-12-27 00:47:16,湖北省,武汉市,洪山区,
TAOBAO,ceres旗舰店,d0800d2a9b340b6e67c9b292075ad857,tb42650281,="1235520444468212893",普通订单,交易成功,,1,308.43,0.0,0.0,0.0,849.57,礼遇价，819.000000;taojinbi，0.570000;双旦礼遇购物券，30.000000,,,2020-12-23 12:03:16,2020-12-23 12:03:22,,,2020-12-23 15:26:31,2020-12-30 17:28:27,吉林省,松原市,长岭县,
TAOBAO,ceres旗舰店,a07128ddd5d04aa8f57c09e70e128de4,t_1535163811926_0342,="1235551622338615097",普通订单,交易成功,,1,300.96,0.0,0.0,0.0,896.04,礼遇价，858.000000;双旦礼遇购物券，30.000000;taojinbi，8.040000,,白1红1自饮套餐*1  动物酒塞*1,2020-12-21 09:46:17,2020-12-21 09:46:20,,,2020-12-21 15:21:04,2020-12-31 15:21:16,山西省,太原市,小店区,
TAOBAO,ceres旗舰店,2b39a23fa7cf77ea6d43fa568ca494aa,王晓红197888,="1235601711867420800",普通订单,交易成功,,1,339.0,0.0,0.0,0.0,819.0,30，30.000000;掌柜推荐，789.000000,,,2020-12-14 22:11:02,2020-12-14 22:11:17,,,2020-12-15 10:11:56,2020-12-18 15:24:16,黑龙江省,牡丹江市,爱民区,
TAOBAO,ceres旗舰店,0ee9722568dc38daa6417ac9f23b103c,小子子52010,="1235643709517211995",普通订单,交易成功,,1,336.01,0.0,0.0,0.0,860.99,双旦礼遇购物券，30.000000;taojinbi，2.990000;礼遇价，828.000000,,,2020-12-21 16:26:26,2020-12-21 16:26:40,,,2020-12-21 17:39:40,2020-12-31 17:39:45,江苏省,镇江市,句容市,
TAOBAO,ceres旗舰店,36ead45457935a88193d06602543ac7a,stubbornjust,="1235708763487219289",普通订单,交易成功,,1,344.42,0.0,0.0,0.0,813.58,掌柜推荐，772.000000;taojinbi，11.580000;30，30.000000,,差价30   已退,2020-12-20 22:06:34,2020-12-20 22:06:39,,,2020-12-21 10:20:36,2020-12-24 22:32:36,江苏省,无锡市,江阴市,
TAOBAO,ceres旗舰店,846c3d77d32991a10c804ab426a610c2,liyong327118,="1235737705520148389",普通订单,交易成功,,1,338.79,0.0,0.0,0.0,858.21,双旦礼遇购物券，30.000000;礼遇价，828.000000;taojinbi，0.210000,,,2020-12-21 20:49:36,2020-12-21 20:49:40,,,2020-12-22 10:21:02,2020-12-25 14:35:44,山东省,东营市,东营区,
TAOBAO,ceres旗舰店,f611ecd8da6b91fd41f09c5d22d2cbc3,t_1508977650571_0374,="1235966606052868507",普通订单,交易成功,,1,193.03,0.0,0.0,0.0,400.97,taojinbi，5.970000;掌柜推荐，395.000000,,,2020-12-15 20:01:50,2020-12-15 20:02:00,,,2020-12-16 10:25:44,2020-12-26 10:25:56,广东省,广州市,番禺区,
TAOBAO,ceres旗舰店,52ea95fedf65ea2ab08ba3f914a4ea60,入戏太深99074,="1235968911542893700",普通订单,交易成功,,1,344.42,0.0,0.0,0.0,813.58,掌柜推荐，772.000000;taojinbi，11.580000;30，30.000000,,白2*2 香槟杯*6 白2礼盒*2 海马刀倒酒器*1 报关单卫检 售后卡,2020-12-15 22:55:42,2020-12-15 22:55:47,,,2020-12-16 10:25:43,2020-12-20 10:28:48,广东省,深圳市,龙岗区,
TAOBAO,ceres旗舰店,57752c2e563be0b884a1491ba159a1dc,qlt9233,="1236022551917190108",普通订单,交易成功,,1,363.11,0.0,0.0,0.0,833.89,30，30.000000;taojinbi，5.890000;掌柜推荐，798.000000,,写贺卡！！！ 白1*1 红1*1 白1礼盒*1 红1礼盒*1 香槟杯*2  海马刀*1  报关单卫检 售后卡,2020-12-16 08:50:54,2020-12-16 08:51:06,,,2020-12-16 09:23:01,2020-12-18 10:33:15,江苏省,苏州市,吴江区,
TAOBAO,ceres旗舰店,6059e362e18d88e835c924944e462a73,chanpochi,="1236025501888693303",普通订单,交易成功,,1,338.64,0.0,0.0,0.0,858.36,30，30.000000;掌柜推荐，828.000000;taojinbi，0.360000,,,2020-12-16 00:06:42,2020-12-16 00:06:46,,,2020-12-16 10:18:57,2020-12-19 14:24:12,上海市,市辖区,松江区,
TAOBAO,ceres旗舰店,54d68cfe398754846b5f1f209203664e,wangmeiyi2000,="1236042459562046706",普通订单,交易成功,,1,334.07,0.0,0.0,0.0,823.93,掌柜推荐，789.000000;taojinbi，4.930000;30，30.000000,,,2020-12-16 10:01:21,2020-12-16 10:01:26,,,2020-12-16 15:23:47,2020-12-26 15:23:53,吉林省,吉林市,丰满区,
TAOBAO,ceres旗舰店,d4390bf35c03464d8a1547834349b302,xiwei1002,="1236082440099146999",普通订单,交易成功,,1,308.97,0.0,0.0,0.0,888.03,礼遇价，858.000000;双旦礼遇购物券，30.000000;taojinbi，0.030000,,,2020-12-24 23:48:44,2020-12-24 23:48:49,,,2020-12-25 10:40:54,2021-01-04 10:41:07,海南省,海口市,龙华区,
TAOBAO,ceres旗舰店,d6da5d6f5d2dc722d24a38437e49a7ea,doris_chen3505,="1236103827529642393",普通订单,交易成功,,1,339.0,0.0,0.0,0.0,858.0,礼遇价，828.000000;双旦礼遇购物券，30.000000,,,2020-12-22 02:41:08,2020-12-22 02:41:12,,,2020-12-22 10:13:30,2021-01-01 10:13:36,上海市,市辖区,宝山区,
TAOBAO,ceres旗舰店,bae3d95d985c6fbea8c9ebc0d97e40da,杜甫食堂,="1236120218788089702",普通订单,交易成功,,1,315.32,0.0,0.0,0.0,842.68,taojinbi，10.680000;30，30.000000;掌柜推荐，802.000000,,,2020-12-16 10:55:14,2020-12-16 10:55:22,,,2020-12-16 15:23:14,2020-12-26 15:23:23,四川省,成都市,成华区,
TAOBAO,ceres旗舰店,8a5f9a0c4b86754688f734df24c66b09,考拉佳649466282,="1236176595479825900",普通订单,交易成功,,1,921.73,0.0,0.0,0.0,1862.27,掌柜推荐，1756.000000;100，100.000000;taojinbi，6.270000,,冰白冰红双支礼盒套餐*1  动物酒塞*1,2020-12-16 15:49:03,2020-12-16 15:49:09,,,2020-12-16 17:22:16,2020-12-26 17:22:28,江苏省,连云港市,东海县,
TAOBAO,ceres旗舰店,5d1b07218c10ee8543ceef9bbd7faff2,明月如霜7,="1236179173560226895",普通订单,交易成功,,2,596.69,0.0,0.0,0.0,30.0,30，30.000000,,发顺丰！！白3单支礼盒套餐*1 白1单支礼盒套餐*1 动物酒塞*2,2020-12-23 09:47:26,2020-12-23 09:47:30,,,2020-12-23 15:21:35,2021-01-01 11:41:50,上海市,市辖区,长宁区,
TAOBAO,ceres旗舰店,6df5bfd743eea0d48661c50dfd048225,天天看书2011,="1236195122260948597",普通订单,交易成功,,1,918.0,0.0,0.0,0.0,1866.0,70，70.000000;双旦礼遇购物券，30.000000;礼遇价，1766.000000,,,2020-12-23 01:52:58,2020-12-23 01:53:07,,,2020-12-23 10:25:08,2020-12-26 22:12:44,河南省,洛阳市,洛龙区,
TAOBAO,ceres旗舰店,c066f0a21968b4243b55553422a2de35,zhangwenjie212425,="1236202323627409791",普通订单,交易成功,,1,913.21,0.0,0.0,0.0,1870.79,礼遇价，1766.000000;taojinbi，4.790000;双旦礼遇购物券，30.000000;70，70.000000,,发顺丰！！！ 白3红3双支礼盒套餐*1 动物酒塞*1 ,2020-12-22 12:15:53,2020-12-22 12:21:18,,,2020-12-22 15:17:50,2021-01-01 15:17:57,浙江省,杭州市,江干区,
TAOBAO,ceres旗舰店,a9693ae3258f2039898f4aef3f007a84,xttd2019,="1236224643600232788",普通订单,交易成功,,1,291.16,0.0,0.0,0.0,866.84,礼遇价，832.000000;双旦礼遇购物券，30.000000;taojinbi，4.840000,,,2020-12-22 13:18:00,2020-12-22 13:18:05,,,2020-12-22 15:21:48,2020-12-24 14:32:01,广东省,广州市,天河区,
TAOBAO,ceres旗舰店,92e4b923c03d3d17a32b4dcc8e948953,t_1513088186166_0170,="1236272270585872197",普通订单,交易成功,,1,300.22,0.0,0.0,0.0,857.78,双旦礼遇购物券，30.000000;taojinbi，8.780000;礼遇价，819.000000,,白2红2自饮套餐*1 动物酒塞*1,2020-12-23 11:23:49,2020-12-23 11:23:54,,,2020-12-23 15:32:09,2020-12-27 09:22:12,福建省,泉州市,晋江市,
TAOBAO,ceres旗舰店,f3393563ede299d6f44305c94d899aa8,tb796950045,="1236289910883107991",普通订单,交易成功,,1,368.67,0.0,0.0,0.0,789.33,礼遇价，789.000000;taojinbi，0.330000,,白2红2典藏礼盒套餐*1 小兔酒塞*1,2020-12-23 12:02:30,2020-12-23 12:02:33,,,2020-12-23 15:32:08,2021-01-02 15:32:14,北京市,市辖区,海淀区,
TAOBAO,ceres旗舰店,ec7ff93bfe977ab6110f4148d446b93a,huajie0320,="1236313382168228692",普通订单,交易成功,,1,298.83,0.0,0.0,0.0,898.17,taojinbi，10.170000;双旦礼遇购物券，30.000000;礼遇价，858.000000,,,2020-12-23 13:00:43,2020-12-23 13:00:54,,,2020-12-23 15:32:09,2021-01-02 15:32:14,重庆市,市辖区,长寿区,
TAOBAO,ceres旗舰店,47f949167939c227acef6ad57fabe4af,幸福林水果店,="1236357674822295811",普通订单,交易成功,,2,708.0,0.0,0.0,0.0,1686.0,掌柜推荐，1656.000000;30，30.000000,,收到退15差价,2020-12-16 21:20:34,2020-12-16 21:21:16,,,2020-12-17 10:27:23,2020-12-27 10:27:34,浙江省,杭州市,富阳区,
TAOBAO,ceres旗舰店,afa8d526832a5739e35a0a7a02a60d4f,tb5560023_2011,="1236417853030402389",普通订单,交易成功,,1,286.22,0.0,0.0,0.0,871.78,taojinbi，9.780000;礼遇价，832.000000;双旦礼遇购物券，30.000000,,,2020-12-23 20:50:50,2020-12-23 20:50:59,,,2020-12-24 10:28:41,2021-01-03 10:28:53,广东省,广州市,白云区,
TAOBAO,ceres旗舰店,4c74a36148366628307d888108605558,alexl刘,="1236549687749939696",普通订单,交易成功,,1,298.83,0.0,0.0,0.0,859.17,礼遇价，819.000000;双旦礼遇购物券，30.000000;taojinbi，10.170000,,发顺丰！ 白2红2典藏自饮套餐*1 黑猫酒塞*1,2020-12-23 12:37:08,2020-12-23 12:37:12,,,2020-12-23 15:21:35,2020-12-27 20:39:13,上海市,市辖区,徐汇区,
TAOBAO,ceres旗舰店,16628b76c699cad70952e3f20d6648d2,tb4414030_2013,="1236580682856298398",普通订单,交易成功,,1,329.57,0.0,0.0,0.0,867.43,双旦礼遇购物券，30.000000;taojinbi，9.430000;礼遇价，828.000000,,,2020-12-24 10:17:44,2020-12-24 10:17:52,,,2020-12-24 15:21:50,2020-12-27 12:55:36,黑龙江省,哈尔滨市,南岗区,
TAOBAO,ceres旗舰店,a241c99dde9fece9a09c937271e063a5,kevin_yang1992,="1236623378217263488",普通订单,交易成功,,1,316.22,0.0,0.0,0.0,841.78,礼遇价，832.000000;taojinbi，9.780000,,,2020-12-24 11:50:01,2020-12-24 11:50:08,,,2020-12-24 15:21:51,2021-01-03 15:22:06,黑龙江省,哈尔滨市,道里区,
TAOBAO,ceres旗舰店,15d7d8644971324c0192edd94e422fda,jackyg777,="1236644053825201906",普通订单,交易成功,,1,327.93,0.0,0.0,0.0,869.07,15，15.000000;taojinbi，11.070000;吃货价，828.000000;吃货购物券，15.000000,,,2020-12-17 19:29:38,2020-12-17 19:29:45,,,2020-12-18 10:34:55,2020-12-28 10:35:07,上海市,市辖区,松江区,
TAOBAO,ceres旗舰店,b51136b732ff20ed3d8d61b2fbd8b4e8,1183693175zala,="1236728714092748090",普通订单,交易成功,,1,298.83,0.0,0.0,0.0,898.17,双旦礼遇购物券，30.000000;礼遇价，858.000000;taojinbi，10.170000,请今天发货，确保明天寄到，谢谢！,发顺丰 ,2020-12-24 17:14:55,2020-12-24 17:15:01,,,2020-12-24 17:26:46,2021-01-03 17:26:54,上海市,市辖区,闵行区,
TAOBAO,ceres旗舰店,ea6604144b3ad3b7da09cdf824c3947b,fcb灬尼莫,="1236804673177031691",普通订单,交易成功,,1,298.83,0.0,0.0,0.0,898.17,taojinbi，10.170000;礼遇价，858.000000;双旦礼遇购物券，30.000000,,,2020-12-25 00:34:16,2020-12-25 00:34:19,,,2020-12-25 10:40:56,2021-01-04 10:41:03,江苏省,南通市,崇川区,
TAOBAO,ceres旗舰店,bc1e83640e92aff59f90b9b783272d4f,终究还是错了l,="1236824630261481309",普通订单,交易成功,,1,286.22,0.0,0.0,0.0,871.78,吃货购物券，15.000000;吃货价，832.000000;15，15.000000;taojinbi，9.780000,,发顺丰！！！白1双支自饮套餐*1  动物酒塞*1,2020-12-18 10:27:44,2020-12-18 11:07:09,,,2020-12-18 15:02:10,2020-12-28 15:02:20,天津市,市辖区,津南区,
TAOBAO,ceres旗舰店,50dfcf08105486a00195ae97a3af66c7,t_1488603666361_047,="1236865491291434306",普通订单,交易成功,,1,336.14,0.0,0.0,0.0,860.86,吃货价，828.000000;taojinbi，2.860000;吃货购物券，15.000000;15，15.000000,,,2020-12-18 14:30:52,2020-12-18 14:30:59,,,2020-12-18 17:37:26,2020-12-21 19:35:44,上海市,市辖区,宝山区,
TAOBAO,ceres旗舰店,0b7753d07755fcbe550c1c2185902528,潘晓峰_66,="1236913033873694391",普通订单,交易成功,,1,339.0,0.0,0.0,0.0,819.0,双旦礼遇购物券，30.000000;礼遇价，789.000000,,,2020-12-25 12:44:53,2020-12-25 12:44:59,,,2020-12-25 15:25:19,2021-01-04 15:25:24,广东省,佛山市,顺德区,
TAOBAO,ceres旗舰店,fc47ab90cf09355d6ad7b60f97b878fc,chloe16666,="1236961719360154209",普通订单,交易成功,,1,301.22,0.0,0.0,0.0,856.78,15，15.000000;taojinbi，9.780000;吃货价，832.000000,,,2020-12-18 19:07:18,2020-12-18 19:07:32,,,2020-12-19 10:32:46,2020-12-29 10:32:57,上海市,市辖区,静安区,
TAOBAO,ceres旗舰店,4bea082b1aaba6c38829ed4248c42bfb,commzoyzoyo,="1237105560003042599",普通订单,交易成功,,1,309.0,0.0,0.0,0.0,849.0,服饰百货购物券，30.000000;狂欢价，819.000000,,发顺丰  白2*1  红2*1  香槟杯*2  海马刀*1  黑猫酒塞*1  报关单卫检  售后卡 ,2020-12-28 08:47:13,2020-12-28 08:47:20,,,2020-12-28 09:14:52,2021-01-07 09:15:06,广东省,珠海市,香洲区,
TAOBAO,ceres旗舰店,1c2f686f18aa3ac2423c18f0db04c763,冉鸣商贸,="1237125984472482205",普通订单,交易成功,,1,1018.0,0.0,0.0,0.0,1766.0,吃货价，1766.000000,不要放价格，发货单，店铺信息,白3红3礼盒套餐*1  动物酒塞*1,2020-12-19 09:37:46,2020-12-19 09:37:52,,,2020-12-19 15:27:14,2020-12-29 15:27:25,湖北省,武汉市,汉阳区,
TAOBAO,ceres旗舰店,600d423eedfcd5185d43d3cd2d66a2ad,幸福牛牛1974,="1237141382074275287",普通订单,交易成功,,1,295.97,0.0,0.0,0.0,862.03,taojinbi，0.030000;礼遇价，832.000000;双旦礼遇购物券，30.000000,,,2020-12-25 21:36:30,2020-12-25 21:36:42,,,2020-12-26 10:26:11,2021-01-05 10:26:27,江西省,上饶市,信州区,
TAOBAO,ceres旗舰店,68983f6d8e8a90cf06ea178efa55646e,猪猪乾坤a,="1237149600026730405",普通订单,交易成功,,1,331.44,0.0,0.0,0.0,826.56,吃货购物券，15.000000;taojinbi，7.560000;15，15.000000;吃货价，789.000000,,,2020-12-19 10:43:03,2020-12-19 10:43:08,,,2020-12-19 15:27:15,2020-12-29 15:27:25,陕西省,西安市,邑区,
TAOBAO,ceres旗舰店,03befdd5b1410ba6a43621abbab21389,郑冰晴,="1237163568150612508",普通订单,交易成功,,1,308.97,0.0,0.0,0.0,849.03,吃货购物券，15.000000;吃货价，819.000000;15，15.000000;taojinbi，0.030000,,,2020-12-19 11:12:05,2020-12-19 11:12:12,,,2020-12-19 15:27:15,2020-12-29 15:27:26,江苏省,徐州市,沛县,
TAOBAO,ceres旗舰店,6beb07baece92e8e68d428c40d236584,偶妈高,="1237165176978485989",普通订单,交易成功,,1,328.83,0.0,0.0,0.0,829.17,taojinbi，10.170000;狂欢价，819.000000,,,2020-12-28 11:39:03,2020-12-28 11:39:22,,,2020-12-28 15:48:28,2021-01-07 15:48:38,浙江省,宁波市,北仑区,
TAOBAO,ceres旗舰店,1c09ea83bac0c138c065e85ec73028b3,tb99044694,="1237209636458466097",普通订单,交易成功,,1,329.74,0.0,0.0,0.0,867.26,taojinbi，9.260000;狂欢价，858.000000,,,2020-12-28 13:32:16,2020-12-28 13:32:28,,,2020-12-28 15:48:28,2021-01-07 15:48:33,江苏省,无锡市,滨湖区,
TAOBAO,ceres旗舰店,0b7753d07755fcbe550c1c2185902528,潘晓峰_66,="1237213491970694391",普通订单,交易成功,,1,338.83,0.0,0.0,0.0,819.17,双旦礼遇购物券，30.000000;taojinbi，0.170000;礼遇价，789.000000,,,2020-12-25 12:41:25,2020-12-25 12:41:31,,,2020-12-25 15:25:21,2021-01-04 15:25:32,广东省,佛山市,顺德区,
TAOBAO,ceres旗舰店,64f970014d6e5c4e70bd789828dc0f6f,猫和鱼497,="1237392696719141093",普通订单,交易成功,,1,327.93,0.0,0.0,0.0,830.07,taojinbi，11.070000;服饰百货购物券，30.000000;狂欢价，789.000000,,,2020-12-28 22:51:16,2020-12-28 22:51:21,,,2020-12-29 16:32:25,2021-01-01 17:54:48,北京市,市辖区,丰台区,
TAOBAO,ceres旗舰店,64f970014d6e5c4e70bd789828dc0f6f,猫和鱼497,="1237393164806141093",普通订单,交易成功,,1,298.83,0.0,0.0,0.0,898.17,狂欢价，858.000000;服饰百货购物券，30.000000;taojinbi，10.170000,,白1红1双支自饮套餐*1 动物酒塞*1 报关单卫检 售后卡,2020-12-28 22:53:33,2020-12-28 22:53:39,,,2020-12-29 16:32:25,2020-12-30 20:18:21,上海市,市辖区,浦东新区,
TAOBAO,ceres旗舰店,76b7a3cba949b1f20fc5b41e18049abb,t_1496765017025_0924,="1237661511388363295",普通订单,交易成功,,1,398.0,0.0,0.0,0.0,976.0,30，30.000000;掌柜推荐，946.000000,,,2020-12-26 18:45:24,2020-12-26 18:45:29,,,2020-12-27 10:24:36,2021-01-06 10:24:42,广东省,深圳市,龙岗区,
TAOBAO,ceres旗舰店,04f36736e28639653a5408f57219be36,brooks117,="1237760689436685698",普通订单,交易成功,,1,386.0,0.0,0.0,0.0,772.0,掌柜推荐，772.000000,今天发货,,2020-12-27 21:11:36,2020-12-27 21:11:49,,,2020-12-28 15:48:28,2021-01-07 15:48:34,浙江省,杭州市,富阳区,
TAOBAO,ceres旗舰店,f281be4fcc685844e9f718efe5572f5c,somethingblur,="1237778991891238506",普通订单,交易成功,,1,327.93,0.0,0.0,0.0,830.07,双旦礼遇购物券，30.000000;礼遇价，789.000000;taojinbi，11.070000,,,2020-12-21 00:16:08,2020-12-21 00:16:12,,,2020-12-21 10:20:36,2020-12-23 12:31:08,上海市,市辖区,松江区,
TAOBAO,ceres旗舰店,e10349a734966e2983b78cb52ea3ba47,oldbugbug,="1237826940144131312",普通订单,交易成功,,1,295.21,0.0,0.0,0.0,862.79,taojinbi，0.790000;双旦礼遇购物券，30.000000;礼遇价，832.000000,,,2020-12-21 06:15:46,2020-12-21 06:15:54,,,2020-12-21 10:20:37,2020-12-31 10:20:44,上海市,市辖区,奉贤区,
TAOBAO,ceres旗舰店,6155ca0f8a12f5be0e9105ed76e0a6b9,mrq5277,="1237834574081306109",普通订单,交易成功,,1,339.0,0.0,0.0,0.0,858.0,双旦礼遇购物券，30.000000;礼遇价，828.000000,,,2020-12-21 00:03:19,2020-12-21 00:03:23,,,2020-12-21 10:20:36,2020-12-31 10:20:48,江苏省,南京市,浦口区,
TAOBAO,ceres旗舰店,635fd854b8c217d55638a209c702130c,随便看看969,="1237887804725394898",普通订单,交易成功,,1,326.0,0.0,0.0,0.0,832.0,狂欢价，832.000000,,,2020-12-30 14:08:22,2020-12-30 14:08:37,,,2020-12-30 17:45:26,2021-01-09 17:45:33,浙江省,温州市,永嘉县,
TAOBAO,ceres旗舰店,02b017cd9a2a9b4a29fb080ff1eab878,遗忘了什么1,="1237972658285176298",普通订单,交易成功,,1,339.0,0.0,0.0,0.0,819.0,狂欢价，819.000000,,,2020-12-28 13:25:49,2020-12-28 13:25:53,,,2020-12-28 15:48:28,2021-01-07 15:48:34,浙江省,杭州市,西湖区,
TAOBAO,ceres旗舰店,71c055ec8445ff7ff1320aac8b9f111f,汪洋小舟190010,="1237979437957154211",普通订单,交易成功,,1,289.53,0.0,0.0,0.0,868.47,礼遇价，832.000000;双旦礼遇购物券，30.000000;taojinbi，6.470000,,,2020-12-21 15:08:17,2020-12-21 15:08:29,,,2020-12-21 17:39:40,2020-12-31 17:39:48,重庆市,市辖区,渝北区,
TAOBAO,ceres旗舰店,2549c1aba779033460451e88398ab9bc,stormyangking,="1237998768848423601",普通订单,交易成功,,1,806.6,0.0,0.0,0.0,1977.4,礼遇价，1866.000000;双旦礼遇购物券，30.000000;taojinbi，11.400000;70，70.000000,,发顺丰！！！白3双支礼盒套餐*1 动物酒塞*1,2020-12-21 15:35:59,2020-12-21 15:36:07,,,2020-12-21 17:33:51,2020-12-22 12:52:58,上海市,市辖区,徐汇区,
TAOBAO,ceres旗舰店,b0cda027049fd7f2f3adac9014e840c5,chenqimike,="1238122429533692305",普通订单,交易成功,,1,329.41,0.0,0.0,0.0,867.59,双旦礼遇购物券，30.000000;taojinbi，9.590000;礼遇价，828.000000,,,2020-12-21 21:44:14,2020-12-21 21:44:25,,,2020-12-22 10:13:30,2020-12-24 19:07:33,上海市,市辖区,徐汇区,
TAOBAO,ceres旗舰店,48bd157cbc781838fa260c76edd1f293,victorsherman,="1238156415595944100",普通订单,交易成功,,1,173.63,0.0,0.0,0.0,420.37,taojinbi，5.370000;礼遇价，415.000000,,,2020-12-22 02:21:19,2020-12-22 02:21:48,,,2020-12-22 10:21:01,2020-12-25 13:37:12,广东省,广州市,番禺区,
TAOBAO,ceres旗舰店,034c1b05143c3b91dd14c179e0d6b994,南溪豆腐,="1238214770299048800",普通订单,交易成功,,1,803.7,0.0,0.0,0.0,1980.3,双旦礼遇购物券，30.000000;礼遇价，1866.000000;70，70.000000;taojinbi，14.300000,,,2020-12-22 00:48:57,2020-12-22 00:49:02,,,2020-12-22 10:21:05,2021-01-01 10:21:13,北京市,市辖区,西城区,
TAOBAO,ceres旗舰店,0c630ac02a251293067ea400c452c4dc,zyf19911210,="1238234595959117490",普通订单,交易成功,,1,326.0,0.0,0.0,0.0,832.0,服饰百货购物券，30.000000;狂欢价，802.000000,,,2020-12-28 14:11:00,2020-12-28 14:11:04,,,2020-12-28 17:35:50,2021-01-07 17:35:55,浙江省,杭州市,滨江区,
TAOBAO,ceres旗舰店,e49e66feaa22ff022ce623ef9703f251,andyjong2006,="1238258139240008094",普通订单,交易成功,,1,304.45,0.0,0.0,0.0,853.55,狂欢价，819.000000;taojinbi，4.550000;服饰百货购物券，30.000000,,,2020-12-28 15:30:03,2020-12-28 15:30:11,,,2020-12-28 17:35:50,2021-01-07 17:35:55,江苏省,南京市,鼓楼区,
TAOBAO,ceres旗舰店,302e2143b7f3192a903a5139db714936,tb570990282,="1238261751665420109",普通订单,交易成功,,1,839.68,0.0,0.0,0.0,1944.32,70，70.000000;taojinbi，8.320000;礼遇价，1866.000000,,发顺丰！！！ 白3双支礼盒套餐*1  白猫酒塞*1   退差价30 已退,2020-12-22 12:23:52,2020-12-22 12:23:57,,,2020-12-22 15:17:51,2020-12-24 18:15:03,浙江省,温州市,乐清市,
TAOBAO,ceres旗舰店,4ed86de785c368db82c9cb063d5e372c,t_1481341216386_0511,="1238294282105609489",普通订单,交易成功,,1,337.47,0.0,0.0,0.0,859.53,狂欢价，828.000000;服饰百货购物券，30.000000;taojinbi，1.530000,,,2020-12-29 12:45:49,2020-12-29 12:45:54,,,2020-12-29 16:32:25,2021-01-08 16:32:35,上海市,市辖区,徐汇区,
TAOBAO,ceres旗舰店,200e338f9de746baf5991a0e7861cb54,支葵千里哈,="1238346312381610109",普通订单,交易成功,,1,295.98,0.0,0.0,0.0,862.02,礼遇价，832.000000;taojinbi，0.020000;双旦礼遇购物券，30.000000,,,2020-12-22 15:11:14,2020-12-22 15:11:19,,,2020-12-22 17:37:07,2021-01-01 10:46:56,江苏省,扬州市,江都区,
TAOBAO,ceres旗舰店,e8571e370065c38a83db6085a5dd4be1,黑猫警长小黑喵,="1238352001520172604",普通订单,交易成功,,1,189.0,0.0,0.0,0.0,405.0,礼遇价，405.000000,,发顺丰！！！白1单支礼盒套餐*1 白狗酒塞*1 ,2020-12-22 16:12:52,2020-12-22 16:14:01,,,2020-12-22 17:22:20,2021-01-01 17:22:23,吉林省,长春市,绿园区,
TAOBAO,ceres旗舰店,5f3e0c153ef52e71e4cbfccecfe7d7ba,mumuyu1977,="1238394291329224591",普通订单,交易成功,,1,356.06,0.0,0.0,0.0,1017.94,taojinbi，11.940000;服饰百货购物券，30.000000;狂欢价，976.000000,,甄选自饮红1双支*1 动物酒塞*1 报关单卫检 售后卡,2020-12-28 22:20:17,2020-12-28 22:20:22,,,2020-12-29 16:32:27,2021-01-08 16:32:34,北京市,市辖区,大兴区,
TAOBAO,ceres旗舰店,83cf62816bec1f7e8bda5801afe8933c,wangkangicbc,="1238421195243015901",普通订单,交易成功,,1,298.83,0.0,0.0,0.0,898.17,礼遇价，858.000000;taojinbi，10.170000;双旦礼遇购物券，30.000000,,,2020-12-22 19:52:39,2020-12-22 19:52:44,,,2020-12-23 10:25:10,2021-01-02 10:25:15,河北省,廊坊市,固安县,
TAOBAO,ceres旗舰店,ba68085ab7d73f1ac0f311da044a47d3,emma19901005,="1238422994776705502",普通订单,交易成功,,1,315.32,0.0,0.0,0.0,842.68,taojinbi，10.680000;礼遇价，802.000000;双旦礼遇购物券，30.000000,,,2020-12-22 17:09:47,2020-12-22 17:09:53,,,2020-12-22 17:37:08,2020-12-25 20:11:53,浙江省,嘉兴市,海宁市,
TAOBAO,ceres旗舰店,bd9ebd9da5024b89f83197855d2a348a,陈欣芸66,="1238433614573941110",普通订单,交易成功,,1,362.76,0.0,0.0,0.0,834.24,礼遇价，828.000000;taojinbi，6.240000,,,2020-12-22 17:39:14,2020-12-22 17:39:30,,,2020-12-23 10:25:08,2021-01-02 10:25:16,江苏省,镇江市,丹阳市,
TAOBAO,ceres旗舰店,e10349a734966e2983b78cb52ea3ba47,oldbugbug,="1238435160284131312",普通订单,交易成功,,1,326.0,0.0,0.0,0.0,832.0,礼遇价，802.000000;双旦礼遇购物券，30.000000,,发顺丰 白1*2  白1礼盒*2  开瓶器*1  香槟杯*2  冰酒礼袋*1 海马刀*1 报关单卫检  售后卡 退30  已退,2020-12-22 19:22:34,2020-12-22 19:22:42,,,2020-12-23 09:02:36,2020-12-24 10:14:43,上海市,市辖区,奉贤区,
TAOBAO,ceres旗舰店,8d108fdfc56227bfe0813fd379b1044f,oliviahuangrong,="1238477989214237297",普通订单,交易成功,,1,286.27,0.0,0.0,0.0,871.73,狂欢价，832.000000;服饰百货购物券，30.000000;taojinbi，9.730000,,,2020-12-29 23:39:05,2020-12-29 23:39:11,,,2020-12-30 16:25:14,2021-01-09 16:25:27,广东省,深圳市,罗湖区,
TAOBAO,ceres旗舰店,f9e0fc6978cb71ae395568406597dff7,李sirlove,="1238543005977957389",普通订单,交易成功,,1,327.93,0.0,0.0,0.0,869.07,服饰百货购物券，30.000000;狂欢价，828.000000;taojinbi，11.070000,,白1红1礼盒套餐*1  黑钻酒塞*1,2020-12-30 10:41:44,2020-12-30 10:41:50,,,2020-12-30 16:25:14,2021-01-09 16:25:23,福建省,南平市,浦城县,
TAOBAO,ceres旗舰店,393e87a7b413a7e53e340d47ee752008,77王爷,="1238581824746178701",普通订单,交易成功,,1,328.83,0.0,0.0,0.0,868.17,taojinbi，10.170000;礼遇价，858.000000,,白1红1甄选自饮套餐*1 黑砖酒塞*1,2020-12-23 10:24:23,2020-12-23 10:24:27,,,2020-12-23 15:32:09,2020-12-26 20:29:38,上海市,市辖区,徐汇区,
TAOBAO,ceres旗舰店,67e918b0257fc4c64972e34a3b4263f9,addiexy,="1238667147854041905",普通订单,交易成功,,1,298.83,0.0,0.0,0.0,859.17,礼遇价，819.000000;taojinbi，10.170000;双旦礼遇购物券，30.000000,,,2020-12-24 10:05:40,2020-12-24 10:05:44,,,2020-12-24 15:20:41,2020-12-27 23:28:33,浙江省,杭州市,淳安县,
TAOBAO,ceres旗舰店,6c76bb84a93225c5fa17181ade460357,tb727020,="1238815921390052698",普通订单,交易成功,,1,327.93,0.0,0.0,0.0,830.07,狂欢价，789.000000;服饰百货购物券，30.000000;taojinbi，11.070000,,白2红2礼盒套餐*1 动物酒塞*1,2020-12-31 02:27:02,2020-12-31 02:27:08,,,2020-12-31 16:30:28,2021-01-10 16:30:33,湖南省,长沙市,芙蓉区,
TAOBAO,ceres旗舰店,19ac0dc86206070250ab793d40b41217,丹丹19840713,="1238961876732563809",普通订单,交易成功,,1,309.0,0.0,0.0,0.0,888.0,礼遇价，858.000000;双旦礼遇购物券，30.000000,,,2020-12-24 22:43:55,2020-12-24 22:43:58,,,2020-12-25 10:40:57,2021-01-04 10:41:10,湖南省,长沙市,长沙县,
TAOBAO,ceres旗舰店,b234a8d8ad52898ed40ca7f84f34b49f,tb740254534,="1239021063616704906",普通订单,交易成功,,1,304.37,0.0,0.0,0.0,853.63,礼遇价，819.000000;双旦礼遇购物券，30.000000;taojinbi，4.630000,,,2020-12-25 10:48:23,2020-12-25 10:48:27,,,2020-12-25 15:25:20,2020-12-28 17:29:20,山东省,临沂市,兰山区,
TAOBAO,ceres旗舰店,374913c8e06c3ce90776afbbe58bb6f6,tb_6944214,="1239028152217606707",普通订单,交易成功,,1,183.33,0.0,0.0,0.0,410.67,taojinbi，5.670000;礼遇价，405.000000,,,2020-12-25 09:55:27,2020-12-25 09:55:37,,,2020-12-25 15:25:21,2021-01-04 15:25:26,浙江省,舟山市,普陀区,
TAOBAO,ceres旗舰店,b86d0d97ddd13837a175cd3a313ef4ea,南宫颜,="1239161485402600698",普通订单,交易成功,,1,298.83,0.0,0.0,0.0,898.17,taojinbi，10.170000;狂欢价，858.000000;服饰百货购物券，30.000000,,白1红1双支自饮套餐*1  动物酒塞*1 ,2021-01-01 08:56:08,2021-01-01 08:56:16,,,2021-01-01 16:51:22,2021-01-11 16:51:36,浙江省,宁波市,江北区,
TAOBAO,ceres旗舰店,85ca12fbe29c9734231a58583cf68be7,a1057191049,="1239336494878914311",普通订单,交易成功,,1,338.61,0.0,0.0,0.0,858.39,taojinbi，0.390000;礼遇价，828.000000;双旦礼遇购物券，30.000000,,发顺丰,2020-12-25 23:04:02,2020-12-25 23:04:06,,,2020-12-26 10:21:52,2021-01-05 10:22:06,广东省,江门市,新会区,
TAOBAO,ceres旗舰店,59b9472f860f2a51c60155eb809cff7b,张亦桐198,="1239398978419863288",普通订单,交易成功,,1,358.81,0.0,0.0,0.0,838.19,taojinbi，0.190000;服饰百货购物券，30.000000;狂欢价，808.000000,,白1*1  红1*1 白1礼盒*1 香槟杯*2 海马刀倒酒器*1 报关单卫检 售后卡  收到退15,2021-01-01 18:25:11,2021-01-01 18:25:16,,,2021-01-02 16:23:47,2021-01-08 20:08:07,上海市,市辖区,宝山区,
TAOBAO,ceres旗舰店,babb02c8ade36d81106d699f55141dca,ximieai0105,="1239541248642837190",普通订单,交易成功,,1,344.42,0.0,0.0,0.0,813.58,taojinbi，11.580000;掌柜推荐，772.000000;30，30.000000,,,2021-01-04 11:40:38,2021-01-04 11:40:47,,,2021-01-04 16:16:24,2021-01-05 19:22:40,江苏省,常州市,天宁区,
TAOBAO,ceres旗舰店,af1da65da773dd021a84b6a8fa35aca6,嘻嘻嘻烦烦烦,="1239654588604279400",普通订单,交易成功,,1,338.52,0.0,0.0,0.0,819.48,taojinbi，0.480000;30，30.000000;掌柜推荐，789.000000,,,2020-12-26 23:40:33,2020-12-26 23:40:41,,,2020-12-27 10:24:37,2021-01-06 10:24:44,河南省,南阳市,卧龙区,
TAOBAO,ceres旗舰店,49dc955c471a5f0f24dd404d2cd97cd5,莫名堂01,="1239686112873898995",普通订单,交易成功,,3,967.25,0.0,0.0,0.0,100.0,100，100.000000,,,2021-01-04 18:32:19,2021-01-04 18:32:23,,,2021-01-05 16:09:56,2021-01-15 16:10:07,四川省,成都市,温江区,
TAOBAO,ceres旗舰店,f167e7c857fcfb398e1e64b7f841cc3c,ysshen1206,="1239922177636379111",普通订单,交易成功,,1,339.0,0.0,0.0,0.0,858.0,30，30.000000;掌柜推荐，828.000000,,,2020-12-27 19:52:05,2020-12-27 19:52:09,,,2020-12-28 15:59:07,2020-12-31 13:07:06,北京市,市辖区,海淀区,
TAOBAO,ceres旗舰店,4bb14e3a94ecaa256a69ddd6b8803e03,伤离别玩我,="1239967094089771897",普通订单,交易成功,,1,369.0,0.0,0.0,0.0,828.0,30，30.000000;掌柜推荐，798.000000,,白1红1双支礼盒套餐*1  动物酒塞*1 ,2021-01-03 11:50:19,2021-01-03 11:50:30,,,2021-01-03 16:11:50,2021-01-13 16:11:55,山东省,烟台市,莱州市,
TAOBAO,ceres旗舰店,0d384008c606eff14941d0bdff3ed4ec,boboxiaodf,="1240010581556839687",普通订单,交易成功,,1,334.81,0.0,0.0,0.0,862.19,30，30.000000;taojinbi，4.190000;掌柜推荐，828.000000,,,2021-01-03 15:12:10,2021-01-03 15:12:15,,,2021-01-03 17:40:33,2021-01-13 17:40:42,浙江省,杭州市,西湖区,
TAOBAO,ceres旗舰店,e840a17a80ea6d96c219fd75946641e4,tb0875146_2011,="1240114635387029208",普通订单,交易成功,,1,307.73,0.0,0.0,0.0,889.27,狂欢价，858.000000;taojinbi，1.270000;服饰百货购物券，30.000000,,,2020-12-28 12:56:29,2020-12-28 12:56:33,,,2020-12-28 15:59:08,2021-01-07 15:59:16,广东省,广州市,白云区,
TAOBAO,ceres旗舰店,f76305e020824b298737424c2db9e379,fk0011201401,="1240173926123986903",普通订单,交易成功,,1,319.93,0.0,0.0,0.0,838.07,服饰百货购物券，30.000000;狂欢价，802.000000;taojinbi，6.070000,,,2020-12-28 12:51:20,2020-12-28 12:51:36,,,2020-12-28 15:48:28,2021-01-07 15:48:38,浙江省,杭州市,拱墅区,
TAOBAO,ceres旗舰店,776e9eb616f10499dcf4a1c6de5caba0,yuminli1129,="1240196823389904404",普通订单,交易成功,,3,848.66,0.0,0.0,0.0,2625.34,70，70.000000;taojinbi，29.340000;狂欢价，2496.000000;服饰百货购物券，30.000000,,白1*7  香槟杯*6  海马刀*3  报关单卫检 售后卡,2020-12-28 17:11:29,2020-12-28 17:12:45,,,2020-12-28 17:35:50,2021-01-07 17:35:55,江苏省,常州市,新北区,
TAOBAO,ceres旗舰店,3a6e7731754a350dafdb06e6929480ab,magic130123,="1240221480099251811",普通订单,交易成功,,1,339.0,0.0,0.0,0.0,819.0,狂欢价，789.000000;服饰百货购物券，30.000000,,,2020-12-28 17:20:01,2020-12-28 17:20:08,,,2020-12-28 17:38:09,2021-01-07 17:38:16,四川省,绵阳市,涪城区,
TAOBAO,ceres旗舰店,e53b21dba51c71007e2fd2b622553b7c,斟一杯万年情,="1240236168161271210",普通订单,交易成功,,1,326.0,0.0,0.0,0.0,832.0,服饰百货购物券，30.000000;狂欢价，802.000000,,发顺丰！！,2020-12-28 18:00:52,2020-12-28 18:01:02,,,2020-12-29 09:18:49,2021-01-05 13:24:28,重庆市,市辖区,北碚区,
TAOBAO,ceres旗舰店,b33c0996ce96b060b480144db23d5aa0,sacrilege0820,="1240251434037146811",普通订单,交易成功,,1,294.91,0.0,0.0,0.0,863.09,taojinbi，1.090000;狂欢价，832.000000;服饰百货购物券，30.000000,,白1双支自饮套餐*1  黑猫酒塞*1,2020-12-28 16:43:33,2020-12-28 16:43:43,,,2020-12-28 17:17:38,2021-01-07 17:17:42,浙江省,宁波市,鄞州区,
TAOBAO,ceres旗舰店,e569caffc30a475c49ebe1817523c39f,1x1q1y,="1240260507396056011",普通订单,交易成功,,1,334.76,0.0,0.0,0.0,862.24,狂欢价，858.000000;taojinbi，4.240000,,,2020-12-28 20:05:51,2020-12-28 20:06:00,,,2020-12-29 16:32:25,2021-01-04 19:59:04,浙江省,台州市,天台县,
TAOBAO,ceres旗舰店,f01c9169901e96414985e99d6e17bf47,宸霖筑作,="1240290494570834311",普通订单,交易成功,,2,674.95,0.0,0.0,0.0,1641.05,狂欢价，1604.000000;taojinbi，7.050000;30，30.000000,,,2020-12-28 18:30:32,2020-12-28 18:31:05,,,2020-12-29 16:32:25,2021-01-08 16:32:35,北京市,市辖区,朝阳区,
TAOBAO,ceres旗舰店,d0b08eca11f4a8174d3cd2fdee957cde,yeah_panda59,="1240296962372386592",普通订单,交易成功,,1,344.42,0.0,0.0,0.0,813.58,taojinbi，11.580000;30，30.000000;掌柜推荐，772.000000,,发顺丰！！！ 白1双支礼盒套餐*1  动物酒塞,2021-01-04 11:01:45,2021-01-04 11:02:07,,,2021-01-04 16:13:24,2021-01-14 16:13:31,广西壮族自治区,柳州市,鱼峰区,
TAOBAO,ceres旗舰店,aee3fee0fa51c7ed8a0b18b2d151811d,一只罗大喵喵,="1240356324890074896",普通订单,交易成功,,1,292.32,0.0,0.0,0.0,865.68,30，30.000000;聚划算，832.000000;taojinbi，3.680000,,,2021-01-06 16:55:17,2021-01-06 16:55:45,,,2021-01-06 17:35:40,2021-01-16 17:35:46,陕西省,西安市,未央区,
TAOBAO,ceres旗舰店,ba14ce6e17c03ec68b8bb9aefff69645,20020828岚,="1240511053853092995",普通订单,交易成功,,1,356.0,0.0,0.0,0.0,802.0,30，30.000000;掌柜推荐，772.000000,,白1双支礼盒装*1  狗狗酒塞*1,2021-01-04 22:15:30,2021-01-04 22:15:43,,,2021-01-05 16:09:55,2021-01-14 21:20:23,河北省,保定市,徐水区,
TAOBAO,ceres旗舰店,607d8369e267d26aa856d6ae4f1f3760,ricky636,="1240552454828252289",普通订单,交易成功,,1,336.97,0.0,0.0,0.0,860.03,30，30.000000;掌柜推荐，828.000000;taojinbi，2.030000,,,2021-01-04 22:43:43,2021-01-04 22:43:47,,,2021-01-05 16:09:56,2021-01-15 16:10:07,浙江省,杭州市,余杭区,
TAOBAO,ceres旗舰店,bbc356760f336c451479a6523ed68584,zmfeii123,="1240633741772542092",普通订单,交易成功,,1,339.0,0.0,0.0,0.0,858.0,30，30.000000;掌柜推荐，828.000000,,白1红1双支自饮套餐*1  动物酒塞*1 ,2021-01-05 11:44:01,2021-01-05 11:44:06,,,2021-01-05 16:09:56,2021-01-15 16:10:02,浙江省,温州市,鹿城区,
TAOBAO,ceres旗舰店,d3c380d9b91b0d3ada00fd47a380b395,222lebronjames,="1240654273015274600",普通订单,交易成功,,1,301.64,0.0,0.0,0.0,856.36,服饰百货购物券，30.000000;taojinbi，7.360000;狂欢价，819.000000,,白2红2双支自饮套餐*1  动物酒塞* 1 ,2020-12-29 21:01:40,2020-12-29 21:01:45,,,2020-12-30 16:25:13,2021-01-09 16:25:27,北京市,市辖区,朝阳区,
TAOBAO,ceres旗舰店,8bfbf4d8147d5b12c7687b9e92273141,gbb232097866,="1240683866726469610",普通订单,交易成功,,1,301.87,0.0,0.0,0.0,856.13,狂欢价，819.000000;服饰百货购物券，30.000000;taojinbi，7.130000,,,2020-12-29 20:36:03,2020-12-29 20:36:11,,,2020-12-30 16:25:13,2021-01-04 22:51:18,甘肃省,白银市,靖远县,
TAOBAO,ceres旗舰店,28dd89692dbd5045a6f302b347511413,tb633660121,="1240693729866360206",普通订单,交易成功,,1,309.0,0.0,0.0,0.0,888.0,狂欢价，858.000000;服饰百货购物券，30.000000,,,2020-12-29 23:05:00,2020-12-29 23:05:06,,,2020-12-30 16:25:13,2021-01-09 16:25:23,浙江省,金华市,义乌市,
TAOBAO,ceres旗舰店,490b93e170ec7451f0ce7279e6fffc28,cf欢北,="1240694234986184905",普通订单,交易成功,,1,912.9,0.0,0.0,0.0,1871.1,taojinbi，5.100000;狂欢价，1766.000000;服饰百货购物券，30.000000;70，70.000000,,白3红3双支礼盒套餐*1  动物酒塞*1 ,2020-12-29 21:05:13,2020-12-29 21:05:18,,,2020-12-30 16:23:16,2021-01-04 23:37:35,内蒙古自治区,赤峰市,红山区,
TAOBAO,ceres旗舰店,75068779ea818737629ca655cb1915bc,材军箫心秋丹珠,="1240767745073727806",普通订单,交易成功,,1,363.81,0.0,0.0,0.0,833.19,狂欢价，828.000000;taojinbi，5.190000,,白1红1双支礼盒套餐*1 动物酒塞*1  仓库漏发礼盒 补30元   已退,2020-12-30 10:26:12,2020-12-30 10:26:16,,,2020-12-30 16:25:13,2021-01-02 16:47:26,北京市,市辖区,朝阳区,
TAOBAO,ceres旗舰店,f2791d4ee2bcbf88757706c1102cfb1d,z840728481,="1240788612942387597",普通订单,交易成功,,1,298.83,0.0,0.0,0.0,859.17,聚划算，819.000000;taojinbi，10.170000;30，30.000000,,白2红2自饮套餐*1  黑钻酒塞*1,2021-01-07 19:58:53,2021-01-07 19:58:57,,,2021-01-08 16:12:06,2021-01-10 12:17:33,天津市,市辖区,北辰区,
TAOBAO,ceres旗舰店,8a82a0bb89597bbb34517a9e0e39391c,tb729663900,="1240840538214448802",普通订单,交易成功,,1,287.47,0.0,0.0,0.0,870.53,狂欢价，832.000000;服饰百货购物券，30.000000;taojinbi，8.530000,,,2020-12-30 11:45:55,2020-12-30 11:46:54,,,2020-12-30 16:25:13,2021-01-09 16:25:25,广东省,广州市,黄埔区,
TAOBAO,ceres旗舰店,f2cff4272d28a5283b488876ba651d70,少女医生020319,="1240857120383118691",普通订单,交易成功,,1,308.79,0.0,0.0,0.0,849.21,taojinbi，0.210000;聚划算，819.000000;30，30.000000,,白2红2自饮套餐*1 小鹿酒塞*1,2021-01-07 23:28:19,2021-01-07 23:28:22,,,2021-01-08 16:12:06,2021-01-10 11:51:24,浙江省,宁波市,宁海县,
TAOBAO,ceres旗舰店,3990b4353ef3953fb194617c47b2379b,天一年后,="1240950325597890789",普通订单,交易成功,,1,301.16,0.0,0.0,0.0,895.84,聚划算，858.000000;30，30.000000;taojinbi，7.840000,,,2021-01-06 10:50:56,2021-01-06 10:51:05,,,2021-01-06 16:47:15,2021-01-12 12:22:19,广东省,广州市,海珠区,
TAOBAO,ceres旗舰店,8d108fdfc56227bfe0813fd379b1044f,oliviahuangrong,="1241093857060237297",普通订单,交易成功,,1,295.95,0.0,0.0,0.0,862.05,taojinbi，0.050000;30，30.000000;聚划算，832.000000,,,2021-01-06 16:49:49,2021-01-06 16:49:56,,,2021-01-06 17:35:40,2021-01-16 17:35:44,广东省,深圳市,罗湖区,
TAOBAO,ceres旗舰店,19fde11c6207128f9be98d30617c300c,tb910729534,="1241122416283940810",普通订单,交易成功,,1,295.25,0.0,0.0,0.0,862.75,服饰百货购物券，30.000000;狂欢价，832.000000;taojinbi，0.750000,,白2双支自饮套餐*1  白狗酒塞*1,2020-12-31 11:14:11,2020-12-31 11:14:19,,,2020-12-31 16:30:28,2021-01-04 22:26:09,天津市,市辖区,河西区,
TAOBAO,ceres旗舰店,1295a690bdbc972fbb5bc8f138392ebe,上海舒能电动工具,="1241124241839529590",普通订单,交易成功,,1,347.33,0.0,0.0,0.0,849.67,30，30.000000;聚划算，808.000000;taojinbi，11.670000,,,2021-01-06 18:11:48,2021-01-06 18:11:55,,,2021-01-07 16:32:30,2021-01-17 16:32:37,浙江省,金华市,永康市,
TAOBAO,ceres旗舰店,df2bf1de8d374d3bdabdf17728a6f184,liu15843348027,="1241127314852574206",普通订单,交易成功,,1,327.93,0.0,0.0,0.0,869.07,狂欢价，828.000000;taojinbi，11.070000;服饰百货购物券，30.000000,,发顺丰！！！  白1红1礼盒套餐*1 动物酒塞*1,2020-12-31 09:30:40,2020-12-31 09:30:46,,,2020-12-31 16:27:59,2021-01-07 21:37:50,吉林省,延边朝鲜族自治州,敦化市,
TAOBAO,ceres旗舰店,a4f66eb16ef96a0285560cea01e823ed,tb917945051,="1241169289862209304",普通订单,交易成功,,1,298.83,0.0,0.0,0.0,859.17,服饰百货购物券，30.000000;狂欢价，819.000000;taojinbi，10.170000,,白2红2双支自饮套餐*1  动物酒塞*1 ,2020-12-31 12:42:18,2020-12-31 12:42:28,,,2020-12-31 16:30:29,2021-01-10 16:30:37,上海市,市辖区,浦东新区,
TAOBAO,ceres旗舰店,1dde6bf2356d6994294a4b86fb5d2d09,rain_bloom,="1241193627852767908",普通订单,交易成功,,1,295.11,0.0,0.0,0.0,862.89,服饰百货购物券，30.000000;狂欢价，832.000000;taojinbi，0.890000,,白2双支自饮套餐*1  爱心酒塞*1,2020-12-31 16:07:59,2020-12-31 16:08:05,,,2020-12-31 17:37:55,2021-01-10 17:38:06,四川省,成都市,武侯区,
TAOBAO,ceres旗舰店,1506daf670575898474d003292bc84aa,魏鹏317,="1241201401112584012",普通订单,交易成功,,1,316.22,0.0,0.0,0.0,841.78,狂欢价，832.000000;taojinbi，9.780000,,白1双支自饮套餐*1 动物酒塞*1,2020-12-31 14:25:14,2020-12-31 14:25:24,,,2020-12-31 17:37:54,2021-01-10 17:38:04,福建省,厦门市,同安区,
TAOBAO,ceres旗舰店,c34b2996fbd853642fd7f80f41d85797,懵懂的旖旎,="1241377476077845108",普通订单,交易成功,,1,322.24,0.0,0.0,0.0,835.76,服饰百货购物券，30.000000;taojinbi，3.760000;狂欢价，802.000000,,,2021-01-01 00:16:54,2021-01-01 00:17:00,,,2021-01-01 16:51:22,2021-01-11 16:51:36,天津市,市辖区,东丽区,
TAOBAO,ceres旗舰店,46f2d9ed3c13e048710f9c7c5e95e7e6,h小权权,="1241426175682568790",普通订单,交易成功,,1,286.22,0.0,0.0,0.0,871.78,30，30.000000;taojinbi，9.780000;聚划算，832.000000,,,2021-01-06 19:55:25,2021-01-06 19:55:30,,,2021-01-07 16:32:30,2021-01-12 21:45:00,湖北省,武汉市,江岸区,
TAOBAO,ceres旗舰店,47594a729c1879b76434a564a3ea1b17,心念晴空,="1241466902111127505",普通订单,交易成功,,1,326.0,0.0,0.0,0.0,832.0,狂欢价，802.000000;服饰百货购物券，30.000000,,白2双支礼盒套餐*1 爱心酒塞*1,2021-01-01 09:55:39,2021-01-01 09:55:44,,,2021-01-01 10:09:00,2021-01-11 10:09:07,天津市,市辖区,北辰区,
TAOBAO,ceres旗舰店,085759f90f492c23587b86a36e9b3d37,草叶我爱北京,="1241497141443971209",普通订单,交易成功,,1,173.63,0.0,0.0,0.0,420.37,狂欢价，415.000000;taojinbi，5.370000,,白2单支自饮套餐*1   白兔酒塞*1 ,2021-01-01 12:16:46,2021-01-01 12:16:52,,,2021-01-01 16:51:22,2021-01-11 16:51:32,北京市,市辖区,通州区,
TAOBAO,ceres旗舰店,ae443238c785ec1f66c03ce5f437faf5,vivi木么,="1241576186899486894",普通订单,交易成功,,1,302.37,0.0,0.0,0.0,855.63,30，30.000000;taojinbi，6.630000;聚划算，819.000000,,白2红2自饮套餐*1  白猫酒塞*1,2021-01-07 19:58:13,2021-01-07 19:58:27,,,2021-01-08 16:12:06,2021-01-12 20:57:57,四川省,成都市,双流区,
TAOBAO,ceres旗舰店,9461a9a111230e99fa60251f7d6a79dd,adashan521,="1241651799169222008",普通订单,交易成功,,1,316.22,0.0,0.0,0.0,841.78,狂欢价，832.000000;taojinbi，9.780000,,,2021-01-01 20:35:35,2021-01-01 20:35:42,,,2021-01-02 16:15:23,2021-01-12 16:15:36,吉林省,长春市,南关区,
TAOBAO,ceres旗舰店,bca80951841e81e6e72de753c201a3dc,has_it0929,="1241653514025486093",普通订单,交易成功,,1,286.22,0.0,0.0,0.0,871.78,聚划算，832.000000;taojinbi，9.780000;30，30.000000,,白1双支自饮套餐*1  黑猫酒塞*1,2021-01-08 00:05:50,2021-01-08 00:05:59,,,2021-01-08 16:12:06,2021-01-10 23:46:49,浙江省,杭州市,西湖区,
TAOBAO,ceres旗舰店,02285f50b646493b14f8031f37c9dfc3,君晚天2015,="1241675700945672604",普通订单,交易成功,,1,298.83,0.0,0.0,0.0,898.17,狂欢价，858.000000;服饰百货购物券，30.000000;taojinbi，10.170000,,白1红1自饮双支套餐*1 冰酒礼袋*1 报关单卫检 售后卡,2021-01-01 20:33:38,2021-01-01 20:33:47,,,2021-01-02 16:20:16,2021-01-07 18:18:57,河南省,信阳市,,
TAOBAO,ceres旗舰店,68bb6f42292678301c303954d6603d1c,齐天大晟丶1994,="1241683250936814389",普通订单,交易成功,,1,817.61,0.0,0.0,0.0,1966.39,聚划算，1866.000000;100，100.000000;taojinbi，0.390000,,,2021-01-08 08:35:24,2021-01-08 08:35:28,,,2021-01-08 16:12:07,2021-01-18 16:12:18,山东省,济南市,历下区,
TAOBAO,ceres旗舰店,a7fd4fa9e48b1f542bc83b4629e51153,严女士1989,="1241734728383776398",普通订单,交易成功,,2,741.66,0.0,0.0,0.0,1574.34,taojinbi，0.340000;掌柜推荐，1544.000000;30，30.000000,,,2021-01-09 20:50:32,2021-01-09 20:50:36,,,2021-01-10 16:11:06,2021-01-17 10:52:13,天津市,市辖区,南开区,
TAOBAO,ceres旗舰店,ffdacb6d1979cefebb62d6aa00de5b35,久于我心你感到温暖吗,="1241747736649526900",普通订单,交易成功,,1,323.35,0.0,0.0,0.0,834.65,掌柜推荐，802.000000;30，30.000000;taojinbi，2.650000,,,2021-01-02 00:56:14,2021-01-02 00:56:31,,,2021-01-02 16:20:16,2021-01-12 16:20:29,山东省,济南市,历下区,
TAOBAO,ceres旗舰店,9a41b405d7c190b4634190f2b1e344d1,波涛渊虹,="1241954485048232100",普通订单,交易成功,,1,333.64,0.0,0.0,0.0,863.36,30，30.000000;掌柜推荐，828.000000;taojinbi，5.360000,,,2021-01-02 16:34:10,2021-01-02 16:34:15,,,2021-01-02 17:48:29,2021-01-12 17:48:32,上海市,市辖区,浦东新区,
TAOBAO,ceres旗舰店,c6dc87ab606acb64e41ad3385d87c5c5,周zlmzlm,="1242032786711641010",普通订单,交易成功,,1,193.03,0.0,0.0,0.0,400.97,掌柜推荐，395.000000;taojinbi，5.970000,,白1单支礼盒装*1 小鹿酒塞*1 ,2021-01-02 18:04:52,2021-01-02 18:04:57,,,2021-01-03 16:11:49,2021-01-13 16:11:55,安徽省,铜陵市,枞阳县,
TAOBAO,ceres旗舰店,ca67db7558ea98863c02fd884175cd1c,谁的谁alice,="1242046309534289896",普通订单,交易成功,,1,369.0,0.0,0.0,0.0,828.0,30，30.000000;掌柜推荐，798.000000,,,2021-01-08 23:23:54,2021-01-08 23:23:57,,,2021-01-09 16:37:43,2021-01-19 16:37:54,浙江省,衢州市,柯城区,
TAOBAO,ceres旗舰店,e2469072011459d815a48c2c37e09d06,重阳离爽,="1242163287924148611",普通订单,交易成功,,1,325.67,0.0,0.0,0.0,832.33,taojinbi，0.330000;掌柜推荐，802.000000;30，30.000000,,,2021-01-03 10:55:47,2021-01-03 10:55:53,,,2021-01-03 16:11:49,2021-01-13 16:11:57,北京市,市辖区,丰台区,
TAOBAO,ceres旗舰店,8536c823de7a1f6775074b58f88e4323,只是上帝开了个玩笑,="1242181021450770397",普通订单,交易成功,,1,347.82,0.0,0.0,0.0,810.18,taojinbi，8.180000;30，30.000000;掌柜推荐，772.000000,,白1双支礼盒装*1  白狗酒塞*1  ,2021-01-09 02:19:34,2021-01-09 02:19:59,,,2021-01-09 16:37:42,2021-01-11 14:40:01,浙江省,杭州市,富阳区,
TAOBAO,ceres旗舰店,31fcadb8cf195f3b4ad571a224ee5cfe,guhao354820817,="1242223551336054300",普通订单,交易成功,,1,356.0,0.0,0.0,0.0,802.0,掌柜推荐，772.000000;30，30.000000,,,2021-01-03 12:54:35,2021-01-03 12:54:41,,,2021-01-03 16:11:50,2021-01-13 16:11:57,浙江省,宁波市,鄞州区,
TAOBAO,ceres旗舰店,a12cd8e9d8aac84cbb77d581f487c974,今日女装精选,="1242334200367274090",普通订单,交易成功,,30,5700.0,45.0,0.0,0.0,12165.0,吃货购物券，15.000000;吃货节，12150.000000,,发顺丰！！！白2单支礼盒套餐*30   白2红2双支礼盒套餐*2    白2*5 黑砖酒塞*1 ,2021-01-11 14:27:42,2021-01-11 14:28:40,,,2021-01-11 16:06:09,2021-01-19 08:57:13,河南省,郑州市,中原区,
TAOBAO,ceres旗舰店,bdb649536757ab0087c95968b036a765,刘申晓1,="1242585086395446498",普通订单,交易成功,,1,337.62,0.0,0.0,0.0,859.38,掌柜推荐，828.000000;30，30.000000;taojinbi，1.380000,,,2021-01-10 00:00:55,2021-01-10 00:00:59,,,2021-01-10 16:11:06,2021-01-20 16:11:16,山东省,烟台市,莱山区,
TAOBAO,ceres旗舰店,67d0014fbc187550355d494199425355,玩死你很ok,="1242664767216189301",普通订单,交易成功,,1,348.9,0.0,0.0,0.0,809.1,掌柜推荐，772.000000;30，30.000000;taojinbi，7.100000,,,2021-01-04 16:24:59,2021-01-04 16:25:02,,,2021-01-04 17:43:18,2021-01-07 07:11:19,江苏省,苏州市,张家港市,
TAOBAO,ceres旗舰店,a145ddeb5bb6e391322d7ee7665d07e7,qd_liuqingfeng,="1242670587688607789",普通订单,交易成功,,1,335.74,0.0,0.0,0.0,822.26,30，30.000000;taojinbi，3.260000;掌柜推荐，789.000000,,白2红2双支自饮套餐*1 黑狗酒塞*1,2021-01-09 18:24:38,2021-01-09 18:24:47,,,2021-01-10 15:25:04,2021-01-20 15:25:14,山东省,青岛市,崂山区,
TAOBAO,ceres旗舰店,aac9812527942386cce5d3c7725ee710,不再返回,="1242788088609120991",普通订单,交易成功,,1,323.73,0.0,0.0,0.0,873.27,taojinbi，0.270000;15，15.000000;吃货节，858.000000,,白1红1自饮套餐*1  白猫酒塞*1,2021-01-12 18:45:12,2021-01-12 18:45:25,,,2021-01-13 15:47:45,2021-01-17 10:55:47,贵州省,贵阳市,云岩区,
TAOBAO,ceres旗舰店,630582e4aedf66147535d1bb6fd3188d,weijun791013,="1242851484313099190",普通订单,交易成功,,1,293.83,0.0,0.0,0.0,864.17,吃货节，832.000000;吃货购物券，15.000000;taojinbi，2.170000;15，15.000000,,,2021-01-12 21:44:14,2021-01-12 21:44:19,,,2021-01-13 15:47:47,2021-01-16 14:01:05,江苏省,常州市,金坛区,
TAOBAO,ceres旗舰店,7a427e30598692ee2bfcd85e7d18ffa5,t_1512961998311_0984,="1242887283371496410",普通订单,交易成功,,1,757.67,0.0,0.0,0.0,2026.33,聚划算，1916.000000;100，100.000000;taojinbi，10.330000,,白3双支自饮套餐*1  动物酒塞*1 ,2021-01-05 10:39:30,2021-01-05 10:40:35,,,2021-01-05 16:09:56,2021-01-07 13:10:43,江苏省,南京市,鼓楼区,
TAOBAO,ceres旗舰店,4daf128667171d21f46bc4fe7db15a1f,郑君财,="1242905703032981093",普通订单,交易成功,,1,332.93,0.0,0.0,0.0,825.07,掌柜推荐，789.000000;taojinbi，6.070000;30，30.000000,,白2红2自饮套餐*1 黑钻酒塞*1  30元差价,2021-01-10 12:21:37,2021-01-10 12:23:13,,,2021-01-10 15:25:05,2021-01-20 15:25:13,湖北省,武汉市,,
TAOBAO,ceres旗舰店,a52b4557538c498e162ef34cd9eaf2ab,jiangjun898989,="1242940298330853789",普通订单,交易成功,,1,352.83,0.0,0.0,0.0,805.17,taojinbi，3.170000;掌柜推荐，772.000000;30，30.000000,,白1双支礼盒套餐*1  白猫酒塞*1,2021-01-10 22:20:02,2021-01-10 22:20:05,,,2021-01-11 16:14:10,2021-01-21 16:14:16,江苏省,苏州市,虎丘区,
TAOBAO,ceres旗舰店,1325157ed7bfc0ccd0d97108c9503409,振莉淘淘1006,="1242960470528802805",普通订单,交易成功,,1,183.33,0.0,0.0,0.0,410.67,taojinbi，5.670000;聚划算，405.000000,贺卡内容发给客服了，保证质量尽快发货谢谢,发顺丰！！！ 白2单支礼盒套餐*1 动物酒塞*1 ,2021-01-05 10:39:58,2021-01-05 10:40:10,,,2021-01-05 14:06:30,2021-01-10 09:19:17,辽宁省,营口市,西市区,
TAOBAO,ceres旗舰店,1d30f983f61a2b2d9dc43d707402d6b5,wclovetb,="1242976766984366687",普通订单,交易成功,,1,315.32,0.0,0.0,0.0,842.68,15，15.000000;taojinbi，10.680000;吃货节，802.000000;吃货购物券，15.000000,,白1双支礼盒套餐*1  黑猫酒塞*1 ,2021-01-11 01:12:25,2021-01-11 01:12:30,,,2021-01-11 16:14:10,2021-01-13 22:21:46,北京市,市辖区,西城区,
TAOBAO,ceres旗舰店,ef20b409f01210ef1e3a27ae79185cf7,怪力少女泰坦鱼,="1242996349871015688",普通订单,交易成功,,1,300.18,0.0,0.0,0.0,896.82,15，15.000000;吃货购物券，15.000000;吃货节，858.000000;taojinbi，8.820000,,白1红1双支自饮套餐*1  白狗酒塞*1 ,2021-01-11 10:36:14,2021-01-11 10:36:21,,,2021-01-11 16:12:30,2021-01-21 16:12:37,辽宁省,大连市,旅顺口区,
TAOBAO,ceres旗舰店,cfa52e5c5a89b511df422dfaae928f07,舟山1957,="1243190859740280495",普通订单,交易成功,,1,286.22,0.0,0.0,0.0,871.78,吃货购物券，15.000000;taojinbi，9.780000;吃货节，832.000000;15，15.000000,,发顺丰！！ ,2021-01-11 08:14:04,2021-01-11 08:14:12,,,2021-01-11 16:06:09,2021-01-14 10:29:51,吉林省,吉林市,船营区,
TAOBAO,ceres旗舰店,b2e01c2baafc68600703c11432e644c4,shslol,="1243208643474096097",普通订单,交易成功,,1,918.0,0.0,0.0,0.0,1866.0,85，85.000000;吃货节，1766.000000;吃货购物券，15.000000,,白3红3双支礼盒套餐*1  白狗酒塞*1 ,2021-01-11 09:35:17,2021-01-11 09:35:22,,,2021-01-11 16:12:29,2021-01-21 16:12:34,吉林省,吉林市,丰满区,
TAOBAO,ceres旗舰店,94f39511a27593e12907d4b23dfae2df,风云v方,="1243287279033130003",普通订单,交易成功,,1,298.9,0.0,0.0,0.0,859.1,taojinbi，10.100000;聚划算，819.000000;30，30.000000,,,2021-01-06 11:32:29,2021-01-06 11:32:33,,,2021-01-06 16:47:14,2021-01-09 10:19:00,上海市,市辖区,徐汇区,
TAOBAO,ceres旗舰店,0dca9bc5eb0ea3a280b82202df671dc4,shihui03081221,="1243304907436919098",普通订单,交易成功,,1,309.0,0.0,0.0,0.0,888.0,吃货节，858.000000;吃货购物券，15.000000;15，15.000000,,,2021-01-11 13:24:13,2021-01-11 13:24:27,,,2021-01-11 16:15:52,2021-01-13 09:23:54,上海市,市辖区,闵行区,
TAOBAO,ceres旗舰店,d056828e72bd77eff3f648693e21a775,黑子哥917,="1243329888672929997",普通订单,交易成功,,1,298.83,0.0,0.0,0.0,898.17,taojinbi，10.170000;聚划算，858.000000;30，30.000000,,,2021-01-14 11:43:56,2021-01-14 11:44:10,,,2021-01-14 16:15:10,2021-01-24 16:15:19,广西壮族自治区,柳州市,融安县,
TAOBAO,ceres旗舰店,72230fc746590b0cf2dee76f55c3c62e,tb1952066_11,="1243357176298210997",普通订单,交易成功,,1,327.93,0.0,0.0,0.0,830.07,30，30.000000;taojinbi，11.070000;聚划算，789.000000,,不发货 补拍的,2021-01-14 12:53:57,2021-01-14 12:54:07,,,2021-01-15 17:50:40,2021-01-22 23:58:46,北京市,市辖区,朝阳区,
TAOBAO,ceres旗舰店,4cae6a9aa569a1c65cf3070286aa66eb,missshao16,="1243464636299882788",普通订单,交易成功,,1,309.0,0.0,0.0,0.0,888.0,聚划算，858.000000;30，30.000000,,白1红1自饮套餐*1 黑猫酒塞*1,2021-01-14 18:25:11,2021-01-14 18:25:14,,,2021-01-15 15:20:04,2021-01-17 19:48:12,北京市,市辖区,朝阳区,
TAOBAO,ceres旗舰店,c88d20044d9e525e4206cff77c961160,sjr856,="1243477683691249904",普通订单,交易成功,,2,698.48,0.0,0.0,0.0,1695.52,聚划算，1656.000000;30，30.000000;taojinbi，9.520000,,发顺丰！！！  差价5元  已退,2021-01-06 19:55:15,2021-01-06 19:55:26,,,2021-01-07 16:23:36,2021-01-12 19:38:15,黑龙江省,鸡西市,虎林市,
TAOBAO,ceres旗舰店,34a5bbf39166f1ecdbde3178bff9274b,adbchuang,="1243496496556420193",普通订单,交易成功,,1,308.55,0.0,0.0,0.0,888.45,聚划算，858.000000;30，30.000000;taojinbi，0.450000,,,2021-01-14 20:03:01,2021-01-14 20:03:07,,,2021-01-15 15:20:06,2021-01-25 15:20:16,河南省,郑州市,金水区,
TAOBAO,ceres旗舰店,83bc7df654bf2d2c07d56658e9f855cb,tb974374971,="1243577976679410312",普通订单,交易成功,,1,308.83,0.0,0.0,0.0,888.17,聚划算，858.000000;30，30.000000;taojinbi，0.170000,,,2021-01-06 23:08:02,2021-01-06 23:08:11,,,2021-01-07 16:32:31,2021-01-17 16:32:36,湖北省,十堰市,茅箭区,
TAOBAO,ceres旗舰店,2100f1404a3388b4ce533f9ef56b8ef9,我的一一一,="1243581074925434210",普通订单,交易成功,,1,986.34,0.0,0.0,0.0,2487.66,taojinbi，1.660000;聚划算，2386.000000;100，100.000000,,买6瓶送1瓶【数云备注】,2021-01-06 21:12:14,2021-01-06 21:12:22,,,2021-01-07 16:32:31,2021-01-17 16:32:35,重庆市,市辖区,渝北区,
TAOBAO,ceres旗舰店,f71e08a55db517f84180a53efda1d0d5,luyunxin1,="1243614073890981389",普通订单,交易成功,,2,687.47,0.0,0.0,0.0,45.0,45，45.000000,,,2021-01-12 21:57:07,2021-01-12 21:57:17,,,2021-01-13 15:47:47,2021-01-23 15:47:53,江西省,宜春市,樟树市,
TAOBAO,ceres旗舰店,cba3fdb5496041520f20ac9339a1925e,zjn120,="1243689146623101908",普通订单,交易成功,,1,298.83,0.0,0.0,0.0,898.17,taojinbi，10.170000;聚划算，858.000000;30，30.000000,,白1红1双支自饮套餐*1  黑狗酒塞*1 ,2021-01-07 09:57:36,2021-01-07 09:57:49,,,2021-01-07 16:32:30,2021-01-11 09:47:50,浙江省,金华市,磐安县,
TAOBAO,ceres旗舰店,a3b222a5a535b456c80fa31d54a46b94,汤可英,="1243711023186879690",普通订单,交易成功,,1,188.77,0.0,0.0,0.0,405.23,吃货节，405.000000;taojinbi，0.230000,,,2021-01-12 15:38:50,2021-01-12 15:38:57,,,2021-01-12 18:20:19,2021-01-22 18:20:25,上海市,市辖区,浦东新区,
TAOBAO,ceres旗舰店,0fa5ae4e917ba82453c86c4ee18b8e7c,不能忽视哈哈,="1243737625921507198",普通订单,交易成功,,1,368.78,0.0,0.0,0.0,828.22,30，30.000000;掌柜推荐，798.000000;taojinbi，0.220000,,白1红1双支礼盒套餐*1 白狗酒塞*1,2021-01-13 11:21:54,2021-01-13 11:22:02,,,2021-01-13 15:47:45,2021-01-18 07:36:01,江苏省,常州市,武进区,
TAOBAO,ceres旗舰店,52e603ba507e6c127800dd39ad034869,加菲盒盒,="1243777634497839400",普通订单,交易成功,,1,183.33,0.0,0.0,0.0,410.67,taojinbi，5.670000;聚划算，405.000000,,,2021-01-07 13:05:28,2021-01-07 13:05:35,,,2021-01-07 16:32:31,2021-01-17 16:32:45,浙江省,杭州市,余杭区,
TAOBAO,ceres旗舰店,cd34040ce19c44c24616bbda09f3c8d9,爷们实际张,="1243872157173037287",普通订单,交易成功,,1,357.03,0.0,0.0,0.0,839.97,掌柜推荐，798.000000;30，30.000000;taojinbi，11.970000,,,2021-01-13 17:35:20,2021-01-13 17:35:46,,,2021-01-13 17:47:40,2021-01-16 19:21:03,山东省,德州市,德城区,
TAOBAO,ceres旗舰店,7a015b205fbee07f8d06f534503623e1,刘羽毛0927,="1244092383905180206",普通订单,交易成功,,1,323.37,0.0,0.0,0.0,834.63,30，30.000000;taojinbi，2.630000;掌柜推荐，802.000000,,,2021-01-08 13:32:07,2021-01-08 13:32:15,,,2021-01-08 16:07:22,2021-01-13 14:11:45,吉林省,吉林市,舒兰市,
TAOBAO,ceres旗舰店,2e3dc4f805ea0b9159d6a157c80022c7,冰清妖精,="1244220975172897308",普通订单,交易成功,,1,344.42,0.0,0.0,0.0,813.58,掌柜推荐，772.000000;30，30.000000;taojinbi，11.580000,,白1双支礼盒套餐*1 ,2021-01-08 19:12:45,2021-01-08 19:12:58,,,2021-01-09 16:37:42,2021-01-13 19:11:22,上海市,市辖区,普陀区,
TAOBAO,ceres旗舰店,45c88825ab189bc959574a7b4249eb44,与我无关19946,="1244496338722387309",普通订单,交易成功,,1,357.03,0.0,0.0,0.0,800.97,taojinbi，11.970000;30，30.000000;掌柜推荐，759.000000,,,2021-01-09 12:05:08,2021-01-09 12:05:14,,,2021-01-09 16:37:43,2021-01-19 16:37:58,江苏省,苏州市,虎丘区,
TAOBAO,ceres旗舰店,44652abe3f24db52f288c422d51ea74a,sisi1017688917,="1244637661288494391",普通订单,交易成功,,2,723.65,0.0,0.0,0.0,60.0,60，60.000000,,白1双支礼盒套餐*1 红1双支礼盒套餐*1  黑猫酒塞*1,2021-01-15 21:29:40,2021-01-15 21:29:51,,,2021-01-16 15:51:23,2021-01-21 09:21:22,河北省,衡水市,桃城区,
TAOBAO,ceres旗舰店,686395f0628faf5bd301689d75d77580,chatyy张雅静,="1244678162180817394",普通订单,交易成功,,1,307.38,0.0,0.0,0.0,889.62,taojinbi，1.620000;聚划算，858.000000;30，30.000000,,白1红1自饮双支套餐*1  小鹿酒塞*1,2021-01-15 21:51:18,2021-01-15 21:51:23,,,2021-01-16 15:51:24,2021-01-26 15:51:33,湖南省,岳阳市,岳阳楼区,
TAOBAO,ceres旗舰店,68acb9fdd178507cdae8be3485a7dec5,会痛的微笑啊,="1244797621741120811",普通订单,交易成功,,1,339.0,0.0,0.0,0.0,858.0,掌柜推荐，828.000000;30，30.000000,,,2021-01-10 10:22:00,2021-01-10 10:22:11,,,2021-01-10 16:11:06,2021-01-20 16:11:13,山东省,莱芜市,钢城区,
TAOBAO,ceres旗舰店,6ac9fbe41bad50608493ee465e0d622b,必须给我便宜,="1244950080234574808",普通订单,交易成功,,1,369.0,0.0,0.0,0.0,789.0,掌柜推荐，759.000000;30，30.000000,,白2红2双支礼盒装*1  白2*1 白2礼盒*1  黑狗酒塞*1,2021-01-10 16:19:17,2021-01-10 16:19:20,,,2021-01-10 16:35:27,2021-01-13 11:47:48,江苏省,常州市,溧阳市,
TAOBAO,ceres旗舰店,6ac9fbe41bad50608493ee465e0d622b,必须给我便宜,="1244979602020574808",普通订单,交易成功,,2,744.0,0.0,0.0,0.0,100.0,100，100.000000,,,2021-01-10 16:15:31,2021-01-10 16:15:37,,,2021-01-10 17:41:16,2021-01-13 11:47:57,江苏省,常州市,溧阳市,
TAOBAO,ceres旗舰店,fa9ac6e01ec67e41daae104b4ba029be,daddylz,="1244990743744462170",普通订单,交易成功,,1,325.64,0.0,0.0,0.0,832.36,30，30.000000;聚划算，802.000000;taojinbi，0.360000,,,2021-01-16 01:46:30,2021-01-16 01:46:47,,,2021-01-16 15:51:24,2021-01-26 15:51:35,湖北省,武汉市,江岸区,
TAOBAO,ceres旗舰店,277679995f7f63bc34804a2abaf1dd84,youdianliuyi,="1245140619453006093",普通订单,交易成功,,1,286.48,0.0,0.0,0.0,871.52,taojinbi，9.520000;30，30.000000;聚划算，832.000000,,白1双支自饮套餐*1 白猫酒塞*1,2021-01-16 11:08:43,2021-01-16 11:09:42,,,2021-01-16 15:51:22,2021-01-22 18:57:09,上海市,市辖区,静安区,
TAOBAO,ceres旗舰店,eeacf2a40e6424e9d9ac0b2df00a57e2,悦榕树,="1245159962793750201",普通订单,交易成功,,1,317.44,0.0,0.0,0.0,840.56,吃货购物券，15.000000;吃货节，802.000000;taojinbi，8.560000;15，15.000000,,白1礼盒双支套餐*1 小鹿酒塞*1,2021-01-11 00:22:07,2021-01-11 00:22:18,,,2021-01-11 16:14:10,2021-01-21 16:14:18,浙江省,宁波市,鄞州区,
TAOBAO,ceres旗舰店,d7e8fb6ca034e8c599457e89fda0d807,王晓亚771111,="1245231301416687298",普通订单,交易成功,,1,285.43,0.0,0.0,0.0,872.57,掌柜推荐，802.000000;taojinbi，0.570000;70，70.000000,,白2双支自饮套餐*1  白猫酒塞*1,2021-01-17 08:59:16,2021-01-17 08:59:19,,,2021-01-17 15:23:47,2021-01-27 15:23:55,浙江省,宁波市,鄞州区,
TAOBAO,ceres旗舰店,8d108fdfc56227bfe0813fd379b1044f,oliviahuangrong,="1245421453245237297",普通订单,交易成功,,1,285.33,0.0,0.0,0.0,872.67,掌柜推荐，802.000000;70，70.000000;taojinbi，0.670000,送瓶塞,白1自饮双支套餐*1 白狗酒塞*1,2021-01-17 18:03:27,2021-01-17 18:03:33,,,2021-01-18 15:38:51,2021-01-28 15:39:08,广东省,深圳市,罗湖区,
TAOBAO,ceres旗舰店,ae37cfa5f75fa4825308e3af008524b8,qiaonan12,="1245566148662263310",普通订单,交易成功,,1,308.88,0.0,0.0,0.0,888.12,吃货节，858.000000;15，15.000000;taojinbi，0.120000;吃货购物券，15.000000,,,2021-01-12 18:08:16,2021-01-12 18:08:21,,,2021-01-13 15:40:28,2021-01-23 15:40:37,辽宁省,丹东市,振安区,
TAOBAO,ceres旗舰店,fab32ced5697e99198d9931b92ddb439,专吃豆腐,="1245570470526045400",普通订单,交易成功,,1,1168.49,0.0,0.0,0.0,2695.51,85，85.000000;吃货购物券，15.000000;吃货节，2586.000000;taojinbi，9.510000,,买6瓶送1瓶【数云备注】,2021-01-12 17:06:00,2021-01-12 17:06:04,,,2021-01-12 18:07:34,2021-01-22 18:07:45,浙江省,杭州市,余杭区,
TAOBAO,ceres旗舰店,03e236f58d27b32acc22135e7464146e,qkrtpqhd,="1245599007573438387",普通订单,交易成功,,1,296.76,0.0,0.0,0.0,861.24,掌柜推荐，789.000000;taojinbi，2.240000;70，70.000000,,,2021-01-17 16:54:03,2021-01-17 16:54:11,,,2021-01-17 17:35:04,2021-01-27 17:35:17,吉林省,延边朝鲜族自治州,延吉市,
TAOBAO,ceres旗舰店,1ee883bc3481f3425a54edb4e4496ef3,苍之翼明,="1245602582184869108",普通订单,交易成功,,1,163.59,0.0,0.0,0.0,430.41,taojinbi，0.410000;吃货节，415.000000;吃货购物券，15.000000,,白1单只自饮套餐*1  小鹿酒塞*1,2021-01-12 18:23:02,2021-01-12 18:23:07,,,2021-01-13 15:47:45,2021-01-23 15:47:53,上海市,市辖区,徐汇区,
TAOBAO,ceres旗舰店,3575ac36d3d9d2d9b7878f9dd5557110,pallasyang,="1245607719964634991",普通订单,交易成功,,1,317.03,0.0,0.0,0.0,879.97,taojinbi，11.970000;掌柜推荐，798.000000;70，70.000000,送给朋友的礼物，请确认礼盒包装完好，尽快安排快递，多谢！,顺丰,2021-01-17 17:17:09,2021-01-17 17:17:17,,,2021-01-17 17:30:08,2021-01-27 17:30:18,广东省,深圳市,南山区,
TAOBAO,ceres旗舰店,f71ea3cd81fbcc4e78e3bd654422e32e,tb34946091,="1245633576224467505",普通订单,交易成功,,1,311.0,0.0,0.0,0.0,847.0,吃货节，832.000000;15，15.000000,,,2021-01-12 21:11:38,2021-01-12 21:12:15,,,2021-01-13 15:47:47,2021-01-23 15:47:54,山东省,日照市,东港区,
TAOBAO,ceres旗舰店,4db0d82f6922caa9c50348ba39156a9e,wang大凡521722,="1245671089044136009",普通订单,交易成功,,1,298.83,0.0,0.0,0.0,859.17,15，15.000000;taojinbi，10.170000;吃货节，819.000000;吃货购物券，15.000000,,,2021-01-12 23:29:29,2021-01-12 23:29:34,,,2021-01-13 15:47:44,2021-01-23 15:47:56,河南省,许昌市,禹州市,
TAOBAO,ceres旗舰店,17ad10cf743666b532e7f37ad24c7e96,zhuyunabcd123,="1245705169408103699",普通订单,交易成功,,1,887.75,0.0,0.0,0.0,1896.25,140，140.000000;taojinbi，0.250000;掌柜推荐，1756.000000,,发顺丰！！ 白3红3双支礼盒套餐*1  黑砖酒塞*1,2021-01-18 16:36:46,2021-01-18 16:37:12,,,2021-01-18 17:35:59,2021-01-20 16:28:50,广东省,河源市,和平县,
TAOBAO,ceres旗舰店,4aaa407759c49de9330dfb5d556b0e61,juansheng1987328,="1245738974710684798",普通订单,交易成功,,1,308.95,0.0,0.0,0.0,849.05,70，70.000000;掌柜推荐，772.000000;taojinbi，7.050000,,,2021-01-18 17:50:51,2021-01-18 17:50:56,,,2021-01-19 15:22:39,2021-01-29 15:22:45,山东省,青岛市,崂山区,
TAOBAO,ceres旗舰店,4926bb66f9e8ae5dc5d56b827d1174e7,nancy19871220,="1245759037674566605",普通订单,交易成功,,1,357.03,0.0,0.0,0.0,839.97,掌柜推荐，798.000000;taojinbi，11.970000;30，30.000000,发货前检查，小心包装,白1红1双支礼盒装*1  爱心酒塞*1,2021-01-13 10:59:49,2021-01-13 10:59:55,,,2021-01-13 15:47:48,2021-01-15 08:30:40,浙江省,杭州市,余杭区,
TAOBAO,ceres旗舰店,939e8cee40d4edeb0d845df5cd6821f2,不了了之yt,="1245782690000044604",普通订单,交易成功,,1,357.03,0.0,0.0,0.0,839.97,掌柜推荐，798.000000;30，30.000000;taojinbi，11.970000,,,2021-01-13 11:43:15,2021-01-13 11:43:20,,,2021-01-13 15:47:46,2021-01-23 15:47:56,四川省,成都市,温江区,
TAOBAO,ceres旗舰店,49f3057e337a93973b6db050e8c6cbf9,ly851128,="1246030620933860407",普通订单,交易成功,,1,344.42,0.0,0.0,0.0,813.58,taojinbi，11.580000;30，30.000000;掌柜推荐，772.000000,,白1双支礼盒套餐*1  黑猫酒塞*1,2021-01-13 22:52:40,2021-01-13 22:52:50,,,2021-01-14 15:33:37,2021-01-24 15:33:43,安徽省,合肥市,蜀山区,
TAOBAO,ceres旗舰店,6a997f0984754dc018dfbc46a796e851,更深蓝的海,="1246133524619494977",普通订单,交易成功,,1,284.48,0.0,0.0,0.0,873.52,taojinbi，9.780000;年货价，832.000000;2021天猫年货节跨店满减，31.740000,,,2021-01-20 00:03:27,2021-01-20 00:03:37,,,2021-01-20 15:55:50,2021-01-21 20:41:35,上海市,市辖区,闵行区,
TAOBAO,ceres旗舰店,573024fa251546f6783d1216f921b8f8,y15905782019,="1246138911590506905",普通订单,交易成功,,1,327.93,0.0,0.0,0.0,830.07,taojinbi，11.070000;聚划算，789.000000;30，30.000000,,白2红2双支礼盒套装*1  黑钻酒塞*1,2021-01-14 12:35:16,2021-01-14 12:35:25,,,2021-01-14 15:33:37,2021-01-15 19:40:49,浙江省,丽水市,青田县,
TAOBAO,ceres旗舰店,e472277f91c87da4e3b10fa232e04677,vivia19605,="1246254420722523697",普通订单,交易成功,,1,288.83,0.0,0.0,0.0,908.17,2021天猫年货节跨店满减，30.000000;taojinbi，10.170000;年货囤货购物券，10.000000;年货价，858.000000,,,2021-01-20 00:18:27,2021-01-20 00:18:36,,,2021-01-20 15:56:02,2021-02-01 06:21:33,四川省,成都市,金牛区,
TAOBAO,ceres旗舰店,1b3470b2ec478c8327ed419a80db1c1a,gaoyouyanxiang,="1246319762207211897",普通订单,交易成功,,1,293.45,0.0,0.0,0.0,903.55,掌柜推荐，828.000000;taojinbi，5.550000;70，70.000000,,红1百1双支自饮套餐*1  黑猫酒塞*1,2021-01-19 15:53:36,2021-01-19 15:56:55,,,2021-01-19 17:36:53,2021-01-29 17:37:05,江苏省,扬州市,高邮市,
TAOBAO,ceres旗舰店,cbaac5386da3523c84234c1eb6bcac56,小粑粑点,="1246336600016797473",普通订单,交易成功,,1,301.23,0.0,0.0,0.0,856.77,年货价，832.000000;2021天猫年货节跨店满减，24.760000;taojinbi，0.010000,,白1双支自饮套餐*1 小兔酒塞**1,2021-01-20 00:44:57,2021-01-20 00:45:01,,,2021-01-20 14:26:03,2021-01-30 14:26:14,辽宁省,大连市,甘井子区,
TAOBAO,ceres旗舰店,17fc36667c5775a7fbfbb82e220650b0,picogiga,="1246400176159582975",普通订单,交易成功,,1,294.88,0.0,0.0,0.0,902.12,年货囤货购物券，10.000000;taojinbi，0.670000;年货价，858.000000;2021天猫年货节跨店满减，33.450000,,,2021-01-20 01:22:49,2021-01-20 01:22:53,,,2021-01-20 15:55:55,2021-01-22 22:50:51,福建省,福州市,鼓楼区,
TAOBAO,ceres旗舰店,9a81fa02ebedb2795692e62154fb3427,晓晓晓0233,="1246504692214238990",普通订单,交易成功,,3,987.0,0.0,0.0,0.0,2487.0,2021天猫年货节跨店满减，90.000000;30，30.000000;年货价，2367.000000,,白2红2双支礼盒套餐*3   白2*1  红2*1 香槟杯*2  不放售后卡,2021-01-20 10:33:20,2021-01-20 10:33:24,,,2021-01-20 11:33:11,2021-01-30 11:33:29,内蒙古自治区,赤峰市,松山区,
TAOBAO,ceres旗舰店,2be8f96dd86c723d8bbda4cd95faf202,妈妈爱六贝乐,="1246529760804523707",普通订单,交易成功,,1,307.12,0.0,0.0,0.0,850.88,30，30.000000;聚划算，819.000000;taojinbi，1.880000,,,2021-01-15 13:22:38,2021-01-15 13:22:56,,,2021-01-15 15:20:04,2021-01-25 15:20:18,福建省,厦门市,集美区,
TAOBAO,ceres旗舰店,5faf26a39e9befa1443351196dcc2978,yiang_uu,="1246545889850687109",普通订单,交易成功,,1,290.11,0.0,0.0,0.0,867.89,taojinbi，5.890000;30，30.000000;聚划算，832.000000,,,2021-01-15 14:29:24,2021-01-15 14:29:36,,,2021-01-15 17:43:05,2021-01-25 17:43:16,福建省,厦门市,思明区,
TAOBAO,ceres旗舰店,e4cbb2032e95bd77a6a29230bc510e5f,晨雨飘飞,="1246552801230253709",普通订单,交易成功,,1,300.5,0.0,0.0,0.0,896.5,taojinbi，8.500000;聚划算，858.000000;30，30.000000,,发顺丰,2021-01-15 14:45:19,2021-01-15 14:45:26,,,2021-01-15 17:33:59,2021-01-21 19:08:59,广东省,广州市,花都区,
TAOBAO,ceres旗舰店,22984f91aaa775d8cde60d27dff6e9ec,zyl0415,="1246593324428542999",普通订单,交易成功,,1,311.66,0.0,0.0,0.0,846.34,2021天猫年货节跨店满减，27.340000;年货价，819.000000,,,2021-01-20 13:22:16,2021-01-20 13:22:22,,,2021-01-20 15:55:59,2021-01-30 15:56:07,上海市,市辖区,嘉定区,
TAOBAO,ceres旗舰店,2e7b79621cfe37713a4e09c47ef23865,一切sui缘aaa,="1246599276307797606",普通订单,交易成功,,1,333.38,0.0,0.0,0.0,863.62,聚划算，828.000000;taojinbi，5.620000;30，30.000000,,,2021-01-15 16:47:30,2021-01-15 16:47:35,,,2021-01-15 17:40:33,2021-01-25 17:40:43,辽宁省,鞍山市,铁西区,
TAOBAO,ceres旗舰店,b6150962594a6d18ea1d49259e98f8d7,kaleido911,="1246718977450120806",普通订单,交易成功,,1,293.75,0.0,0.0,0.0,864.25,taojinbi，2.250000;30，30.000000;聚划算，832.000000,,,2021-01-16 01:03:23,2021-01-16 01:03:29,,,2021-01-16 15:51:22,2021-01-26 15:51:35,山西省,太原市,小店区,
TAOBAO,ceres旗舰店,6428472e356e139fe57c6828710be89a,miffysisichan,="1246761473767451783",普通订单,交易成功,,1,317.93,0.0,0.0,0.0,879.07,2021天猫年货节跨店满减，30.000000;taojinbi，11.070000;年货囤货购物券，10.000000;年货价，828.000000,,发顺丰！！红1白1双支礼盒套餐*1 黑猫酒塞*1  ,2021-01-20 00:05:11,2021-01-20 00:05:38,,,2021-01-20 11:35:48,2021-01-21 19:16:51,江苏省,苏州市,苏州工业园区,
TAOBAO,ceres旗舰店,3cc4f8868ada30f79518ad6898ae3138,a陈小帆,="1246800228714380409",普通订单,交易成功,,1,337.93,0.0,0.0,0.0,859.07,聚划算，828.000000;30，30.000000;taojinbi，1.070000,贺卡内容：生日快乐呀小仙女～祝你永远可可爱爱，酒至微醺，乐的纯粹呀～,发顺丰   白1红1双支礼盒装*1  黑钻酒塞*1,2021-01-16 10:49:35,2021-01-16 10:49:46,,,2021-01-16 15:38:36,2021-01-26 15:38:49,内蒙古自治区,呼和浩特市,赛罕区,
TAOBAO,ceres旗舰店,f98ca71e6c543e11a649abcecf12a4b3,落叶游蓝,="1246870212476884801",普通订单,交易成功,,3,1069.43,0.0,0.0,0.0,2404.57,聚划算，2367.000000;taojinbi，7.570000;30，30.000000,,白2红2双支礼盒套餐*3  白2*1 差价100  已退,2021-01-16 13:22:26,2021-01-16 13:22:31,,,2021-01-16 15:51:22,2021-01-26 15:51:34,江苏省,南京市,玄武区,
TAOBAO,ceres旗舰店,a7960d96f72e33ada96545ea1e9856f2,薄荷糖灬奶嘴瓶,="1246900074827567487",普通订单,交易成功,,1,317.93,0.0,0.0,0.0,879.07,taojinbi，11.070000;年货价，828.000000;年货囤货购物券，10.000000;2021天猫年货节跨店满减，30.000000,,,2021-01-20 00:01:38,2021-01-20 00:01:41,,,2021-01-20 15:55:50,2021-01-22 17:00:55,江苏省,苏州市,吴江区,
TAOBAO,ceres旗舰店,f98ca71e6c543e11a649abcecf12a4b3,落叶游蓝,="1246910390812884801",普通订单,交易成功,,3,2984.0,0.0,0.0,0.0,5368.0,100，100.000000;掌柜推荐，5268.000000,,白3红3双支礼盒套餐*3  红3*1 ,2021-01-16 13:43:34,2021-01-16 13:43:39,,,2021-01-16 15:51:24,2021-01-26 15:51:34,江苏省,南京市,玄武区,
TAOBAO,ceres旗舰店,d0dd35280b07916d2d04ed4b28d4e433,yy5209425,="1246944037445120599",普通订单,交易成功,,2,652.84,0.0,0.0,0.0,1741.16,2021天猫年货节跨店满减，70.620000;年货价，1656.000000;taojinbi，4.540000;10，10.000000,,,2021-01-20 09:02:28,2021-01-20 09:02:34,,,2021-01-20 15:55:59,2021-01-22 11:49:25,陕西省,宝鸡市,渭滨区,
TAOBAO,ceres旗舰店,7d2f083094cc8b92b20f1fe6411eb21e,培培1202,="1246966062276841380",普通订单,交易成功,,1,298.58,0.0,0.0,0.0,898.42,taojinbi，0.030000;年货价，858.000000;2021天猫年货节跨店满减，33.460000;年货囤货购物券，6.930000,,白1红1双支自饮套餐*1 爱心酒塞*1,2021-01-20 00:07:03,2021-01-20 00:07:13,,,2021-01-20 11:40:12,2021-01-30 11:40:23,山东省,东营市,利津县,
TAOBAO,ceres旗舰店,ecbccb4c39488d1f9ba2df07f0c4a36f,blanca雨,="1247004518813957895",普通订单,交易成功,,1,320.27,0.0,0.0,0.0,876.73,年货价，858.000000;2021天猫年货节跨店满减，17.180000;taojinbi，1.550000,,红1白1双支自饮套餐*1  小兔酒塞*1,2021-01-20 00:10:03,2021-01-20 00:10:29,,,2021-01-20 11:40:11,2021-01-22 14:26:18,浙江省,金华市,义乌市,
TAOBAO,ceres旗舰店,9a99e14fd4a644778a416c10826a27e4,lilinlihi,="1247059632214759388",普通订单,交易成功,,1,325.84,0.0,0.0,0.0,832.16,taojinbi，0.160000;2021天猫年货节跨店满减，30.000000;年货价，802.000000,,,2021-01-21 16:36:20,2021-01-21 16:36:25,,,2021-01-21 17:52:20,2021-01-31 17:52:27,上海市,市辖区,闵行区,
TAOBAO,ceres旗舰店,c891aa0439dabfc3ce308b0964e89f87,geilible,="1247066991898129209",普通订单,交易成功,,1,289.95,0.0,0.0,0.0,907.05,taojinbi，9.050000;掌柜推荐，828.000000;70，70.000000,,,2021-01-17 00:10:26,2021-01-17 00:10:31,,,2021-01-17 15:23:48,2021-01-27 15:23:56,北京市,市辖区,石景山区,
TAOBAO,ceres旗舰店,fd2da2851435c191c9acf1676e8fe401,张小兔小妞儿,="1247094663439411191",普通订单,交易成功,,1,283.92,0.0,0.0,0.0,874.08,2021天猫年货节跨店满减，30.000000;年货囤货购物券，10.000000;年货价，832.000000;taojinbi，2.080000,,,2021-01-20 00:02:41,2021-01-20 00:02:45,,,2021-01-20 15:55:50,2021-01-24 18:17:51,湖南省,邵阳市,大祥区,
TAOBAO,ceres旗舰店,c891aa0439dabfc3ce308b0964e89f87,geilible,="1247121062243129209",普通订单,交易成功,,1,317.03,0.0,0.0,0.0,840.97,70，70.000000;taojinbi，11.970000;掌柜推荐，759.000000,,,2021-01-17 00:09:59,2021-01-17 00:10:05,,,2021-01-17 15:23:48,2021-01-27 15:23:55,北京市,市辖区,石景山区,
TAOBAO,ceres旗舰店,c891aa0439dabfc3ce308b0964e89f87,geilible,="1247121206172129209",普通订单,交易成功,,1,299.0,0.0,0.0,0.0,859.0,掌柜推荐，789.000000;70，70.000000,,白2红2双支自饮套餐*1 白2*1 爱心酒塞*1,2021-01-17 00:10:48,2021-01-17 00:10:52,,,2021-01-17 15:23:45,2021-01-27 15:23:57,北京市,市辖区,石景山区,
TAOBAO,ceres旗舰店,26926a6709736cb1ee45cb689f6d47ec,卖血买领带ol,="1247143584620897398",普通订单,交易成功,,1,288.83,0.0,0.0,0.0,869.17,年货价，819.000000;年货囤货购物券，10.000000;taojinbi，10.170000;2021天猫年货节跨店满减，30.000000,,,2021-01-21 20:19:27,2021-01-21 20:19:33,,,2021-01-22 15:12:48,2021-01-26 19:21:18,甘肃省,兰州市,皋兰县,
TAOBAO,ceres旗舰店,c7f45099b3272619f4369cb410fe0c74,栀子曼菲,="1247145054251753482",普通订单,交易成功,,1,283.71,0.0,0.0,0.0,874.29,年货价，832.000000;taojinbi，9.780000;2021天猫年货节跨店满减，32.510000,,白1双支自饮套餐*1 白猫酒塞*1,2021-01-20 00:46:47,2021-01-20 00:46:58,,,2021-01-20 11:40:11,2021-01-30 11:40:20,北京市,市辖区,朝阳区,
TAOBAO,ceres旗舰店,20a031289aa92c4f5ce767e9f0029a57,tb558612426,="1247151756665384288",普通订单,交易成功,,1,299.0,0.0,0.0,0.0,859.0,2021天猫年货节跨店满减，30.000000;年货囤货购物券，10.000000;年货价，819.000000,,白2红2双支自饮套餐*1  白猫酒塞*1,2021-01-21 20:42:12,2021-01-21 20:46:33,,,2021-01-22 09:08:16,2021-02-01 09:08:28,宁夏回族自治区,银川市,金凤区,
TAOBAO,ceres旗舰店,1bfc7c7d39bf305f9782345a88e36c92,tb49150903,="1247160427458456275",普通订单,交易成功,,1,302.52,0.0,0.0,0.0,855.48,年货价，802.000000;taojinbi，10.680000;年货囤货购物券，10.000000;2021天猫年货节跨店满减，32.800000,,白1双支礼盒套餐*1 黑钻酒塞*1,2021-01-20 00:05:38,2021-01-20 00:05:46,,,2021-01-20 11:40:11,2021-01-24 20:26:53,陕西省,汉中市,西乡县,
TAOBAO,ceres旗舰店,31c714660bdea4ab8b692d523fdc4a05,qq15380791692,="1247179507681077083",普通订单,交易成功,,1,311.46,0.0,0.0,0.0,885.54,年货价，828.000000;年货囤货购物券，10.000000;2021天猫年货节跨店满减，36.470000;taojinbi，11.070000,,,2021-01-20 00:13:06,2021-01-20 00:13:12,,,2021-01-20 15:55:52,2021-01-30 15:56:02,山东省,青岛市,市北区,
TAOBAO,ceres旗舰店,977c008f650571096bf460c3d7866388,begoodoright,="1247182680194714191",普通订单,交易成功,,1,307.91,0.0,0.0,0.0,850.09,2021天猫年货节跨店满减，27.410000;年货囤货购物券，10.000000;taojinbi，10.680000;年货价，802.000000,,,2021-01-21 22:10:59,2021-01-21 22:11:04,,,2021-01-22 15:12:50,2021-01-26 16:56:39,北京市,市辖区,东城区,
TAOBAO,ceres旗舰店,1364368ca867e6bd651759dd5ab46fbb,蓝韵蓝蓝,="1247213640586150694",普通订单,交易成功,,3,887.0,0.0,0.0,0.0,2587.0,年货囤货购物券，10.000000;年货价，2457.000000;2021天猫年货节跨店满减，90.000000;30，30.000000,,白2红2双支自饮套餐*3  红2*1  爱心酒塞*1,2021-01-21 23:58:50,2021-01-21 23:59:06,,,2021-01-22 14:57:50,2021-02-01 14:57:57,上海市,市辖区,浦东新区,
TAOBAO,ceres旗舰店,1c2b5e964944b912ffb75cb908b5ccd3,hanwwcn,="1247230286562507309",普通订单,交易成功,,1,275.32,0.0,0.0,0.0,882.68,taojinbi，10.680000;掌柜推荐，802.000000;70，70.000000,,,2021-01-17 12:26:43,2021-01-17 12:26:50,,,2021-01-17 15:23:47,2021-01-19 17:45:28,陕西省,西安市,新城区,
TAOBAO,ceres旗舰店,f1da8cf164d155f20351d70c81bf06cb,may518008,="1247284165661585894",普通订单,交易成功,,1,292.21,0.0,0.0,0.0,904.79,taojinbi，6.570000;年货囤货购物券，10.000000;2021天猫年货节跨店满减，30.220000;年货价，858.000000,,白1红1双支自饮套餐*1 白猫酒塞*1,2021-01-20 10:07:48,2021-01-20 10:07:59,,,2021-01-20 14:27:34,2021-01-30 14:27:49,广东省,深圳市,南山区,
TAOBAO,ceres旗舰店,cef68d11c5444e7a0bae46349fbbcfd0,工作特别忙,="1247325831717709410",普通订单,交易成功,,1,286.0,0.0,0.0,0.0,872.0,70，70.000000;掌柜推荐，802.000000,,,2021-01-17 19:13:25,2021-01-17 19:13:38,,,2021-01-18 15:29:27,2021-01-27 14:37:11,辽宁省,大连市,中山区,
TAOBAO,ceres旗舰店,1f9c7fcaf0678146256b364f6f848af2,dwnn800,="1247338813284848488",普通订单,交易成功,,1,296.0,0.0,0.0,0.0,901.0,年货价，858.000000;taojinbi，0.470000;年货囤货购物券，10.000000;2021天猫年货节跨店满减，32.530000,,白1红1双支自饮套餐*1 爱心酒塞*1,2021-01-20 11:47:04,2021-01-20 11:47:18,,,2021-01-20 14:27:34,2021-01-30 14:27:48,山东省,青岛市,崂山区,
TAOBAO,ceres旗舰店,af45d9db161b4bbef864ceae896506c7,grace810312,="1247365778205516989",普通订单,交易成功,,1,887.29,0.0,0.0,0.0,1896.71,taojinbi，0.710000;2021天猫年货节跨店满减，90.000000;年货囤货购物券，10.000000;年货价，1766.000000;30，30.000000,,白3红3双支礼盒套餐*1 小兔酒塞*1 白猫酒塞*1,2021-01-20 12:17:07,2021-01-20 12:17:18,,,2021-01-20 15:56:02,2021-01-22 21:58:44,浙江省,杭州市,滨江区,
TAOBAO,ceres旗舰店,08471992ab5f85a8813c38362ec4e133,小琼1985,="1247374490046138890",普通订单,交易成功,,1,295.29,0.0,0.0,0.0,901.71,年货囤货购物券，10.000000;2021天猫年货节跨店满减，33.480000;年货价，858.000000;taojinbi，0.230000,,,2021-01-20 12:31:46,2021-01-20 12:31:54,,,2021-01-20 15:55:50,2021-01-21 19:55:29,上海市,市辖区,宝山区,
TAOBAO,ceres旗舰店,86aa8babf4c62aaf9f24a8499b06e122,零国度的石楠花,="1247374755001119003",普通订单,交易成功,,1,357.97,0.0,0.0,0.0,1016.03,70，70.000000;taojinbi，0.030000;掌柜推荐，946.000000,,,2021-01-17 21:37:24,2021-01-17 21:37:29,,,2021-01-18 15:38:52,2021-01-31 15:39:05,天津市,市辖区,,
TAOBAO,ceres旗舰店,cfae9f5895454541eeef7af7da166a48,yijian2008com,="1247379602327933391",普通订单,交易成功,,1,288.83,0.0,0.0,0.0,908.17,年货囤货购物券，10.000000;年货价，858.000000;taojinbi，10.170000;2021天猫年货节跨店满减，30.000000,,,2021-01-20 12:44:32,2021-01-20 12:44:37,,,2021-01-20 15:55:53,2021-01-30 15:56:09,甘肃省,甘南藏族自治州,合作市,
TAOBAO,ceres旗舰店,83b2a2aad5ae16ca37e5f749c4b82dac,tb6544542,="1247392034530745810",普通订单,交易成功,,1,287.93,0.0,0.0,0.0,909.07,掌柜推荐，828.000000;70，70.000000;taojinbi，11.070000,,白1红1双支礼盒套餐*1 兔子酒塞*1,2021-01-17 20:05:57,2021-01-17 20:06:30,,,2021-01-18 15:38:51,2021-01-20 21:49:02,广东省,揭阳市,榕城区,
TAOBAO,ceres旗舰店,83b2a2aad5ae16ca37e5f749c4b82dac,tb6544542,="1247404706947745810",普通订单,交易成功,,1,30.0,29.0,0.0,0.0,,,,不发货,2021-01-17 20:48:21,2021-01-17 20:48:49,,,2021-01-20 18:03:58,2021-01-20 21:49:35,广东省,广州市,天河区,
TAOBAO,ceres旗舰店,afcf21cf757e6cc511ccd54eacdd2fe5,天火流明,="1247445600301009402",普通订单,交易成功,,1,284.93,0.0,0.0,0.0,873.07,taojinbi，1.070000;掌柜推荐，802.000000;70，70.000000,,白2双支自饮套餐*1  黑钻酒塞*1,2021-01-18 03:37:22,2021-01-18 03:37:25,,,2021-01-18 15:38:54,2021-01-20 22:11:06,广东省,深圳市,龙岗区,
TAOBAO,ceres旗舰店,a4865de3446b362710a62bb08a960d0d,倒霉呢,="1247446416179488989",普通订单,交易成功,,1,300.64,0.0,0.0,0.0,857.36,2021天猫年货节跨店满减，34.680000;年货囤货购物券，10.000000;taojinbi，10.680000;年货价，802.000000,,,2021-01-22 17:30:23,2021-01-22 17:30:30,,,2021-01-22 17:48:19,2021-02-01 17:48:27,山东省,青岛市,崂山区,
TAOBAO,ceres旗舰店,fe57ced8af4594633ea66768ef96a398,zia731,="1247463422890549110",普通订单,交易成功,,1,284.35,0.0,0.0,0.0,873.65,70，70.000000;taojinbi，1.650000;掌柜推荐，802.000000,,发顺丰 白1双支自饮套餐*1 爱心酒塞*1,2021-01-18 00:39:28,2021-01-18 00:39:37,,,2021-01-18 08:57:00,2021-01-20 21:02:36,北京市,市辖区,朝阳区,
TAOBAO,ceres旗舰店,9a81fa02ebedb2795692e62154fb3427,晓晓晓0233,="1247498583203238990",普通订单,交易成功,,1,838.0,0.0,0.0,0.0,1946.0,年货价，1816.000000;30，30.000000;年货囤货购物券，10.000000;2021天猫年货节跨店满减，90.000000,,不放售后卡,2021-01-20 10:28:05,2021-01-20 10:28:10,,,2021-01-20 14:30:00,2021-01-30 14:30:09,内蒙古自治区,赤峰市,松山区,
TAOBAO,ceres旗舰店,98466fadcb4717158981415987a9c315,陈皮汤圆小红枣95,="1247526553341319691",普通订单,交易成功,,1,163.63,0.0,0.0,0.0,430.37,年货囤货购物券，10.000000;年货价，415.000000;taojinbi，5.370000,,白2单支自饮套餐*1  黑猫酒塞*1,2021-01-20 19:22:43,2021-01-20 19:22:52,,,2021-01-21 13:16:15,2021-01-24 13:14:26,山西省,临汾市,尧都区,
TAOBAO,ceres旗舰店,4d2f5fe7ebd6020496f4f3225a25977a,小破孩无语,="1247544084104791895",普通订单,等待买家确认收货,,1,326.85,0.0,0.0,0.0,831.15,年货价，789.000000;taojinbi，2.150000;2021天猫年货节跨店满减，30.000000;年货囤货购物券，10.000000,,发顺丰 白2红2双支礼盒套餐*1  白2*1 白2礼盒*1,2021-01-22 22:14:38,2021-01-22 22:14:52,,,2021-01-23 15:15:39,,江苏省,扬州市,邗江区,
TAOBAO,ceres旗舰店,b73fb3453f24c92791b1895ce1ff03b5,gk518518,="1247587947621056904",普通订单,交易成功,,1,329.0,0.0,0.0,0.0,829.0,掌柜推荐，759.000000;70，70.000000,,,2021-01-18 16:13:00,2021-01-18 16:13:04,,,2021-01-18 17:39:52,2021-01-19 16:28:32,江苏省,无锡市,江阴市,
TAOBAO,ceres旗舰店,e6211c115cd8f69f52e01f7b9b9bc957,张智霖888888,="1247594307194109795",普通订单,交易成功,,1,313.83,0.0,0.0,0.0,844.17,年货价，802.000000;年货囤货购物券，10.000000;taojinbi，2.170000;2021天猫年货节跨店满减，30.000000,,白1双支礼盒套餐*1  黑猫酒塞*1,2021-01-20 13:42:28,2021-01-20 13:42:31,,,2021-01-20 14:27:34,2021-01-25 10:49:43,河南省,郑州市,金水区,
TAOBAO,ceres旗舰店,6dfeba67fdb0261f5f549a04a291d2d6,_1无与伦比1_,="1247661314580213801",普通订单,交易成功,,1,328.43,0.0,0.0,0.0,868.57,掌柜推荐，798.000000;taojinbi，0.570000;70，70.000000,,,2021-01-18 17:28:00,2021-01-18 17:28:05,,,2021-01-18 17:39:53,2021-01-28 17:40:07,山东省,青岛市,市北区,
TAOBAO,ceres旗舰店,ccd13262485522695e1e7cecddb1804f,leecheeguodong1314,="1247747427270302503",普通订单,交易成功,,1,317.03,0.0,0.0,0.0,879.97,70，70.000000;taojinbi，11.970000;掌柜推荐，798.000000,,,2021-01-19 08:31:36,2021-01-20 00:09:58,,,2021-01-20 15:08:03,2021-01-23 14:05:33,黑龙江省,哈尔滨市,宾县,
TAOBAO,ceres旗舰店,ccd13262485522695e1e7cecddb1804f,leecheeguodong1314,="1247771257897302503",普通订单,交易成功,,1,317.03,0.0,0.0,0.0,879.97,掌柜推荐，798.000000;70，70.000000;taojinbi，11.970000,,,2021-01-19 08:30:25,2021-01-20 00:10:38,,,2021-01-20 15:08:02,2021-01-24 10:13:41,黑龙江省,哈尔滨市,宾县,
TAOBAO,ceres旗舰店,8c4a002234232ea89d0626914ac371b6,代号tx,="1247797382119459099",普通订单,交易成功,,1,273.66,0.0,0.0,0.0,884.34,年货价，832.000000;2021天猫年货节跨店满减，32.560000;年货囤货购物券，10.000000;taojinbi，9.780000,,,2021-01-21 13:31:15,2021-01-21 13:31:19,,,2021-01-21 15:47:58,2021-01-31 15:48:09,浙江省,宁波市,鄞州区,
TAOBAO,ceres旗舰店,2ced38a9cb031a385c9ec2786df23d92,小糖豆23,="1247826003013020389",普通订单,交易成功,,1,348.84,0.0,0.0,0.0,848.16,年货价，808.000000;年货囤货购物券，10.000000;taojinbi，0.160000;2021天猫年货节跨店满减，30.000000,送朋友的  请一定包装好,,2021-01-20 23:07:25,2021-01-20 23:07:32,,,2021-01-21 15:48:00,2021-01-31 13:36:57,云南省,昭通市,昭阳区,
TAOBAO,ceres旗舰店,991eb1e134cd185d32871d1ce135a9f5,静好新,="1247869201810598994",普通订单,交易成功,,2,667.99,0.0,0.0,0.0,1726.01,taojinbi，0.010000;10，10.000000;年货价，1656.000000;2021天猫年货节跨店满减，60.000000,,,2021-01-21 17:12:08,2021-01-21 17:12:12,,,2021-01-21 17:52:23,2021-01-31 17:52:36,山东省,泰安市,新泰市,
TAOBAO,ceres旗舰店,af1fada6e3208f0ffd22d24b97abb915,tb140210255,="1247879823380928493",普通订单,交易成功,,3,884.22,0.0,0.0,0.0,2706.78,2021天猫年货节跨店满减，90.000000;年货价，2574.000000;taojinbi，2.780000;年货囤货购物券，10.000000;30，30.000000,,白1红1双支自饮套餐*3  红1*1 ,2021-01-21 08:32:41,2021-01-21 08:32:47,,,2021-01-21 13:16:15,2021-01-31 13:16:25,湖北省,荆门市,掇刀区,
TAOBAO,ceres旗舰店,4fa6bd97e579da5e8e1be3d3f5ff58ca,tb764994298,="1247888869589459700",普通订单,交易成功,,1,1146.12,0.0,0.0,0.0,2717.88,taojinbi，1.880000;140，140.000000;品牌促销，2576.000000,,买6瓶送1瓶【数云备注】,2021-01-19 16:36:57,2021-01-19 16:39:03,,,2021-01-19 17:36:54,2021-01-29 17:37:02,湖南省,常德市,石门县,
TAOBAO,ceres旗舰店,079b0b9c8a0683211971b6dbc658676e,tb_4351667,="1247895998251126307",普通订单,交易成功,,1,287.93,0.0,0.0,0.0,870.07,taojinbi，11.070000;70，70.000000;掌柜推荐，789.000000,,发顺丰！！！ 白2红2双支自饮套餐*1  黑砖酒塞*1 ,2021-01-19 14:55:23,2021-01-19 14:55:41,,,2021-01-19 15:12:46,2021-01-29 15:12:55,吉林省,延边朝鲜族自治州,延吉市,
TAOBAO,ceres旗舰店,806843e096a31031e03bd2528adf1e36,君临小宇,="1247907435323089792",普通订单,交易成功,,1,316.58,0.0,0.0,0.0,841.42,2021天猫年货节跨店满减，27.290000;年货价，802.000000;taojinbi，2.130000;年货囤货购物券，10.000000,,白2双支礼盒套餐*1 黑钻酒塞*1,2021-01-21 10:20:25,2021-01-21 10:20:32,,,2021-01-21 15:47:59,2021-01-23 15:41:59,福建省,福州市,马尾区,
TAOBAO,ceres旗舰店,797931bd5e755d0f77c3dc19ce67469e,骑蜗牛看靓女,="1247942208524285794",普通订单,等待买家确认收货,,1,325.48,0.0,0.0,0.0,832.52,年货价，789.000000;2021天猫年货节跨店满减，30.000000;年货囤货购物券，10.000000;taojinbi，3.520000,,,2021-01-24 00:24:49,2021-01-24 00:24:55,,,2021-01-24 15:15:17,,山西省,晋中市,寿阳县,
TAOBAO,ceres旗舰店,d59b343f20f0b399d60b470a6f044e40,tb874615458,="1247949408642781194",普通订单,等待买家确认收货,,1,294.38,0.0,0.0,0.0,902.62,年货价，858.000000;taojinbi，0.910000;2021天猫年货节跨店满减，33.710000;年货囤货购物券，10.000000,,,2021-01-24 01:20:47,2021-01-24 01:20:53,,,2021-01-24 15:15:17,,山东省,青岛市,崂山区,
TAOBAO,ceres旗舰店,5851082f27a72beae3593a18418d7ac3,herrypotter88,="1247955002009446803",普通订单,交易成功,,1,442.32,0.0,0.0,0.0,754.68,taojinbi，13.680000;掌柜推荐，741.000000,,,2021-01-19 19:06:46,2021-01-19 19:06:53,,,2021-01-20 15:55:49,2021-01-21 22:15:29,浙江省,杭州市,余杭区,
TAOBAO,ceres旗舰店,0ecc63e181790904abec826ec5e67014,tb7855083679,="1247958384114774606",普通订单,交易成功,,1,456.0,0.0,0.0,0.0,912.0,掌柜推荐，912.000000,,,2021-01-19 21:19:50,2021-01-19 21:19:56,,,2021-01-20 15:55:49,2021-01-30 15:55:58,四川省,成都市,双流区,
TAOBAO,ceres旗舰店,78d8aa89f292b08922d34e59b7009041,tb97390903,="1247973926053829189",普通订单,交易成功,,1,329.38,0.0,0.0,0.0,867.62,taojinbi，9.620000;年货价，828.000000;2021天猫年货节跨店满减，30.000000,,,2021-01-21 21:43:52,2021-01-21 21:44:24,,,2021-01-22 15:12:49,2021-02-01 15:12:54,湖北省,黄冈市,红安县,
TAOBAO,ceres旗舰店,38ed64aa1e5e89be3ddab204183e96c7,婚礼歌手媛媛,="1247988589563048303",普通订单,交易成功,,1,287.1,0.0,0.0,0.0,870.9,年货囤货购物券，10.000000;年货价，832.000000;2021天猫年货节跨店满减，28.900000,,,2021-01-20 00:03:43,2021-01-20 00:03:48,,,2021-01-20 15:55:51,2021-01-23 13:14:20,江苏省,苏州市,虎丘区,
TAOBAO,ceres旗舰店,e31ffd094ca9d1e5e4525ac28b6fa8cb,tb815149398,="1248006804749276608",普通订单,交易成功,,1,299.0,0.0,0.0,0.0,898.0,年货价，858.000000;年货囤货购物券，10.000000;2021天猫年货节跨店满减，30.000000,,,2021-01-20 00:19:50,2021-01-20 00:19:56,,,2021-01-20 15:56:02,2021-01-21 11:08:13,上海市,市辖区,闵行区,
TAOBAO,ceres旗舰店,7bc004b9b889aa6d04c663df1a2e6fa6,王尼玛wq,="1248011412096850904",普通订单,交易成功,,1,882.66,0.0,0.0,0.0,1901.34,2021天猫年货节跨店满减，90.000000;年货价，1766.000000;年货囤货购物券，10.000000;30，30.000000;taojinbi，5.340000,,,2021-01-20 00:10:42,2021-01-20 00:10:49,,,2021-01-20 15:55:52,2021-01-24 16:54:57,湖北省,武汉市,青山区,
TAOBAO,ceres旗舰店,7a03834d75c519846ff239c6485a068d,帅气wj,="1248012769309105596",普通订单,交易成功,,1,317.93,0.0,0.0,0.0,879.07,年货囤货购物券，10.000000;年货价，828.000000;2021天猫年货节跨店满减，30.000000;taojinbi，11.070000,,白1红1双支礼盒套餐*1 爱心酒塞*1,2021-01-22 00:27:54,2021-01-22 00:28:08,,,2021-01-22 14:57:51,2021-02-01 14:57:58,浙江省,绍兴市,越城区,
TAOBAO,ceres旗舰店,4b6fc59e6b598386d88b23c7d63d024f,夕颜19,="1248032029955311793",普通订单,交易成功,,1,295.62,0.0,0.0,0.0,862.38,年货囤货购物券，10.000000;2021天猫年货节跨店满减，33.380000;年货价，819.000000,,,2021-01-22 07:33:15,2021-01-22 07:34:24,,,2021-01-22 15:12:49,2021-02-01 15:13:00,广东省,深圳市,龙岗区,
TAOBAO,ceres旗舰店,9e63c35ebb2263cbb8ee7550fa2ca561,我的心40778608,="1248038667323283603",普通订单,交易成功,,1,299.0,0.0,0.0,0.0,859.0,年货囤货购物券，10.000000;2021天猫年货节跨店满减，30.000000;年货价，819.000000,,,2021-01-20 07:27:11,2021-01-20 07:27:18,,,2021-01-20 15:55:58,2021-01-22 11:58:19,安徽省,滁州市,来安县,
TAOBAO,ceres旗舰店,a7d3dc64731611864190e0fa404e1cc7,bonslash,="1248057674424175802",普通订单,交易成功,,1,331.76,0.0,0.0,0.0,865.24,2021天猫年货节跨店满减，36.200000;taojinbi，1.040000;年货价，828.000000,,,2021-01-20 00:29:37,2021-01-20 00:29:46,,,2021-01-20 15:55:49,2021-01-23 15:56:55,福建省,龙岩市,武平县,
TAOBAO,ceres旗舰店,9ed9cf22631046c2ecb0ed6e4b1a3dfc,cj_6195,="1248062643750385109",普通订单,交易成功,,1,288.83,0.0,0.0,0.0,869.17,taojinbi，10.170000;2021天猫年货节跨店满减，30.000000;年货价，819.000000;年货囤货购物券，10.000000,,发顺丰！！！  白2红2双支自饮套餐*1  白狗酒塞*1 ,2021-01-20 08:48:01,2021-01-20 08:48:14,,,2021-01-20 11:35:48,2021-01-22 19:17:37,陕西省,西安市,雁塔区,
TAOBAO,ceres旗舰店,5f9803397d2d5735804933c7098d7855,马跃函,="1248080016192505695",普通订单,等待买家确认收货,,1,290.33,0.0,0.0,0.0,867.67,年货囤货购物券，10.000000;taojinbi，10.170000;2021天猫年货节跨店满减，28.500000;年货价，819.000000,,白2红2双支自饮套餐*1  白狗酒塞*1 ,2021-01-24 13:27:17,2021-01-24 13:27:25,,,2021-01-24 14:16:38,,吉林省,长春市,朝阳区,
TAOBAO,ceres旗舰店,b59185e1c0d8c244b26a00754a76a9aa,zhanghecatherine,="1248089389938216609",普通订单,交易成功,,1,298.12,0.0,0.0,0.0,859.88,年货价，819.000000;taojinbi，0.040000;年货囤货购物券，10.000000;2021天猫年货节跨店满减，30.840000,,,2021-01-20 09:13:53,2021-01-20 09:14:10,,,2021-01-20 15:56:01,2021-01-22 18:20:39,广东省,汕头市,金平区,
TAOBAO,ceres旗舰店,6d6f82627af7242adee64e73de56ea52,长点的名字好唬人,="1248115946241899989",普通订单,交易成功,,1,305.32,0.0,0.0,0.0,852.68,taojinbi，10.680000;2021天猫年货节跨店满减，30.000000;年货价，802.000000;年货囤货购物券，10.000000,,,2021-01-22 11:36:06,2021-01-22 11:36:09,,,2021-01-22 15:12:50,2021-01-24 15:48:10,江苏省,南京市,栖霞区,
TAOBAO,ceres旗舰店,4355e36dcc9226848b5f83e8c155c237,311珍,="1248127071012745199",普通订单,交易成功,,3,838.14,0.0,0.0,0.0,2635.86,taojinbi，5.360000;2021天猫年货节跨店满减，94.500000;年货囤货购物券，10.000000;30，30.000000;年货价，2496.000000,,白1双支自饮套餐*3  白1*1  爱心酒塞*1,2021-01-21 20:11:11,2021-01-21 20:11:17,,,2021-01-22 14:57:50,2021-02-01 14:57:52,浙江省,温州市,鹿城区,
TAOBAO,ceres旗舰店,86aa8babf4c62aaf9f24a8499b06e122,零国度的石楠花,="1248157430294119003",普通订单,交易成功,,30,30.0,0.0,0.0,0.0,,,,发顺丰 红1礼盒*2  冰酒礼袋*1,2021-01-20 19:35:41,2021-01-20 19:35:49,,,2021-01-21 08:59:31,2021-01-31 08:59:49,天津市,市辖区,,
TAOBAO,ceres旗舰店,58d39fcdf9e7357e8bc046c06bb94e7d,tb4263334_2012,="1248165926154195602",普通订单,交易成功,,1,347.33,0.0,0.0,0.0,849.67,taojinbi，11.670000;年货价，808.000000;2021天猫年货节跨店满减，30.000000,,白1红1双支礼盒套餐*1  黑猫酒塞*1,2021-01-20 18:14:46,2021-01-20 18:14:55,,,2021-01-21 13:16:14,2021-01-31 13:16:26,湖北省,武汉市,洪山区,
TAOBAO,ceres旗舰店,8199a2c1928a827b9517251dc6984c7d,怀予yogin,="1248229538086815208",普通订单,交易成功,,1,786.64,0.0,0.0,0.0,1997.36,年货价，1866.000000;2021天猫年货节跨店满减，90.000000;taojinbi，1.360000;30，30.000000;年货囤货购物券，10.000000,,发顺丰！！！,2021-01-20 12:11:46,2021-01-20 12:11:52,,,2021-01-20 13:01:20,2021-01-30 13:01:24,吉林省,长春市,绿园区,
TAOBAO,ceres旗舰店,2c57b93514f6388e77dc2f37f62a5950,pgrose,="1248241129588332012",普通订单,交易成功,,1,159.39,0.0,0.0,0.0,434.61,2021天猫年货节跨店满减，14.240000;年货价，415.000000;taojinbi，5.370000,,,2021-01-20 14:07:38,2021-01-20 14:07:47,,,2021-01-20 17:34:05,2021-01-23 11:56:09,北京市,市辖区,丰台区,
TAOBAO,ceres旗舰店,ecbccb4c39488d1f9ba2df07f0c4a36f,blanca雨,="1248241981708957895",普通订单,交易成功,,2,598.38,0.0,0.0,0.0,1795.62,taojinbi，9.620000;2021天猫年货节跨店满减，60.000000;年货价，1716.000000;10，10.000000,,,2021-01-22 17:59:39,2021-01-22 17:59:45,,,2021-01-23 15:40:24,2021-01-25 09:36:40,浙江省,金华市,义乌市,
TAOBAO,ceres旗舰店,2f4480d1da678e12b69da231da0726f4,tb7323219_2011,="1248246768255167491",普通订单,等待买家确认收货,,1,296.63,0.0,0.0,0.0,861.37,2021天猫年货节跨店满减，30.000000;年货囤货购物券，10.000000;taojinbi，2.370000;年货价，819.000000,,白2红2双支自饮套餐*1 白狗酒塞*1,2021-01-24 20:52:39,2021-01-24 20:52:52,,,2021-01-25 14:09:57,,上海市,市辖区,黄浦区,
TAOBAO,ceres旗舰店,2c729f71fe66fd7f9cd45be43a9be172,杨春浩123,="1248308796384051498",普通订单,等待买家确认收货,,1,295.74,0.0,0.0,0.0,901.26,年货价，858.000000;taojinbi，9.400000;2021天猫年货节跨店满减，33.860000,,,2021-01-25 00:06:26,2021-01-25 00:06:44,,,2021-01-25 15:31:34,,海南省,海口市,美兰区,
TAOBAO,ceres旗舰店,4d2f5fe7ebd6020496f4f3225a25977a,小破孩无语,="1248343034259791895",普通订单,等待买家确认收货,,2,1200.32,0.0,0.0,0.0,30.0,30，30.000000,,发顺丰 白3红3双支礼盒套餐*1  白2双支礼盒套餐*1  白狗酒塞*1,2021-01-22 22:09:36,2021-01-22 22:09:46,,,2021-01-23 15:15:39,,江苏省,扬州市,邗江区,
TAOBAO,ceres旗舰店,ba3906376ecdf26e24f13bb930749d63,ken辉c,="1248361717222112898",普通订单,等待买家确认收货,,1,276.22,0.0,0.0,0.0,881.78,年货囤货购物券，10.000000;taojinbi，9.780000;2021天猫年货节跨店满减，30.000000;年货价，832.000000,,,2021-01-22 23:51:23,2021-01-22 23:51:28,,,2021-01-23 15:50:50,,广东省,云浮市,云城区,
TAOBAO,ceres旗舰店,f0c11b22a5d81b831aa4822e4558dd3b,chen9yi,="1248380054827625209",普通订单,交易成功,,1,288.83,0.0,0.0,0.0,908.17,年货价，858.000000;taojinbi，10.170000;年货囤货购物券，10.000000;2021天猫年货节跨店满减，30.000000,,,2021-01-20 18:12:19,2021-01-20 18:12:24,,,2021-01-21 15:47:56,2021-01-31 15:48:08,湖北省,武汉市,黄陂区,
TAOBAO,ceres旗舰店,15f585747596523d09336c1f57664ba3,小猪宝宝236,="1248461124873781809",普通订单,交易成功,,1,154.92,0.0,0.0,0.0,439.08,2021天猫年货节跨店满减，18.410000;taojinbi，5.670000;年货囤货购物券，10.000000;年货价，405.000000,,发顺丰,2021-01-20 22:28:23,2021-01-20 22:28:31,,,2021-01-21 08:59:31,2021-01-31 08:59:36,湖南省,长沙市,开福区,
TAOBAO,ceres旗舰店,23800f1ff51327919ba01d73abe7cf07,tb0351050_2011,="1248466455344637507",普通订单,交易成功,,1,311.38,0.0,0.0,0.0,846.62,年货囤货购物券，10.000000;2021天猫年货节跨店满减，36.550000;taojinbi，11.070000;年货价，789.000000,,,2021-01-21 00:00:48,2021-01-21 00:01:01,,,2021-01-21 15:48:01,2021-01-31 15:48:20,湖北省,武汉市,江岸区,
TAOBAO,ceres旗舰店,83ae339e5eddd576e11fb2e66e97ca84,装扮爱美天使,="1248571275367411599",普通订单,等待买家确认收货,,1,299.0,0.0,0.0,0.0,898.0,2021天猫年货节跨店满减，30.000000;年货囤货购物券，10.000000;年货价，858.000000,,白1红1双支自饮套餐*1 小鹿酒塞*1,2021-01-23 01:40:32,2021-01-23 01:40:40,,,2021-01-23 15:13:51,,辽宁省,大连市,沙河口区,
TAOBAO,ceres旗舰店,143ab3d251acb51c9603a2d25c4077ff,sx18260592198,="1248577647983259095",普通订单,等待买家确认收货,,1,310.2,0.0,0.0,0.0,847.8,2021天猫年货节跨店满减，30.000000;年货价，802.000000;taojinbi，5.800000;年货囤货购物券，10.000000,,,2021-01-23 05:48:20,2021-01-23 05:48:31,,,2021-01-23 15:40:25,,江苏省,南通市,崇川区,
TAOBAO,ceres旗舰店,b0dbc590cd9ed9a6fac287409304d363,shellycoco,="1248596869716312598",普通订单,交易成功,,1,285.2,0.0,0.0,0.0,872.8,年货价，832.000000;taojinbi，8.420000;2021天猫年货节跨店满减，32.380000,,,2021-01-23 17:28:34,2021-01-23 17:28:49,,,2021-01-23 18:02:22,2021-01-25 20:01:12,浙江省,杭州市,余杭区,
TAOBAO,ceres旗舰店,f284987c4a9db9ff55cd76eac4c79d7d,m15085826826,="1248647163978848494",普通订单,等待买家确认收货,,1,298.91,0.0,0.0,0.0,859.09,年货价，819.000000;taojinbi，0.090000;年货囤货购物券，10.000000;2021天猫年货节跨店满减，30.000000,,,2021-01-23 11:21:43,2021-01-23 11:21:47,,,2021-01-23 15:50:51,,贵州省,黔南布依族苗族自治州,都匀市,
TAOBAO,ceres旗舰店,c27a77924356b0521e6a371547a89d9f,otherge,="1248651411627546693",普通订单,等待买家确认收货,,1,957.82,0.0,0.0,0.0,2516.18,年货囤货购物券，10.000000;2021天猫年货节跨店满减，90.000000;30，30.000000;taojinbi，0.180000;年货价，2386.000000,,买6瓶送1瓶【数云备注】,2021-01-23 11:29:38,2021-01-23 11:29:41,,,2021-01-23 15:24:31,,湖南省,岳阳市,岳阳楼区,
TAOBAO,ceres旗舰店,683199343e37f90ea3b4b507004619eb,掌心娃娃love,="1248666348910599488",普通订单,交易成功,,1,163.63,0.0,0.0,0.0,430.37,年货价，415.000000;taojinbi，5.370000;年货囤货购物券，10.000000,,白2*1 香槟杯*2 海马刀*1 白猫酒塞*1,2021-01-25 23:11:47,2021-01-25 23:11:55,,,2021-01-26 15:58:59,2021-01-31 00:01:42,北京市,市辖区,朝阳区,
TAOBAO,ceres旗舰店,b2fabcea5b8f997dc4072b05acf1d959,挪挪9112,="1248671763558066810",普通订单,交易成功,,1,153.79,0.0,0.0,0.0,440.21,taojinbi，0.080000;2021天猫年货节跨店满减，15.130000;年货囤货购物券，10.000000;年货价，415.000000,,白1单只自饮套餐*1 黑猫酒塞*1,2021-01-21 16:07:28,2021-01-21 16:07:35,,,2021-01-21 17:52:22,2021-01-31 17:52:34,江苏省,南京市,浦口区,
TAOBAO,ceres旗舰店,9885cba673d7d79aed9d909a1079d425,花开花落9028642784,="1248680499657229387",普通订单,等待买家确认收货,,1,276.65,0.0,0.0,0.0,881.35,年货价，832.000000;2021天猫年货节跨店满减，30.000000;taojinbi，9.350000;年货囤货购物券，10.000000,,白2双支自饮套餐*1  黑猫酒塞*1,2021-01-23 12:30:53,2021-01-23 12:31:02,,,2021-01-23 15:24:30,,广东省,佛山市,南海区,
TAOBAO,ceres旗舰店,9696ee5dd1f15941d38de57520e30162,wmmommy,="1248683484757834789",普通订单,等待买家确认收货,,3,868.0,0.0,0.0,0.0,2606.0,2021天猫年货节跨店满减，90.000000;年货价，2496.000000;10，10.000000;年货囤货购物券，10.000000,,买6瓶送1瓶【数云备注】,2021-01-25 23:50:53,2021-01-25 23:50:59,,,2021-01-26 15:58:59,,江苏省,南京市,秦淮区,
TAOBAO,ceres旗舰店,e1b9f6f233a4022a945d624f38711fbc,fzs0010004048,="1248687805887995687",普通订单,交易成功,,1,328.84,0.0,0.0,0.0,868.16,2021天猫年货节跨店满减，30.000000;年货囤货购物券，10.000000;taojinbi，0.160000;年货价，828.000000,,,2021-01-23 21:41:20,2021-01-23 21:41:26,,,2021-01-24 15:15:16,2021-01-28 09:19:32,上海市,市辖区,闵行区,
TAOBAO,ceres旗舰店,882d8cf41ce1cff53cf417614bd5c069,hongmin36,="1248693722503439105",普通订单,交易成功,,3,901.0,0.0,0.0,0.0,30.0,30，30.000000,,买6瓶送1瓶【数云备注】,2021-01-21 13:56:52,2021-01-21 13:57:11,,,2021-01-21 17:52:19,2021-01-25 11:01:59,四川省,成都市,武侯区,
TAOBAO,ceres旗舰店,6cd27f4a9160ff5cb47dba87ee9bcc91,玉sama,="1248695630664260400",普通订单,交易成功,,1,324.09,0.0,0.0,0.0,833.91,2021天猫年货节跨店满减，30.000000;年货价，789.000000;taojinbi，4.910000;年货囤货购物券，10.000000,,白2红2双支礼盒套餐*1  白猫酒塞*1 ,2021-01-21 14:01:55,2021-01-21 14:02:06,,,2021-01-21 17:52:20,2021-01-31 17:52:23,山东省,济南市,槐荫区,
TAOBAO,ceres旗舰店,d77b0c7ed68a7a1a05cd43321a35c85c,tb_1650320,="1248697683309060704",普通订单,交易成功,,1,288.83,0.0,0.0,0.0,869.17,年货囤货购物券，10.000000;taojinbi，10.170000;年货价，819.000000;2021天猫年货节跨店满减，30.000000,,,2021-01-21 17:16:18,2021-01-21 17:16:35,,,2021-01-21 17:52:20,2021-01-25 17:41:25,四川省,眉山市,东坡区,
TAOBAO,ceres旗舰店,e232e11d5390deb8b8df0668e4e5e8f0,tb562074755,="1248751993627770993",普通订单,交易成功,,1,276.22,0.0,0.0,0.0,881.78,taojinbi，9.780000;2021天猫年货节跨店满减，30.000000;年货囤货购物券，10.000000;年货价，832.000000,,白1双支自饮套餐*1  黑猫酒塞*1,2021-01-24 05:37:29,2021-01-24 05:38:29,,,2021-01-24 14:17:55,2021-01-30 10:53:28,江苏省,南京市,雨花台区,
TAOBAO,ceres旗舰店,54357fe48e17fdd77667a7b9e8f6f288,tb62051889,="1248847359517475291",普通订单,交易成功,,1,313.02,0.0,0.0,0.0,883.98,年货囤货购物券，10.000000;2021天猫年货节跨店满减，34.910000;年货价，828.000000;taojinbi，11.070000,,,2021-01-23 20:16:40,2021-01-23 20:16:46,,,2021-01-24 15:15:18,2021-01-28 11:09:37,浙江省,宁波市,鄞州区,
TAOBAO,ceres旗舰店,8de3f406a6d3691d59e50a766415582f,翻跟头的云,="1248866738763091200",普通订单,交易成功,,1,288.83,0.0,0.0,0.0,908.17,年货囤货购物券，10.000000;taojinbi，10.170000;2021天猫年货节跨店满减，30.000000;年货价，858.000000,,发顺丰  白1*1  红1*1  海马刀*1  黑猫酒塞*1  收到退10元差价,2021-01-21 21:53:47,2021-01-21 21:57:04,,,2021-01-22 14:55:20,2021-01-25 09:48:21,江苏省,南京市,建邺区,
TAOBAO,ceres旗舰店,01bcee68e5fae89f21ccf60fa8ee2c99,小兰家的洗衣机,="1248920450071053505",普通订单,交易成功,,1,285.1,0.0,0.0,0.0,911.9,年货价，858.000000;年货囤货购物券，10.000000;2021天猫年货节跨店满减，33.730000;taojinbi，10.170000,,,2021-01-22 02:06:46,2021-01-22 02:06:56,,,2021-01-22 15:12:48,2021-02-01 15:12:54,四川省,雅安市,荥经县,
TAOBAO,ceres旗舰店,f405c22c57dee8bfbaf453572472b377,tb656608753,="1248924036437810598",普通订单,交易成功,,1,317.93,0.0,0.0,0.0,879.07,年货价，828.000000;2021天猫年货买不停跨店满减，30.000000;taojinbi，11.070000;10，10.000000,,,2021-01-26 18:38:50,2021-01-26 18:38:58,,,2021-01-27 15:41:38,2021-01-30 18:52:54,江苏省,淮安市,清江浦区,
TAOBAO,ceres旗舰店,1ff725b6c05731a1a96143be8be02e56,15913902866zl,="1248951792229174093",普通订单,等待买家确认收货,,2,612.75,0.0,0.0,0.0,20.0,20，20.000000,,白1双支礼盒套餐*1 白1红礼盒套餐*1 黑狗酒塞*1,2021-01-26 20:08:12,2021-01-26 20:09:30,,,2021-01-27 09:20:10,,广东省,汕头市,金平区,
TAOBAO,ceres旗舰店,1ff725b6c05731a1a96143be8be02e56,15913902866zl,="1248953880165174093",普通订单,等待买家确认收货,,30,30.0,0.0,0.0,0.0,,,,,2021-01-26 20:14:34,2021-01-26 20:14:41,,,2021-01-27 17:55:21,,广东省,汕头市,金平区,
TAOBAO,ceres旗舰店,3c2df2d9a064190bc543c71b2769aba3,沉香北亭,="1248963576114110505",普通订单,交易成功,,1,317.93,0.0,0.0,0.0,840.07,2021天猫年货节跨店满减，30.000000;年货囤货购物券，10.000000;taojinbi，11.070000;年货价，789.000000,,白2红2双支礼盒套餐*1  黑猫酒塞*1,2021-01-22 11:02:08,2021-01-22 11:02:19,,,2021-01-22 14:57:50,2021-02-01 14:57:54,北京市,市辖区,丰台区,
TAOBAO,ceres旗舰店,cda6bcf5b8ee870ae15aa4c454a4ab1d,chyeann,="1248978050325008201",普通订单,交易成功,,1,326.0,0.0,0.0,0.0,832.0,年货价，802.000000;2021天猫年货节跨店满减，30.000000,,,2021-01-22 10:37:57,2021-01-22 10:38:03,,,2021-01-22 15:12:49,2021-02-01 15:12:53,山东省,烟台市,蓬莱市,
TAOBAO,ceres旗舰店,56b6b85b918d6e1b9a68a59ea5125f1f,qq418512325,="1249012851043359390",普通订单,交易成功,,2,634.69,0.0,0.0,0.0,10.0,10，10.000000,,,2021-01-24 11:25:36,2021-01-24 11:25:46,,,2021-01-24 15:15:17,2021-01-29 08:55:26,浙江省,杭州市,江干区,
TAOBAO,ceres旗舰店,0c2ad9f8fe5a0e6fbac9a0d5f5b735fc,e_cho西西,="1249038015258192889",普通订单,等待买家确认收货,,1,282.82,0.0,0.0,0.0,875.18,taojinbi，3.180000;年货囤货购物券，10.000000;2021天猫年货节跨店满减，30.000000;年货价，832.000000,,白1双支自饮套餐*1  白狗酒塞*1 ,2021-01-24 12:18:47,2021-01-24 12:18:58,,,2021-01-24 14:17:55,,湖南省,长沙市,岳麓区,
TAOBAO,ceres旗舰店,5261cc94e421a8b9c2f8438d76d92640,nobodybutyou1399,="1249080350811372898",普通订单,等待买家确认收货,,1,362.44,0.0,0.0,0.0,795.56,年货价，760.000000;2021天猫年货节跨店满减，35.560000,,,2021-01-24 22:36:07,2021-01-24 22:36:40,,,2021-01-25 15:29:10,,辽宁省,大连市,甘井子区,
TAOBAO,ceres旗舰店,cc92c84de7ebcab5a264eb724fd2a595,丁冬大表哥,="1249138669806454798",普通订单,等待买家确认收货,,1,289.73,0.0,0.0,0.0,907.27,2021天猫年货节跨店满减，30.000000;年货囤货购物券，10.000000;taojinbi，9.270000;年货价，858.000000,,,2021-01-25 09:04:05,2021-01-25 09:04:10,,,2021-01-25 15:31:31,,湖北省,随州市,广水市,
TAOBAO,ceres旗舰店,a5b70ca1b2d74fe34c5782fa8ffd81af,cdmilex,="1249171263209409311",普通订单,交易成功,,1,283.7,0.0,0.0,0.0,874.3,年货价，832.000000;年货囤货购物券，10.000000;2021天猫年货节跨店满减，32.300000,,,2021-01-22 21:38:03,2021-01-22 21:38:12,,,2021-01-23 15:50:48,2021-01-26 21:08:29,山东省,东营市,东营区,
TAOBAO,ceres旗舰店,660e138c8492b1da7fbe00b2c603b8a1,cc1985lhc,="1249222585569747194",普通订单,等待买家确认收货,,1,286.0,0.0,0.0,0.0,872.0,年货囤货购物券，10.000000;2021天猫年货节跨店满减，30.000000;年货价，832.000000,,,2021-01-25 12:39:12,2021-01-25 12:39:20,,,2021-01-25 15:31:32,,北京市,市辖区,通州区,
TAOBAO,ceres旗舰店,9a99e14fd4a644778a416c10826a27e4,lilinlihi,="1249247388363759388",普通订单,等待买家确认收货,,1,298.99,0.0,0.0,0.0,898.01,2021天猫年货买不停跨店满减，30.000000;10，10.000000;年货价，858.000000;taojinbi，0.010000,,,2021-01-27 18:46:08,2021-01-27 18:46:12,,,2021-01-28 15:13:38,,上海市,市辖区,闵行区,
TAOBAO,ceres旗舰店,cf2dad242a6c6ff7b7a656ad5268e892,师师轩轩,="1249281048921374389",普通订单,等待买家确认收货,,1,317.93,0.0,0.0,0.0,879.07,2021天猫年货买不停跨店满减，30.000000;taojinbi，11.070000;年货价，828.000000;10，10.000000,,发顺丰！！白1红1礼盒套餐*1 白狗酒塞*1,2021-01-27 20:29:39,2021-01-27 20:31:56,,,2021-01-28 14:52:13,,江苏省,南京市,秦淮区,
TAOBAO,ceres旗舰店,f029cf864918b39428412668bf2fb4c9,hg83741,="1249353157535385097",普通订单,等待买家确认收货,,1,173.33,0.0,0.0,0.0,420.67,年货囤货购物券，10.000000;taojinbi，5.670000;年货价，405.000000,,白1单支礼盒套餐*1 白猫酒塞*1,2021-01-25 18:47:36,2021-01-25 18:47:39,,,2021-01-26 15:58:56,,安徽省,合肥市,肥西县,
TAOBAO,ceres旗舰店,d96807217388ac3ff35caff40afb008f,烂夫人,="1249366381588343310",普通订单,等待买家确认收货,,1,308.58,0.0,0.0,0.0,888.42,taojinbi，0.420000;2021天猫年货节跨店满减，30.000000;年货价，858.000000,,,2021-01-23 12:39:07,2021-01-23 12:39:12,,,2021-01-23 15:40:24,,上海市,市辖区,静安区,
TAOBAO,ceres旗舰店,4b81b311c4ae29798dc131ae91deea37,奋斗的蜗牛123456,="1249368205051085496",普通订单,等待买家确认收货,,1,317.93,0.0,0.0,0.0,840.07,2021天猫年货节跨店满减，30.000000;年货囤货购物券，10.000000;taojinbi，11.070000;年货价，789.000000,,顺丰  白2红2双支礼盒套餐*1 白猫酒塞*1 ,2021-01-25 19:30:03,2021-01-25 19:30:08,,,2021-01-26 15:54:42,,山东省,潍坊市,昌邑市,
TAOBAO,ceres旗舰店,102ede07d6d423d20803325bbb6bfccc,库塔洛,="1249389842426447588",普通订单,交易成功,,1,317.93,0.0,0.0,0.0,879.07,taojinbi，11.070000;2021天猫年货节跨店满减，30.000000;年货囤货购物券，10.000000;年货价，828.000000,,白1红1双支礼盒套餐*1 黑猫酒塞*1,2021-01-25 19:53:04,2021-01-25 19:53:12,,,2021-01-26 15:58:56,2021-01-29 14:26:12,山东省,济宁市,兖州区,
TAOBAO,ceres旗舰店,e903506813a0b8bbb573c8585952dec2,秀青4207,="1249429275453892701",普通订单,等待买家确认收货,,1,306.07,0.0,0.0,0.0,890.93,2021天猫年货节跨店满减，32.890000;taojinbi，0.040000;年货价，858.000000,,,2021-01-23 16:34:41,2021-01-23 16:34:49,,,2021-01-23 17:49:32,,福建省,福州市,连江县,
TAOBAO,ceres旗舰店,a68a7f34ebd8fbf9c29b246ce413b50b,幻讯002,="1249429560436781902",普通订单,等待买家确认收货,,1,1038.0,0.0,0.0,0.0,2526.0,年货价，2436.000000;2021天猫年货节跨店满减，90.000000,不要清单,不放报关单售后卡！！！白2*8 海马刀*1 ,2021-01-23 14:36:46,2021-01-23 14:36:54,,,2021-01-23 17:49:32,,北京市,市辖区,,
TAOBAO,ceres旗舰店,02d78c20ade2fe36a51681172604ab7a,5161糊涂熊,="1249453166425591894",普通订单,交易成功,,1,403.03,0.0,0.0,0.0,964.97,2021天猫年货节跨店满减，30.000000;taojinbi，2.970000;年货囤货购物券，10.000000;年货价，922.000000,,白2红2双支礼盒套餐*1  白猫酒塞*1,2021-01-25 22:23:07,2021-01-25 22:23:26,,,2021-01-26 15:52:54,2021-01-31 11:50:24,辽宁省,沈阳市,和平区,
TAOBAO,ceres旗舰店,5bacb77d9cf75431bcc00c6ca360a2ec,wanghan114,="1249465959285716610",普通订单,交易成功,,1,280.97,0.0,0.0,0.0,877.03,taojinbi，5.800000;年货价，832.000000;年货囤货购物券，10.000000;2021天猫年货节跨店满减，29.230000,,,2021-01-23 18:02:08,2021-01-23 18:02:24,,,2021-01-24 15:15:17,2021-01-28 12:43:05,山东省,临沂市,兰山区,
TAOBAO,ceres旗舰店,4bb60a1fd65c0279b651ea301a7e8a5c,wcm661052,="1249520030366394805",普通订单,等待买家确认收货,,1,296.16,0.0,0.0,0.0,861.84,taojinbi，10.170000;2021天猫年货节跨店满减，32.670000;年货价，819.000000,,白2红2双支自饮套餐*1   黑狗酒塞*1,2021-01-23 17:40:01,2021-01-23 17:40:09,,,2021-01-24 13:40:34,,浙江省,杭州市,下城区,
TAOBAO,ceres旗舰店,fd0f75da3f44d400d9e0aee74d84380e,小猴子爱希希,="1249528009413909298",普通订单,等待买家确认收货,,1,285.53,0.0,0.0,0.0,872.47,2021天猫年货买不停跨店满减，30.000000;taojinbi，0.470000;年货价，832.000000;10，10.000000,,发顺丰！！ 白2双支自饮套餐*1 黑狗酒塞*1 ,2021-01-26 09:45:51,2021-01-26 09:46:10,,,2021-01-26 15:54:42,,山东省,烟台市,牟平区,
TAOBAO,ceres旗舰店,29a1019526aef0ec88c1e11f3cec65c0,lisa_qiu88,="1249556737668596790",普通订单,等待买家确认收货,,1,295.29,0.0,0.0,0.0,901.71,taojinbi，3.710000;10，10.000000;2021天猫年货买不停跨店满减，30.000000;年货价，858.000000,,白1*1 红1*1  确认收货退差价15,2021-01-26 11:07:26,2021-01-26 11:07:31,,,2021-01-26 15:58:57,,广东省,深圳市,福田区,
TAOBAO,ceres旗舰店,e048c4b41dc5ea815d7b577c002191c6,李兰芳11,="1249618308329664501",普通订单,等待买家确认收货,,1,297.3,0.0,0.0,0.0,860.7,年货囤货购物券，10.000000;年货价，819.000000;2021天猫年货节跨店满减，30.000000;taojinbi，1.700000,,,2021-01-23 22:54:20,2021-01-23 22:54:25,,,2021-01-24 15:15:17,,重庆市,市辖区,渝北区,
TAOBAO,ceres旗舰店,e0dd77060aed522ac455d392297ac7ef,ok13590740090,="1249626075150238989",普通订单,等待买家确认收货,,1,316.0,0.0,0.0,0.0,842.0,年货囤货购物券，10.000000;2021天猫年货节跨店满减，30.000000;年货价，802.000000,,,2021-01-25 22:38:47,2021-01-25 22:38:51,,,2021-01-26 15:58:58,,广东省,中山市,,
TAOBAO,ceres旗舰店,085759f90f492c23587b86a36e9b3d37,草叶我爱北京,="1249630154872971209",普通订单,等待买家确认收货,,3,848.0,0.0,0.0,0.0,2626.0,30，30.000000;年货价，2496.000000;年货囤货购物券，10.000000;2021天猫年货节跨店满减，90.000000,,买6瓶送1瓶【数云备注】,2021-01-23 22:40:04,2021-01-23 22:40:14,,,2021-01-24 13:40:35,,北京市,市辖区,通州区,
TAOBAO,ceres旗舰店,8d207940ed273bf52f484afd09ec56f7,tb9167229983,="1249632123424799288",普通订单,等待买家确认收货,,1,315.85,0.0,0.0,0.0,842.15,taojinbi，0.150000;2021天猫年货节跨店满减，30.000000;年货价，802.000000;年货囤货购物券，10.000000,,白1双支礼盒装*1 小鹿酒塞*1,2021-01-25 22:53:06,2021-01-25 22:53:14,,,2021-01-26 15:58:58,,四川省,乐山市,市中区,
TAOBAO,ceres旗舰店,c7d929659643644b3af0770683a9bb26,小龙女九儿,="1249642610162296706",普通订单,等待买家确认收货,,1,298.41,0.0,0.0,0.0,859.59,taojinbi，0.590000;年货囤货购物券，10.000000;2021天猫年货节跨店满减，30.000000;年货价，819.000000,,白2红2双支自饮套餐*1  黑猫酒塞*1,2021-01-23 23:17:17,2021-01-23 23:17:20,,,2021-01-24 13:40:34,,陕西省,汉中市,镇巴县,
TAOBAO,ceres旗舰店,24cc0af388d056413b1ad0e4fd8b167f,hdwooree,="1249703295212636689",普通订单,交易成功,,1,329.0,0.0,0.0,0.0,868.0,10，10.000000;年货价，828.000000;2021天猫年货买不停跨店满减，30.000000,,,2021-01-26 08:56:17,2021-01-26 08:56:23,,,2021-01-26 15:58:57,2021-01-28 20:36:50,江苏省,常州市,新北区,
TAOBAO,ceres旗舰店,f980092afc1b6c680795d11245973238,qgl1978,="1249755745241574990",普通订单,交易成功,,1,357.23,0.0,0.0,0.0,800.77,年货价，760.000000;taojinbi，0.770000;2021天猫年货买不停跨店满减，30.000000;10，10.000000,,,2021-01-26 20:40:15,2021-01-26 20:40:28,,,2021-01-27 15:41:39,2021-01-30 11:47:08,浙江省,宁波市,余姚市,
TAOBAO,ceres旗舰店,ca72485f92b8f85ab0cdcbe2a7775a32,梦瑾萱l75,="1249760965312414090",普通订单,等待买家确认收货,,1,299.0,0.0,0.0,0.0,859.0,10，10.000000;年货价，819.000000;2021天猫年货买不停跨店满减，30.000000,,白2红2自饮套餐*1 白狗酒塞*1,2021-01-26 20:56:31,2021-01-26 20:56:37,,,2021-01-27 14:40:26,,浙江省,杭州市,西湖区,
TAOBAO,ceres旗舰店,31afffafad880463826edddae91aa087,时光779012032,="1249810176393642798",普通订单,交易成功,,1,298.68,0.0,0.0,0.0,898.32,taojinbi，0.320000;2021天猫年货买不停跨店满减，30.000000;10，10.000000;年货价，858.000000,,,2021-01-29 14:33:10,2021-01-29 14:33:23,,,2021-01-29 17:39:02,2021-01-31 16:24:13,上海市,市辖区,闵行区,
TAOBAO,ceres旗舰店,9a99e14fd4a644778a416c10826a27e4,lilinlihi,="1249816226462759388",普通订单,等待买家确认收货,,1,286.0,0.0,0.0,0.0,872.0,10，10.000000;年货价，832.000000;2021天猫年货买不停跨店满减，30.000000,,,2021-01-26 23:02:36,2021-01-26 23:02:41,,,2021-01-27 15:41:39,,山东省,泰安市,宁阳县,
TAOBAO,ceres旗舰店,a398869907bf66a400b0ffbc0c026dcf,飞抹绿茶,="1249825441185423993",普通订单,交易成功,,1,313.6,0.0,0.0,0.0,883.4,taojinbi，11.070000;10，10.000000;年货价，828.000000;2021天猫年货买不停跨店满减，34.330000,,,2021-01-27 03:19:10,2021-01-27 03:19:21,,,2021-01-27 15:41:38,2021-02-01 15:08:08,广东省,佛山市,顺德区,
TAOBAO,ceres旗舰店,51822f3602c5bcfea783f9b553a0592a,赵海燕美美哒,="1249844126704685795",普通订单,等待买家确认收货,,1,285.62,0.0,0.0,0.0,872.38,taojinbi，0.380000;2021天猫年货买不停跨店满减，30.000000;年货价，832.000000;10，10.000000,,,2021-01-27 05:50:30,2021-01-27 05:50:46,,,2021-01-27 15:41:39,,山东省,潍坊市,青州市,
TAOBAO,ceres旗舰店,6e865bc8623d1ecdc48c946892bb6ca8,暗香书影87,="1249855440987997908",普通订单,交易成功,,1,163.63,0.0,0.0,0.0,430.37,taojinbi，5.370000;年货价，415.000000;年货囤货购物券，10.000000,,白2单支自饮套餐*1  白狗酒塞*1 ,2021-01-24 16:48:15,2021-01-24 16:48:22,,,2021-01-24 17:20:24,2021-01-25 18:38:19,江苏省,连云港市,海州区,
TAOBAO,ceres旗舰店,38295400db32f4feb841fea9d7b7c17f,我叫大官人,="1249878721438788699",普通订单,等待买家确认收货,,1,317.93,0.0,0.0,0.0,879.07,年货价，828.000000;10，10.000000;2021天猫年货买不停跨店满减，30.000000;taojinbi，11.070000,,白1红1双支礼盒套餐*1  黑狗酒塞*1,2021-01-27 10:52:36,2021-01-27 10:52:44,,,2021-01-27 14:40:26,,江苏省,南通市,,
TAOBAO,ceres旗舰店,faa78b5e915be1cf4c1407b8554a0ada,wm19850123,="1249885491520669998",普通订单,等待买家确认收货,,2,561.8,0.0,0.0,0.0,20.0,20，20.000000,,,2021-01-26 17:47:15,2021-01-26 17:47:20,,,2021-01-27 15:41:37,,河南省,郑州市,管城回族区,
TAOBAO,ceres旗舰店,748375bd8b62d5be9930871a4687c5ba,2014朱计潼,="1249936645924750894",普通订单,交易成功,,3,813.82,0.0,0.0,0.0,2660.18,年货价，2496.000000;2021天猫年货买不停跨店满减，96.230000;40，40.000000;taojinbi，27.950000,,买6瓶送1瓶【数云备注】,2021-01-27 13:18:00,2021-01-27 13:18:29,,,2021-01-27 15:41:38,2021-02-01 20:48:06,北京市,市辖区,海淀区,
TAOBAO,ceres旗舰店,0c8c29477af03f7e0d574cf0de793ce2,shiny爱,="1249944384218845698",普通订单,等待买家确认收货,,1,161.76,0.0,0.0,0.0,432.24,2021天猫年货买不停跨店满减，15.280000;taojinbi，1.960000;年货价，415.000000,,,2021-01-29 21:48:04,2021-01-29 21:48:11,,,2021-01-30 15:17:50,,北京市,市辖区,通州区,
TAOBAO,ceres旗舰店,b4d092886cbfcf1e3a829a12e663a2dc,xiaolee8666,="1249970197372926487",普通订单,等待买家确认收货,,1,286.0,0.0,0.0,0.0,872.0,10，10.000000;2021天猫年货买不停跨店满减，30.000000;年货价，832.000000,,,2021-01-27 15:06:17,2021-01-27 15:06:26,,,2021-01-27 17:46:16,,广东省,深圳市,南山区,
TAOBAO,ceres旗舰店,a279ab47a158a7e87ea2b0e0a92a27c5,大东控妍,="1249985821096011599",普通订单,等待买家确认收货,,1,294.27,0.0,0.0,0.0,863.73,2021天猫年货买不停跨店满减，33.900000;年货价，819.000000;10，10.000000;taojinbi，0.830000,,红2白2双支自饮套餐*1  白狗酒塞*1,2021-01-27 15:59:35,2021-01-27 15:59:44,,,2021-01-27 16:41:19,,天津市,市辖区,北辰区,
TAOBAO,ceres旗舰店,a893515ebca6a8c8944296ee1c05bd8c,上官陈陈1,="1250008046688145801",普通订单,交易成功,,1,327.04,0.0,0.0,0.0,830.96,年货价，789.000000;taojinbi，0.030000;年货囤货购物券，7.480000;2021天猫年货节跨店满减，34.450000,,,2021-01-24 22:22:43,2021-01-24 22:23:04,,,2021-01-25 15:31:34,2021-01-27 20:43:45,陕西省,西安市,雁塔区,
TAOBAO,ceres旗舰店,cff579a06f14309a043e109452f74fff,nkyqb90,="1250024595855456895",普通订单,交易成功,,1,285.58,0.0,0.0,0.0,872.42,taojinbi，0.420000;10，10.000000;2021天猫年货买不停跨店满减，30.000000;年货价，832.000000,,白1双支自饮套餐*1 小鹿酒塞*1,2021-01-27 08:15:51,2021-01-27 08:15:56,,,2021-01-27 14:58:03,2021-01-31 17:52:31,北京市,市辖区,朝阳区,
TAOBAO,ceres旗舰店,6870907ff30d393b47d7e4b9f983e7a8,louisallan88,="1250038130218515387",普通订单,等待买家确认收货,,1,170.46,0.0,0.0,0.0,423.54,年货价，405.000000;taojinbi，0.010000;2021天猫年货买不停跨店满减，18.530000,,,2021-01-27 17:48:46,2021-01-27 17:48:52,,,2021-01-28 15:13:37,,浙江省,宁波市,鄞州区,
TAOBAO,ceres旗舰店,1364368ca867e6bd651759dd5ab46fbb,蓝韵蓝蓝,="1250065489300150694",普通订单,等待买家确认收货,,1,500.0,112.0,0.0,0.0,986.0,10，10.000000;2021天猫年货买不停跨店满减，30.000000;年货价，946.000000,,发顺丰 红2*4 莫斯卡托甜白*1,2021-01-27 19:57:45,2021-01-27 19:58:15,,,2021-01-28 09:09:30,,上海市,市辖区,浦东新区,
TAOBAO,ceres旗舰店,19f834fdcea47cebc56cf2fe3144e38a,落上千栀子,="1250079818450709187",普通订单,等待买家确认收货,,1,368.03,0.0,0.0,0.0,999.97,2021天猫年货买不停跨店满减，30.000000;年货价，952.000000;10，10.000000;taojinbi，7.970000,,,2021-01-27 19:57:08,2021-01-27 19:57:14,,,2021-01-28 15:13:38,,福建省,厦门市,集美区,
TAOBAO,ceres旗舰店,49dea400c6fd84b218ecc4f771177086,柔柔1997,="1250152071888283798",普通订单,交易成功,,1,288.83,0.0,0.0,0.0,908.17,taojinbi，10.170000;10，10.000000;2021天猫年货买不停跨店满减，30.000000;年货价，858.000000,,,2021-01-27 14:56:17,2021-01-27 14:56:22,,,2021-01-27 17:46:16,2021-01-30 13:22:33,山东省,青岛市,黄岛区,
TAOBAO,ceres旗舰店,c843bedc3fe53327dff781d325f5f49c,luanzxl,="1250220267867695403",普通订单,等待买家确认收货,,1,285.37,0.0,0.0,0.0,911.63,taojinbi，10.170000;年货囤货购物券，10.000000;年货价，858.000000;2021天猫年货节跨店满减，33.460000,,,2021-01-25 17:58:20,2021-01-25 17:58:33,,,2021-01-26 15:58:59,,北京市,市辖区,朝阳区,
TAOBAO,ceres旗舰店,7304124c191438441caead8c32fab8b4,yusinizuibang,="1250224082778455503",普通订单,交易成功,,1,316.0,0.0,0.0,0.0,842.0,年货囤货购物券，10.000000;年货价，802.000000;2021天猫年货节跨店满减，30.000000,,白1双支礼盒套餐*1 白狗酒塞*1,2021-01-25 15:19:18,2021-01-25 15:19:23,,,2021-01-25 17:20:02,2021-01-26 16:02:44,江苏省,苏州市,太仓市,
TAOBAO,ceres旗舰店,4a80390bea069e3301a4a792de21b363,安然日,="1250228246400985394",普通订单,等待买家确认收货,,1,896.26,0.0,0.0,0.0,1887.74,2021天猫年货买不停跨店满减，90.000000;taojinbi，31.740000;40，40.000000;年货价，1726.000000,外包装完好无损，有礼品袋，注意中文标签要稍微松一些。,发顺丰！！！ ,2021-01-28 11:12:10,2021-01-28 11:15:23,,,2021-01-28 14:52:14,,浙江省,衢州市,柯城区,
TAOBAO,ceres旗舰店,e5e1ca7328d281b30de2d33360c603c2,如意妞2008,="1250259507633198910",普通订单,交易成功,,2,689.93,0.0,0.0,0.0,1626.07,10，10.000000;2021天猫年货节跨店满减，78.550000;年货价，1520.000000;taojinbi，7.520000;年货囤货购物券，10.000000,,,2021-01-25 19:46:12,2021-01-25 19:46:16,,,2021-01-26 15:58:59,2021-01-30 16:47:34,广东省,梅州市,大埔县,
TAOBAO,ceres旗舰店,ba8f5c295ff2bb045e09f0715989cac7,mercifulman,="1250302296872923188",普通订单,等待买家确认收货,,1,316.33,0.0,0.0,0.0,880.67,年货价，828.000000;taojinbi，6.020000;10，10.000000;2021天猫年货买不停跨店满减，36.650000,,,2021-01-31 00:20:52,2021-01-31 00:20:58,,,2021-01-31 15:54:18,,四川省,南充市,南部县,
TAOBAO,ceres旗舰店,531cf220c9c634e1ff4eac6e353cebc0,回不去40666208,="1250322855080144590",普通订单,等待买家确认收货,,1,317.93,0.0,0.0,0.0,879.07,2021天猫年货买不停跨店满减，30.000000;taojinbi，11.070000;年货价，828.000000;10，10.000000,,发顺丰！！！白1红1礼盒套餐*1 黑狗酒塞*1,2021-01-27 23:50:52,2021-01-27 23:51:07,,,2021-01-28 09:09:29,,青海省,西宁市,城西区,
TAOBAO,ceres旗舰店,f816f7eceda004c654f635a6456f1849,litianji95179270,="1250331492908274395",普通订单,等待买家确认收货,,1,317.93,0.0,0.0,0.0,879.07,年货价，828.000000;taojinbi，11.070000;2021天猫年货买不停跨店满减，30.000000;10，10.000000,麻烦好好包裹谢谢,发顺丰！！！  白1红1双支礼盒套餐*1  小兔酒塞*1 ,2021-01-31 08:53:40,2021-01-31 08:53:44,,,2021-01-31 10:58:20,,辽宁省,丹东市,宽甸满族自治县,
TAOBAO,ceres旗舰店,1b8eb75060d89bc1f2a2128900cf85ef,真的假的我不知,="1250338491205161612",普通订单,等待买家确认收货,,1,288.83,0.0,0.0,0.0,869.17,年货囤货购物券，10.000000;年货价，819.000000;taojinbi，10.170000;2021天猫年货节跨店满减，30.000000,,,2021-01-25 22:49:07,2021-01-25 22:49:19,,,2021-01-26 15:58:59,,山东省,青岛市,黄岛区,
TAOBAO,ceres旗舰店,6be28331572a290a0fd224b364f2d856,quin_ph,="1250340637232365494",普通订单,等待买家确认收货,,1,292.52,0.0,0.0,0.0,865.48,2021天猫年货买不停跨店满减，30.000000;10，10.000000;taojinbi，6.480000;年货价，819.000000,,,2021-01-28 17:32:11,2021-01-28 17:32:16,,,2021-01-29 15:11:17,,浙江省,杭州市,江干区,
TAOBAO,ceres旗舰店,e451e5ba43ae431e39dc6cde9a1386ea,linhonglei2012,="1250368140082699388",普通订单,等待买家确认收货,,1,298.03,0.0,0.0,0.0,898.97,2021天猫年货买不停跨店满减，30.000000;taojinbi，0.970000;年货价，858.000000;10，10.000000,,,2021-01-31 10:59:13,2021-01-31 10:59:22,,,2021-01-31 15:54:20,,湖南省,长沙市,岳麓区,
TAOBAO,ceres旗舰店,4f41583a58364ab0722da5e945dc3d67,醉粉黛,="1250399784445447490",普通订单,等待买家确认收货,,2,629.9,0.0,0.0,0.0,1686.1,2021天猫年货买不停跨店满减，60.000000;年货价，1604.000000;taojinbi，2.100000;20，20.000000,,,2021-01-31 12:10:49,2021-01-31 12:10:55,,,2021-01-31 15:54:18,,江苏省,南京市,浦口区,
TAOBAO,ceres旗舰店,4afa492e4974ff091fe21cebb2959b17,tb6228412,="1250425861445593412",普通订单,等待买家确认收货,,1,314.7,0.0,0.0,0.0,882.3,2021天猫年货买不停跨店满减，35.560000;年货价，828.000000;10，10.000000;taojinbi，8.740000,,,2021-01-26 08:34:32,2021-01-26 08:34:37,,,2021-01-26 15:58:57,,河南省,郑州市,二七区,
TAOBAO,ceres旗舰店,8fc69229857260c8d238898e3f273219,jj孙静,="1250526650789712194",普通订单,等待买家确认收货,,1,925.94,0.0,0.0,0.0,1858.06,40，40.000000;taojinbi，2.060000;2021天猫年货买不停跨店满减，90.000000;年货价，1726.000000,,发顺丰！！！ 红3双支礼盒套餐*1 黑猫酒塞*1 ,2021-01-29 10:24:38,2021-01-29 10:24:49,,,2021-01-29 13:41:56,,浙江省,杭州市,下城区,
TAOBAO,ceres旗舰店,80426d9aa50068c69747cfb8f204bce1,truelxy,="1250594979859408587",普通订单,等待买家确认收货,,1,280.48,0.0,0.0,0.0,877.52,2021天猫年货买不停跨店满减，30.000000;年货价，832.000000;10，10.000000;taojinbi，5.520000,,,2021-01-28 20:53:35,2021-01-28 20:53:39,,,2021-01-29 15:11:19,,山东省,济南市,历下区,
TAOBAO,ceres旗舰店,c943a8d8546bec7df889fb55362fcd0d,t_1478440889291_0,="1250601603535678890",普通订单,等待买家确认收货,,1,927.71,0.0,0.0,0.0,1856.29,40，40.000000;taojinbi，0.290000;2021天猫年货买不停跨店满减，90.000000;年货价，1726.000000,,发顺丰！！！红3双支礼盒套餐*1 小鹿酒塞*1,2021-01-28 21:14:01,2021-01-28 21:14:09,,,2021-01-29 09:12:13,,江苏省,苏州市,吴中区,
TAOBAO,ceres旗舰店,467533504ca6a4cf6815acadc7a3149e,bioghost寂,="1250664360820289003",普通订单,等待买家确认收货,,1,280.59,0.0,0.0,0.0,877.41,10，10.000000;年货价，832.000000;taojinbi，5.410000;2021天猫年货买不停跨店满减，30.000000,,白1双支自饮套餐*1 白猫酒塞*1,2021-01-26 19:03:42,2021-01-26 19:03:52,,,2021-01-27 14:40:25,,江西省,南昌市,东湖区,
TAOBAO,ceres旗舰店,a4e2f5df4cfaebc392f58c6830c7ab00,sangchao1984,="1250674513855355806",普通订单,等待买家确认收货,,1,906.74,0.0,0.0,0.0,1877.26,2021天猫年货买不停跨店满减，90.000000;taojinbi，21.260000;40，40.000000;年货价，1726.000000,,红3双支礼盒套餐*1 黑狗酒塞*1,2021-01-26 20:30:54,2021-01-26 20:30:59,,,2021-01-27 14:40:25,,浙江省,杭州市,拱墅区,
TAOBAO,ceres旗舰店,fddf7faf67d4011b384037d3fc7f24e5,jiangrenhao1,="1250722647136917202",普通订单,等待买家确认收货,,1,295.27,0.0,0.0,0.0,862.73,10，10.000000;taojinbi，0.200000;2021天猫年货买不停跨店满减，33.530000;年货价，819.000000,,,2021-01-27 00:39:10,2021-01-27 00:39:22,,,2021-01-27 15:41:38,,江苏省,苏州市,姑苏区,
TAOBAO,ceres旗舰店,3c02948572955f7b421104c1621f389e,sujingxin0106,="1250785849080373388",普通订单,等待买家确认收货,,1,276.22,0.0,0.0,0.0,881.78,10，10.000000;2021天猫年货买不停跨店满减，30.000000;年货价，832.000000;taojinbi，9.780000,,,2021-01-30 01:22:32,2021-01-30 01:22:37,,,2021-01-30 15:17:48,,云南省,昆明市,西山区,
TAOBAO,ceres旗舰店,89e49dcfe636b57ded7e292d1386e308,peicy517,="1250788586814187490",普通订单,等待买家确认收货,,1,282.19,0.0,0.0,0.0,875.81,2021天猫年货买不停跨店满减，30.000000;taojinbi，3.810000;10，10.000000;年货价，832.000000,送动物酒塞,白1双支自饮套餐*1 兔子酒塞*1,2021-01-30 00:36:45,2021-01-30 00:36:51,,,2021-01-30 14:23:17,,广东省,惠州市,博罗县,
TAOBAO,ceres旗舰店,764680bc1111e6fb3c1804a9f77f4ed1,阿狸口蘑,="1250814039062279196",普通订单,交易成功,,1,319.23,0.0,0.0,0.0,838.77,年货价，789.000000;10，10.000000;taojinbi，9.770000;2021天猫年货买不停跨店满减，30.000000,,白2红2双支礼盒套餐*1 白狗酒塞*1 ,2021-01-29 15:47:36,2021-01-29 15:47:41,,,2021-01-29 17:34:46,2021-02-01 15:01:27,上海市,市辖区,青浦区,
TAOBAO,ceres旗舰店,e491213fd40f7f0a1aa94bbd48abd092,chenlynn188641371,="1250819762405597891",普通订单,等待买家确认收货,,1,181.43,0.0,0.0,0.0,472.57,2021天猫年货买不停跨店满减，20.330000;年货价，446.000000;taojinbi，6.240000,,,2021-01-30 08:59:09,2021-01-30 08:59:15,,,2021-01-30 15:17:50,,上海市,市辖区,静安区,
TAOBAO,ceres旗舰店,eeb46ffbf7927152e17f95de8d8190ad,rita紫函,="1250844687235623910",普通订单,等待买家确认收货,,2,630.65,0.0,0.0,0.0,1685.35,2021天猫年货买不停跨店满减，58.940000;taojinbi，2.410000;20，20.000000;年货价，1604.000000,,,2021-01-27 12:59:50,2021-01-27 12:59:56,,,2021-01-27 15:41:37,,山东省,东营市,东营区,
TAOBAO,ceres旗舰店,5bf428ff70052526c24a6c60fc376609,磨磨妖精,="1250849390334773692",普通订单,等待买家确认收货,,1,315.06,0.0,0.0,0.0,842.94,taojinbi，0.940000;10，10.000000;年货价，802.000000;2021天猫年货买不停跨店满减，30.000000,,,2021-01-30 10:50:43,2021-01-30 10:50:55,,,2021-01-30 15:17:51,,浙江省,金华市,永康市,
TAOBAO,ceres旗舰店,121075be5a34e90a420a6daa576022f6,jessicapingmagic,="1250850012242118800",普通订单,交易成功,,1,276.22,0.0,0.0,0.0,881.78,taojinbi，9.780000;2021天猫年货买不停跨店满减，30.000000;10，10.000000;年货价，832.000000,,白2双支自饮套餐*1 白猫酒塞*1,2021-01-27 11:44:51,2021-01-27 11:44:56,,,2021-01-27 14:40:25,2021-02-01 08:29:49,广东省,深圳市,南山区,
TAOBAO,ceres旗舰店,f3d8c01d8e2444ee49ddff6c182c3d44,t_1513528453903_054,="1250888283726757306",普通订单,交易成功,,1,289.68,0.0,0.0,0.0,907.32,taojinbi，10.170000;年货价，858.000000;2021天猫年货买不停跨店满减，29.150000;10，10.000000,,,2021-01-27 15:24:42,2021-01-27 15:25:03,,,2021-01-27 17:46:18,2021-01-30 22:54:38,山西省,吕梁市,兴县,
TAOBAO,ceres旗舰店,0b38b9526d13ee5c8f99ffe3cc100ae5,sjw13305815189,="1250933736488508689",普通订单,等待买家确认收货,,3,1113.47,0.0,0.0,0.0,100.0,30，100.000000,,白1红1礼盒套餐*1  白2红2自饮套餐*2 红2*1,2021-02-01 22:56:21,2021-02-01 23:03:18,,,2021-02-02 10:42:25,,浙江省,杭州市,西湖区,
TAOBAO,ceres旗舰店,a087e1b0493af562baef9d9ffd4079ab,辉煌灬不辞远,="1250947755784405908",普通订单,等待买家确认收货,,1,288.83,0.0,0.0,0.0,908.17,2021天猫年货买不停跨店满减，30.000000;年货价，858.000000;10，10.000000;taojinbi，10.170000,,白1红1自饮套餐*1 黑狗酒塞*1,2021-01-27 18:16:26,2021-01-27 18:16:31,,,2021-01-28 14:59:36,,山西省,太原市,古交市,
TAOBAO,ceres旗舰店,973bc1ea815a306bf81141bad57fdd98,流泪的天空60839598,="1250952421848223199",普通订单,交易成功,,1,294.34,0.0,0.0,0.0,902.66,2021天猫年货买不停跨店满减，32.590000;年货价，858.000000;taojinbi，2.070000;10，10.000000,,,2021-01-30 16:09:36,2021-01-30 16:09:47,,,2021-01-30 17:42:11,2021-01-31 20:48:47,上海市,市辖区,青浦区,
TAOBAO,ceres旗舰店,1e3f59e4aba5b837744a0bd639995899,aaa644,="1250952903046260210",普通订单,等待买家确认收货,,1,918.29,0.0,0.0,0.0,1865.71,年货价，1726.000000;2021天猫年货买不停跨店满减，90.000000;taojinbi，9.710000;40，40.000000,请把中文标识贴在酒凭底部，谢谢,发顺丰！！！红3双支礼盒套餐*1 黑猫酒塞*1（中文背标贴底部好撕一点）,2021-01-27 18:30:15,2021-01-27 18:33:00,,,2021-01-28 09:09:29,,北京市,市辖区,丰台区,
TAOBAO,ceres旗舰店,8e0845a86b0ad213de80fbdd1f8a1d58,tb136136382,="1250957858654766599",普通订单,等待买家确认收货,,1,299.0,0.0,0.0,0.0,859.0,10，10.000000;年货价，819.000000;2021天猫年货买不停跨店满减，30.000000,麻烦尽快发货,发顺丰   白2红2双支自饮套餐*1  白狗酒塞*1,2021-01-30 16:01:04,2021-01-30 16:01:09,,,2021-01-30 17:20:40,,海南省,省直辖县级行政区划,文昌市,
TAOBAO,ceres旗舰店,93dc9157539deea354c77b40b307685b,章锡麟zxl,="1250986957862388700",普通订单,交易成功,,1,327.43,0.0,0.0,0.0,869.57,10，10.000000;taojinbi，1.570000;2021天猫年货买不停跨店满减，30.000000;年货价，828.000000,,发顺丰！！！白1红1礼盒套餐*1 黑狗酒塞*1,2021-01-27 19:35:41,2021-01-27 19:36:04,,,2021-01-28 09:09:29,2021-01-30 12:07:32,上海市,市辖区,静安区,
TAOBAO,ceres旗舰店,4d2f5fe7ebd6020496f4f3225a25977a,小破孩无语,="1251015924923791895",普通订单,等待卖家发货,,3,1056.0,0.0,0.0,0.0,2418.0,taojinbi，1.000000;吃货价，2367.000000;吃货节，50.000000,,买6瓶送1瓶【数云备注】,2021-02-02 10:40:05,2021-02-02 10:40:12,,,,,江苏省,苏州市,昆山市,
TAOBAO,ceres旗舰店,edf354d751ad7a3e13ce3b5e3e5e561b,winterjiang8899,="1251029115601244212",普通订单,等待买家确认收货,,3,939.18,0.0,0.0,0.0,40.0,40，40.000000,,发顺丰！！白1红1礼盒套餐*1 白2红2礼盒套餐*1 白2红2自饮套餐*1 红2*1 黑猫酒塞*1,2021-01-27 22:20:06,2021-01-27 22:21:55,,,2021-01-28 09:09:30,,北京市,市辖区,朝阳区,
TAOBAO,ceres旗舰店,edf354d751ad7a3e13ce3b5e3e5e561b,winterjiang8899,="1251032103030244212",普通订单,等待买家确认收货,,1,329.0,0.0,0.0,0.0,829.0,10，10.000000;2021天猫年货买不停跨店满减，30.000000;年货价，789.000000,,发顺丰！！,2021-01-27 22:29:06,2021-01-27 22:29:14,,,2021-01-28 14:52:14,,重庆市,市辖区,渝北区,
TAOBAO,ceres旗舰店,aca60dc9b018c7a5947be507c121500a,yuanbao1946,="1251045516921401393",普通订单,等待卖家发货,,2,678.0,0.0,0.0,0.0,1638.0,吃货价，1638.000000,,白2红2双支自饮套餐*2  白狗酒塞*1 ,2021-02-02 11:40:23,2021-02-02 11:40:30,,,,,山东省,济南市,历下区,
TAOBAO,ceres旗舰店,04b2b9bf3a7b80138317f99207c59d28,mafengyi2002,="1251049743614464305",普通订单,等待买家确认收货,,1,282.64,0.0,0.0,0.0,875.36,年货价，832.000000;10，10.000000;taojinbi，3.360000;2021天猫年货买不停跨店满减，30.000000,,,2021-01-27 23:35:55,2021-01-27 23:36:01,,,2021-01-28 15:13:37,,浙江省,金华市,浦江县,
TAOBAO,ceres旗舰店,2e768d2f44fc0aa7b755f57013d39914,zxc6982385,="1251085262787709496",普通订单,等待买家确认收货,,3,1023.0,0.0,0.0,0.0,40.0,40，40.000000,,买6瓶送1瓶【数云备注】,2021-01-30 22:51:57,2021-01-30 22:52:03,,,2021-01-31 16:01:32,,河南省,信阳市,平桥区,
TAOBAO,ceres旗舰店,fceb0c24f5af7d929786ffd342f00653,上面雨下面繁体儿,="1251105829286761301",普通订单,等待买家确认收货,,1,326.4,0.0,0.0,0.0,831.6,taojinbi，2.600000;年货价，789.000000;2021天猫年货买不停跨店满减，30.000000;10，10.000000,,,2021-01-28 08:54:45,2021-01-28 08:56:20,,,2021-01-28 15:13:39,,广东省,深圳市,南山区,
TAOBAO,ceres旗舰店,bbbf7ec03e34f742f6563249c8e225d0,tb5566173_88,="1251109634951323289",普通订单,交易成功,,1,317.93,0.0,0.0,0.0,840.07,2021天猫年货买不停跨店满减，30.000000;10，10.000000;年货价，789.000000;taojinbi，11.070000,,白2红2双支礼盒套餐*1 黑砖酒塞*1 ,2021-01-31 01:16:40,2021-01-31 01:16:53,,,2021-01-31 16:11:26,2021-02-02 13:11:37,安徽省,合肥市,瑶海区,
TAOBAO,ceres旗舰店,b3d830b96ce28ae81d24ea04b03da1f1,波尔卡1957,="1251140318970903203",普通订单,交易成功,,2,704.0,0.0,0.0,0.0,20.0,20，20.000000,,,2021-01-28 06:12:58,2021-01-28 06:13:08,,,2021-01-28 15:13:38,2021-01-29 23:13:19,江苏省,南京市,栖霞区,
TAOBAO,ceres旗舰店,2d0dc201215d7dc8483001b8d410e098,xufeng662662,="1251162456938904611",普通订单,交易成功,,1,298.93,0.0,0.0,0.0,898.07,taojinbi，5.320000;2021天猫年货买不停跨店满减，24.750000;年货价，858.000000;10，10.000000,,白1红1双支自饮套餐*1 小鹿酒塞*1,2021-01-28 10:55:19,2021-01-28 10:55:29,,,2021-01-28 14:59:36,2021-02-02 14:19:37,安徽省,马鞍山市,当涂县,
TAOBAO,ceres旗舰店,eafdbfc00b9e8ff0867b6692e157ee93,tb945755685,="1251167629159644291",普通订单,等待买家确认收货,,1,328.97,0.0,0.0,0.0,868.03,10，10.000000;taojinbi，0.030000;2021天猫年货买不停跨店满减，30.000000;年货价，828.000000,,,2021-01-31 11:07:43,2021-01-31 11:07:47,,,2021-01-31 15:54:20,,山东省,滨州市,滨城区,
TAOBAO,ceres旗舰店,da3d91f8f5b5dee4821fd86bfde7d5bb,laineyladies,="1251220659205325291",普通订单,等待买家确认收货,,1,284.57,0.0,0.0,0.0,873.43,2021天猫年货买不停跨店满减，30.000000;taojinbi，1.430000;年货价，832.000000;10，10.000000,,,2021-01-30 20:04:53,2021-01-30 20:04:56,,,2021-01-31 15:54:18,,湖南省,益阳市,沅江市,
TAOBAO,ceres旗舰店,622bdb082b69e436f89f609f92083b1c,zq萱萱的,="1251247981551066891",普通订单,等待买家确认收货,,1,285.63,0.0,0.0,0.0,872.37,年货价，832.000000;taojinbi，0.370000;2021天猫年货买不停跨店满减，30.000000;10，10.000000,,,2021-01-31 14:56:54,2021-01-31 14:56:59,,,2021-01-31 17:46:44,,四川省,绵阳市,江油市,
TAOBAO,ceres旗舰店,9d82ccbe68c0eb6750886dd200fe962c,zld0104501,="1251248426077590700",普通订单,交易成功,,1,288.83,0.0,0.0,0.0,908.17,10，10.000000;taojinbi，10.170000;年货价，858.000000;2021天猫年货买不停跨店满减，30.000000,,白1红1双支自饮套餐*1  黑狗酒塞*1 ,2021-01-28 12:50:34,2021-01-28 12:55:31,,,2021-01-28 14:59:36,2021-01-31 17:24:32,天津市,市辖区,滨海新区,
TAOBAO,ceres旗舰店,f6af76c5a1cca5958ed4ea45b3f1ab73,tb97069950,="1251249003682013505",普通订单,等待买家确认收货,,3,911.75,0.0,0.0,0.0,2562.25,taojinbi，15.650000;2021天猫年货买不停跨店满减，100.600000;年货价，2406.000000;40，40.000000,,白2双支礼盒套餐*3 白1*1  白猫酒塞*1 ,2021-01-28 16:42:05,2021-01-28 16:42:12,,,2021-01-28 17:34:20,,辽宁省,沈阳市,浑南区,
TAOBAO,ceres旗舰店,d656347690a6cfe05ae82ac53355fc44,queen23960284,="1251304971663259487",普通订单,等待买家确认收货,,1,183.33,0.0,0.0,0.0,410.67,taojinbi，5.670000;年货价，405.000000,,,2021-01-31 07:30:08,2021-01-31 07:30:14,,,2021-01-31 15:54:17,,上海市,市辖区,闵行区,
TAOBAO,ceres旗舰店,f98ca71e6c543e11a649abcecf12a4b3,落叶游蓝,="1251328741228884801",普通订单,等待买家确认收货,,3,890.06,0.0,0.0,0.0,2700.94,40，40.000000;2021天猫年货买不停跨店满减，86.940000;年货价，2574.000000,,发顺丰 买6瓶送1瓶【数云备注】,2021-01-28 19:29:12,2021-01-28 19:29:17,,,2021-01-29 13:41:56,,江苏省,南京市,玄武区,
TAOBAO,ceres旗舰店,a26f8563804c23d7936654cda970738d,千斤兔,="1251338883879866292",普通订单,等待买家确认收货,,1,940.45,0.0,0.0,0.0,2533.55,taojinbi，17.550000;40，40.000000;年货价，2386.000000;2021天猫年货买不停跨店满减，90.000000,,白1六只装礼盒套餐*1  白1*1 冰酒礼袋*3,2021-01-31 10:23:09,2021-01-31 10:23:14,,,2021-01-31 15:51:24,,辽宁省,丹东市,振兴区,
TAOBAO,ceres旗舰店,61c17500e04fdfe3e7f55b45c4f295e9,leahnotlia823,="1251410425969760511",普通订单,等待买家确认收货,,3,956.52,0.0,0.0,0.0,2634.48,taojinbi，2.270000;2021天猫年货买不停跨店满减，108.210000;年货价，2484.000000;40，40.000000,,买6瓶送1瓶【数云备注】,2021-01-29 00:33:07,2021-01-29 00:33:15,,,2021-01-29 13:44:03,,四川省,广安市,邻水县,
TAOBAO,ceres旗舰店,80175520372e118f1727ad782fb6cc4c,dvfvv,="1251411206282098299",普通订单,等待买家确认收货,,1,299.0,0.0,0.0,0.0,898.0,2021天猫年货买不停跨店满减，30.000000;年货价，858.000000;10，10.000000,,,2021-01-31 22:58:44,2021-01-31 22:58:54,,,2021-02-01 10:33:28,,北京市,市辖区,朝阳区,
TAOBAO,ceres旗舰店,8a7911782ba454b6e9b0203b0ed35e09,nijianpinghz,="1251421191514980607",普通订单,等待买家确认收货,,3,854.48,0.0,0.0,0.0,40.0,40，40.000000,,买6瓶送1瓶【数云备注】,2021-01-29 09:16:41,2021-01-29 09:16:46,,,2021-01-29 13:44:04,,浙江省,杭州市,余杭区,
TAOBAO,ceres旗舰店,752d8e3cba8fec4e309c8d7088945832,momofamily0102,="1251435615756798489",普通订单,等待买家确认收货,,1,288.83,0.0,0.0,0.0,908.17,2021天猫年货买不停跨店满减，30.000000;年货价，858.000000;10，10.000000;taojinbi，10.170000,,,2021-01-31 14:44:40,2021-01-31 14:44:45,,,2021-01-31 17:46:43,,北京市,市辖区,朝阳区,
TAOBAO,ceres旗舰店,61c17500e04fdfe3e7f55b45c4f295e9,leahnotlia823,="1251437173410760511",普通订单,等待买家确认收货,,1,323.44,0.0,0.0,0.0,873.56,2021天猫年货买不停跨店满减，35.560000;年货价，828.000000;10，10.000000,,,2021-01-29 08:49:55,2021-01-29 08:50:07,,,2021-01-29 15:11:19,,安徽省,合肥市,蜀山区,
TAOBAO,ceres旗舰店,ef6216f61161592697dbabd94e5914e9,吃饭专精,="1251445454542395702",普通订单,交易成功,,1,317.93,0.0,0.0,0.0,879.07,10，10.000000;2021天猫年货买不停跨店满减，30.000000;年货价，828.000000;taojinbi，11.070000,,,2021-01-28 23:12:58,2021-01-28 23:13:03,,,2021-01-29 15:11:19,2021-02-02 12:26:29,上海市,市辖区,黄浦区,
TAOBAO,ceres旗舰店,2e8243ca36a105dc91acaa4921ae4be2,陈秉升,="1251457465488577697",普通订单,等待买家确认收货,,1,369.0,0.0,0.0,0.0,828.0,30，30.000000;掌柜推荐，798.000000,,,2021-02-01 08:50:09,2021-02-01 08:54:42,,,2021-02-01 15:34:22,,北京市,市辖区,大兴区,
TAOBAO,ceres旗舰店,23cd06911d9db087888264a52ae49f6a,爆米花花92,="1251476017378506504",普通订单,等待买家确认收货,,1,319.8,0.0,0.0,0.0,877.2,taojinbi，9.200000;10，10.000000;2021天猫年货买不停跨店满减，30.000000;年货价，828.000000,,白1红1双支礼盒套餐*1 白狗酒塞*1 ,2021-01-29 11:00:58,2021-01-29 11:01:02,,,2021-01-29 13:44:04,,浙江省,杭州市,拱墅区,
TAOBAO,ceres旗舰店,edf354d751ad7a3e13ce3b5e3e5e561b,winterjiang8899,="1251486780676244212",普通订单,等待买家确认收货,,3,1007.0,0.0,0.0,0.0,2467.0,年货价，2367.000000;2021天猫年货买不停跨店满减，90.000000;10，10.000000,,发顺丰！！白2红2双支礼盒套餐*3 红2*1 ,2021-01-29 10:45:51,2021-01-29 10:47:40,,,2021-01-29 13:40:01,,辽宁省,锦州市,古塔区,
TAOBAO,ceres旗舰店,ba8f5c295ff2bb045e09f0715989cac7,mercifulman,="1251487779507923188",普通订单,等待买家确认收货,,1,299.0,0.0,0.0,0.0,898.0,年货价，858.000000;10，10.000000;2021天猫年货买不停跨店满减，30.000000,,,2021-01-31 17:28:22,2021-01-31 17:28:27,,,2021-02-01 10:33:28,,重庆市,市辖区,渝北区,
TAOBAO,ceres旗舰店,1cfe4e7bbfddef58344957481fb267ac,喵喵哈哈哈哈,="1251499310134036201",普通订单,等待买家确认收货,,1,297.31,0.0,0.0,0.0,899.69,taojinbi，0.380000;10，10.000000;2021天猫年货买不停跨店满减，31.310000;年货价，858.000000,,白1红1双支自饮套餐*1 白猫酒塞*1 ,2021-01-29 09:33:33,2021-01-29 09:33:41,,,2021-01-29 13:44:03,,广东省,深圳市,龙华区,
TAOBAO,ceres旗舰店,374dc7f67fbd697e75b35fa06aa20d7d,崔酱酱酱,="1251535203795435008",普通订单,交易成功,,1,299.0,0.0,0.0,0.0,859.0,10，10.000000;2021天猫年货买不停跨店满减，30.000000;年货价，819.000000,,发顺丰！！！白2红2双支自饮套餐*1  黑猫酒塞*1 ,2021-01-29 14:27:03,2021-01-29 14:27:10,,,2021-01-29 15:09:34,2021-02-01 07:29:02,山东省,聊城市,东昌府区,
TAOBAO,ceres旗舰店,54aeed9b2b4d32c202cd995b7aa002ec,岛与幕歌9,="1251545809698823492",普通订单,等待买家确认收货,,1,315.32,0.0,0.0,0.0,842.68,taojinbi，10.680000;30，30.000000;掌柜推荐，802.000000,,白1双支自饮套餐*1  黑猫酒塞*1 ,2021-02-01 12:57:29,2021-02-01 12:57:33,,,2021-02-01 15:34:24,,湖北省,宜昌市,远安县,
TAOBAO,ceres旗舰店,c68e19d173d6721e3d628fa685b6b2bc,看人生景,="1251617642071074709",普通订单,等待买家确认收货,,1,288.83,0.0,0.0,0.0,869.17,年货价，819.000000;2021天猫年货买不停跨店满减，30.000000;taojinbi，10.170000;10，10.000000,,发顺丰！！ 白2红2双支自饮套餐*1 小兔酒塞*1 ,2021-01-29 15:05:31,2021-01-29 15:06:06,,,2021-01-29 17:28:03,,甘肃省,定西市,通渭县,
TAOBAO,ceres旗舰店,c4550dbc938402610a74827b2e8e7fdc,miumioo_lyu,="1251661740566022201",普通订单,等待买家确认收货,,1,388.0,0.0,0.0,0.0,986.0,年货价，946.000000;10，10.000000;2021天猫年货买不停跨店满减，30.000000,,,2021-01-29 19:01:52,2021-01-29 19:01:58,,,2021-01-30 15:17:48,,上海市,市辖区,闵行区,
TAOBAO,ceres旗舰店,1394ab788bf55a02780cb3db4249072a,zhangmin200411,="1251677184727939107",普通订单,等待买家确认收货,,1,281.49,0.0,0.0,0.0,876.51,10，10.000000;年货价，832.000000;taojinbi，4.510000;2021天猫年货买不停跨店满减，30.000000,,,2021-01-29 19:55:24,2021-01-29 19:55:39,,,2021-01-30 15:17:48,,四川省,成都市,龙泉驿区,
TAOBAO,ceres旗舰店,f1404f67dce35d58e93000b06b98a890,jtangtang313,="1251697491995634704",普通订单,等待买家确认收货,,1,329.0,0.0,0.0,0.0,868.0,10，10.000000;2021天猫年货买不停跨店满减，30.000000;年货价，828.000000,,,2021-01-29 22:58:58,2021-01-29 22:59:03,,,2021-01-30 15:17:49,,甘肃省,兰州市,城关区,
TAOBAO,ceres旗舰店,1510f0c77d88a6f68c6325673d2e3749,yy451459805,="1251711697934997893",普通订单,等待买家确认收货,,1,368.82,0.0,0.0,0.0,789.18,30，30.000000;taojinbi，0.180000;掌柜推荐，759.000000,,白2红2礼盒套餐*1 黑猫酒塞*1,2021-02-01 21:52:21,2021-02-01 21:52:46,,,2021-02-02 10:42:26,,重庆市,市辖区,南岸区,
TAOBAO,ceres旗舰店,34af3edd61f2d7ed9bc24922afebdb7f,jidan19811014,="1251718550266357206",普通订单,等待买家确认收货,,1,288.83,0.0,0.0,0.0,869.17,年货价，819.000000;10，10.000000;2021天猫年货买不停跨店满减，30.000000;taojinbi，10.170000,,白2红2自饮套餐*1  黑狗酒塞*1,2021-01-29 20:21:26,2021-01-29 20:21:33,,,2021-01-30 14:19:59,,吉林省,长春市,绿园区,
TAOBAO,ceres旗舰店,7c1aa981adbe3abebd4361b4d3f58f5d,奕轩康宝贝,="1251732685794658191",普通订单,等待买家确认收货,,1,326.0,0.0,0.0,0.0,832.0,掌柜推荐，802.000000;30，30.000000,,,2021-02-01 23:10:22,2021-02-01 23:10:30,,,2021-02-02 10:42:26,,重庆市,市辖区,大渡口区,
TAOBAO,ceres旗舰店,7c1aa981adbe3abebd4361b4d3f58f5d,奕轩康宝贝,="1251736826185658191",普通订单,等待买家确认收货,,1,395.68,0.0,0.0,0.0,978.32,30，30.000000;taojinbi，2.320000;掌柜推荐，946.000000,,,2021-02-01 23:09:27,2021-02-01 23:09:50,,,2021-02-02 10:42:26,,重庆市,市辖区,大渡口区,
TAOBAO,ceres旗舰店,9acfa73997ad8ade8c0c9fa72144ba08,tanglaoya07100,="1251753144690552909",普通订单,交易成功,,1,406.0,0.0,0.0,0.0,962.0,年货价，922.000000;2021天猫年货买不停跨店满减，30.000000;10，10.000000,,,2021-01-30 00:52:31,2021-01-30 00:52:35,,,2021-01-30 15:17:51,2021-02-01 01:00:49,浙江省,杭州市,西湖区,
TAOBAO,ceres旗舰店,31792fe73dc31f9a906d98872843bd62,风间和小丸子,="1251792098863194706",普通订单,等待买家确认收货,,1,281.15,0.0,0.0,0.0,876.85,10，10.000000;taojinbi，4.850000;2021天猫年货买不停跨店满减，30.000000;年货价，832.000000,,,2021-01-30 01:06:29,2021-01-30 01:06:33,,,2021-01-30 15:17:48,,浙江省,杭州市,临安区,
TAOBAO,ceres旗舰店,8c08ad6a281446182716e9787f45e963,huahua5399,="1251875115029301904",普通订单,等待买家确认收货,,3,964.76,0.0,0.0,0.0,2509.24,taojinbi，12.240000;年货价，2367.000000;2021天猫年货买不停跨店满减，90.000000;40，40.000000,,白2红2双支礼盒套餐*3 ,2021-01-30 14:52:12,2021-01-30 14:52:20,,,2021-01-30 15:11:03,,内蒙古自治区,通辽市,科尔沁区,
TAOBAO,ceres旗舰店,a68a7f34ebd8fbf9c29b246ce413b50b,幻讯002,="1251885051607781902",普通订单,等待买家确认收货,,4,4062.0,0.0,0.0,0.0,10194.0,年货价，9744.000000;2021天猫年货买不停跨店满减，450.000000,不要清单,不要售后卡  白2*32  海马刀*4,2021-01-30 15:25:41,2021-01-30 15:25:49,,,2021-01-30 17:11:55,,北京市,市辖区,海淀区,
TAOBAO,ceres旗舰店,a53eefdd33db2a5a227c81f05414567d,呵呵是小小33,="1251886837208597691",普通订单,等待卖家发货,,1,179.0,0.0,0.0,0.0,,,,,2021-02-02 14:01:21,2021-02-02 14:01:25,,,,,河南省,郑州市,二七区,
TAOBAO,ceres旗舰店,8c08ad6a281446182716e9787f45e963,huahua5399,="1251912480373301904",普通订单,等待买家确认收货,,1,1.0,0.0,0.0,0.0,,,,红2*1  红2礼盒*1 海马刀*1,2021-01-30 14:53:52,2021-01-30 14:53:58,,,2021-01-30 15:11:04,,内蒙古自治区,赤峰市,松山区,
TAOBAO,ceres旗舰店,a4b88c5dc2f83c8f1da035bf50f3f965,zylandzyf,="1251925440694397209",普通订单,等待买家确认收货,,1,293.22,0.0,0.0,0.0,864.78,taojinbi，5.780000;10，10.000000;年货价，819.000000;2021天猫年货买不停跨店满减，30.000000,,白2红2双支自饮套餐*1  黑狗酒塞*1,2021-01-30 15:35:29,2021-01-30 15:35:39,,,2021-01-30 17:11:55,,四川省,成都市,龙泉驿区,
TAOBAO,ceres旗舰店,054766c5b0b03c87e3f489726a561fc0,liuke1978,="1251933819858018087",普通订单,等待买家确认收货,,1,369.0,0.0,0.0,0.0,828.0,30，30.000000;掌柜推荐，798.000000,,,2021-02-01 23:58:57,2021-02-01 23:59:01,,,2021-02-02 10:42:27,,北京市,市辖区,朝阳区,
TAOBAO,ceres旗舰店,e4eb89230dcc5714bb8c2edebe175fcd,tb739654300,="1252026279587680307",普通订单,等待买家确认收货,,1,296.14,0.0,0.0,0.0,900.86,2021天猫年货买不停跨店满减，30.000000;10，10.000000;taojinbi，2.860000;年货价，858.000000,,,2021-01-30 22:45:03,2021-01-30 22:45:08,,,2021-01-31 15:54:17,,湖南省,娄底市,双峰县,
TAOBAO,ceres旗舰店,d78afd7cd52a2b99548ca4ebc99c77b0,yanyi857,="1252072142658676700",普通订单,等待买家确认收货,,1,298.04,0.0,0.0,0.0,898.96,taojinbi，0.960000;10，10.000000;2021天猫年货买不停跨店满减，30.000000;年货价，858.000000,,,2021-01-30 21:16:04,2021-01-30 21:16:07,,,2021-01-31 15:54:20,,山东省,青岛市,城阳区,
TAOBAO,ceres旗舰店,5ce7bb275e77737485214200ae537e22,旭升汽车用品实业,="1252095576637385800",普通订单,等待买家确认收货,,1,275.43,0.0,0.0,0.0,882.57,年货价，832.000000;2021天猫年货买不停跨店满减，30.790000;taojinbi，9.780000;10，10.000000,,,2021-01-31 02:47:39,2021-01-31 02:47:53,,,2021-01-31 15:54:20,,江西省,九江市,湖口县,
TAOBAO,ceres旗舰店,e4d7b4367314f8b748d1d99c787c8895,ljugebury,="1252132116472868505",普通订单,等待买家确认收货,,3,847.1,0.0,0.0,0.0,2626.9,2021天猫年货买不停跨店满减，90.000000;年货价，2496.000000;40，40.000000;taojinbi，0.900000,,发顺丰！！！ 白2双支自饮套餐*3 白2*1   白狗酒塞*1 ,2021-01-31 10:00:08,2021-01-31 10:00:12,,,2021-01-31 10:58:20,,浙江省,嘉兴市,桐乡市,
TAOBAO,ceres旗舰店,5ecfd4c409dcbc620047193a8bf759b9,hhthp123,="1252180790610795300",普通订单,等待买家确认收货,,1,305.32,0.0,0.0,0.0,852.68,taojinbi，10.680000;年货价，802.000000;2021天猫年货买不停跨店满减，30.000000;10，10.000000,,发顺丰！！！ ,2021-01-31 10:33:35,2021-01-31 10:33:39,,,2021-01-31 10:58:20,,吉林省,辽源市,东辽县,
TAOBAO,ceres旗舰店,110da3b9fdddc255dd9f5763f5be2e9c,淘淘cilla,="1252213837826287809",普通订单,等待买家确认收货,,3,976.89,0.0,0.0,0.0,2614.11,年货价，2484.000000;2021天猫年货买不停跨店满减，90.000000;40，40.000000;taojinbi，0.110000,,买6瓶送1瓶【数云备注】,2021-01-31 14:20:02,2021-01-31 14:20:06,,,2021-01-31 16:01:32,,湖北省,黄石市,下陆区,
TAOBAO,ceres旗舰店,20eb67d22cf8844d29484d2b6c85acb0,白青猪,="1252234791700923600",普通订单,等待买家确认收货,,1,288.83,0.0,0.0,0.0,869.17,taojinbi，10.170000;年货价，819.000000;2021天猫年货买不停跨店满减，30.000000;10，10.000000,,发顺丰！！ ,2021-01-31 16:27:52,2021-01-31 16:27:58,,,2021-01-31 16:44:10,,湖南省,长沙市,开福区,
TAOBAO,ceres旗舰店,6d5c57589495b0fd4d0037934ef89e91,zc2258233,="1252283928302463512",普通订单,等待买家确认收货,,1,283.65,0.0,0.0,0.0,874.35,10，10.000000;年货价，832.000000;taojinbi，2.350000;2021天猫年货买不停跨店满减，30.000000,,,2021-01-31 17:01:37,2021-01-31 17:01:43,,,2021-01-31 17:46:44,,上海市,市辖区,嘉定区,
TAOBAO,ceres旗舰店,2b84a5bb4018b05babc003e35c3c9bf1,我家有座橘子山,="1252286343616853206",普通订单,等待买家确认收货,,1,305.79,0.0,0.0,0.0,852.21,10，10.000000;年货价，802.000000;2021天猫年货买不停跨店满减，29.530000;taojinbi，10.680000,,,2021-01-31 18:54:21,2021-01-31 18:55:27,,,2021-02-01 10:33:30,,江西省,南昌市,东湖区,
TAOBAO,ceres旗舰店,9ce95f60bd51a2733dfd7a91a9ef5d82,xfliupioneer,="1252338756057524304",普通订单,等待买家确认收货,,1,319.36,0.0,0.0,0.0,838.64,taojinbi，6.640000;2021天猫年货买不停跨店满减，30.000000;年货价，802.000000,,,2021-01-31 19:38:00,2021-01-31 19:38:18,,,2021-02-01 10:33:28,,上海市,市辖区,嘉定区,
TAOBAO,ceres旗舰店,65c1afde25f4ea40cec4449bf994e114,迟吟秋,="1252371051440740205",普通订单,等待买家确认收货,,1,296.96,0.0,0.0,0.0,900.04,2021天猫年货买不停跨店满减，30.000000;taojinbi，2.040000;年货价，858.000000;10，10.000000,,,2021-01-31 23:24:03,2021-01-31 23:24:36,,,2021-02-01 10:33:29,,浙江省,杭州市,拱墅区,
TAOBAO,ceres旗舰店,5381f795695a5147b9acc0d99c24560c,雪音sunny,="1252372596476958200",普通订单,等待买家确认收货,,1,285.53,0.0,0.0,0.0,872.47,taojinbi，10.170000;2021天猫年货买不停跨店满减，33.300000;10，10.000000;年货价，819.000000,,白2红2双支自饮套餐*1 兔子酒塞*1,2021-01-31 21:25:40,2021-01-31 21:25:50,,,2021-02-01 10:33:28,,山东省,菏泽市,单县,
TAOBAO,ceres旗舰店,3a58c3a294687434bc9f0d6df11297a8,楚楚鱼在散步,="1252374075145429100",普通订单,等待买家确认收货,,1,285.94,0.0,0.0,0.0,872.06,年货价，832.000000;2021天猫年货买不停跨店满减，30.000000;10，10.000000;taojinbi，0.060000,,,2021-01-31 23:33:08,2021-01-31 23:33:14,,,2021-02-01 10:19:41,,辽宁省,沈阳市,和平区,
TAOBAO,ceres旗舰店,27ebceff93af993fa7171e10050510b6,西门绝舜东古特,="1252410720257838107",普通订单,等待买家确认收货,,2,634.41,0.0,0.0,0.0,20.0,20，20.000000,,,2021-01-31 23:33:04,2021-01-31 23:33:11,,,2021-02-01 10:19:41,,辽宁省,本溪市,平山区,
TAOBAO,ceres旗舰店,786ee09f1e53d69d9456a62221993406,eternalflamefjw,="1252439090970411307",普通订单,等待买家确认收货,,3,1036.0,0.0,0.0,0.0,40.0,40，40.000000,,买6瓶送1瓶【数云备注】,2021-01-31 22:54:09,2021-01-31 22:54:17,,,2021-02-01 10:33:32,,安徽省,六安市,裕安区,
TAOBAO,ceres旗舰店,4d834e33ffb0942059ddb90a819cfbf8,不要青,="1252452445787393806",普通订单,等待买家确认收货,,1,369.0,0.0,0.0,0.0,828.0,30，30.000000;掌柜推荐，798.000000,,,2021-02-01 09:33:54,2021-02-01 09:34:39,,,2021-02-01 15:34:23,,广东省,深圳市,宝安区,
TAOBAO,ceres旗舰店,dab9dd871deabcb523a611d85d95db3a,德系天下,="1252477034265745209",普通订单,等待买家确认收货,,1,338.75,0.0,0.0,0.0,819.25,30，30.000000;taojinbi，0.250000;掌柜推荐，789.000000,,,2021-02-01 03:49:49,2021-02-01 03:49:53,,,2021-02-01 15:34:21,,四川省,宜宾市,,
TAOBAO,ceres旗舰店,a43f6273fdc7b9fc7fa913e91415ad4a,jianpanwenjing,="1252533588913389803",普通订单,等待买家确认收货,,1,355.02,0.0,0.0,0.0,802.98,掌柜推荐，772.000000;taojinbi，0.980000;30，30.000000,,,2021-02-01 12:22:50,2021-02-01 13:00:59,,,2021-02-01 15:34:23,,湖南省,湘西土家族苗族自治州,永顺县,
TAOBAO,ceres旗舰店,a43f6273fdc7b9fc7fa913e91415ad4a,jianpanwenjing,="1252593638128389803",普通订单,等待买家确认收货,,1,398.0,0.0,0.0,0.0,760.0,30，30.000000;掌柜推荐，730.000000,,,2021-02-01 13:02:10,2021-02-01 13:02:15,,,2021-02-01 15:34:25,,湖南省,湘西土家族苗族自治州,永顺县,
TAOBAO,ceres旗舰店,0d6b61411199d57a32f083584932a6a2,均元1986,="1252621357926283104",普通订单,等待买家确认收货,,1,356.0,0.0,0.0,0.0,802.0,30，30.000000;掌柜推荐，772.000000,,,2021-02-01 17:26:18,2021-02-01 17:26:22,,,2021-02-01 17:36:06,,广东省,珠海市,斗门区,
TAOBAO,ceres旗舰店,85a4e4452aabded319013053b55d2dcb,坏蛋noone,="1252689901249162809",普通订单,等待买家确认收货,,3,1057.88,0.0,0.0,0.0,2416.12,taojinbi，0.120000;掌柜推荐，2316.000000;30，100.000000,,买6瓶送1瓶【数云备注】,2021-02-01 20:56:22,2021-02-01 20:56:28,,,2021-02-02 10:42:26,,浙江省,嘉兴市,南湖区,
TAOBAO,ceres旗舰店,c36953e606626cb111a21bd0fff3aade,ailaoshiyongyuan,="1252694943035727807",普通订单,等待买家确认收货,,1,336.94,0.0,0.0,0.0,860.06,taojinbi，2.060000;30，30.000000;掌柜推荐，828.000000,,,2021-02-01 22:33:23,2021-02-01 22:34:13,,,2021-02-02 10:42:27,,北京市,市辖区,昌平区,
TAOBAO,ceres旗舰店,75fc6bb95264a131cd581572e18b0bef,tb0176448_00,="1252696020390854410",普通订单,等待买家确认收货,,1,357.03,0.0,0.0,0.0,839.97,taojinbi，11.970000;30，30.000000;掌柜推荐，798.000000,,,2021-02-01 20:35:13,2021-02-01 20:35:19,,,2021-02-02 10:42:25,,浙江省,舟山市,普陀区,
TAOBAO,ceres旗舰店,89a071f97bab649964fb59abec59bedd,zhouqinyu66,="1252756682346310006",普通订单,等待买家确认收货,,3,1095.56,0.0,0.0,0.0,2495.44,掌柜推荐，2394.000000;taojinbi，1.440000;30，100.000000,送冰红,买6瓶送1瓶【数云备注】,2021-02-01 21:25:38,2021-02-01 21:28:18,,,2021-02-02 10:42:27,,重庆市,市辖区,南岸区,
TAOBAO,ceres旗舰店,3b0748452ae8fc36400df75b8a5bf8bd,1q2w3e4r2345,="1252762010325287604",普通订单,等待买家确认收货,,1,357.03,0.0,0.0,0.0,800.97,30，30.000000;掌柜推荐，759.000000;taojinbi，11.970000,,白2红2双支礼盒套餐*1  白狗酒塞*1 ,2021-02-01 21:43:38,2021-02-01 21:43:42,,,2021-02-02 10:42:25,,河北省,承德市,双桥区,
TAOBAO,ceres旗舰店,f1404f67dce35d58e93000b06b98a890,jtangtang313,="1252771766533634704",普通订单,等待买家确认收货,,3,1066.33,0.0,0.0,0.0,100.0,30，100.000000,,白1红1自饮套餐*1 白1红1礼盒套餐*2 红1*1,2021-02-01 22:14:45,2021-02-01 22:24:36,,,2021-02-02 10:42:26,,甘肃省,兰州市,城关区,
TAOBAO,ceres旗舰店,17edf348d4806d4da59f53d5f4487dde,毛记杨慧贤,="1252802904933216511",普通订单,等待卖家发货,,1,189.0,0.0,0.0,0.0,405.0,吃货价，405.000000,,,2021-02-02 09:48:04,2021-02-02 09:48:12,,,,,广东省,东莞市,,
TAOBAO,ceres旗舰店,5c17b13edd0d858aa694b03da5d7561c,糖僧z84,="1252824144954126101",普通订单,等待卖家发货,,1,359.29,0.0,0.0,0.0,837.71,吃货价，828.000000;taojinbi，9.710000,,白1红1双支礼盒套餐*1  白猫酒塞*1 ,2021-02-02 10:49:20,2021-02-02 10:49:57,,,,,浙江省,绍兴市,柯桥区,
TAOBAO,ceres旗舰店,434c4425034f472fe12dd555ec6eba03,leewaymay,="1252859065399085005",普通订单,等待卖家发货,,2,718.0,0.0,0.0,0.0,1598.0,吃货节，20.000000;吃货价，1578.000000,,白2红2双支礼盒套餐*1 ,2021-02-02 12:28:55,2021-02-02 12:29:00,,,,,江西省,上饶市,余干县,
TAOBAO,ceres旗舰店,01abeda1691ebb1a72afcd3b3a9b6408,长上翅膀,="1252871917228573500",普通订单,等待卖家发货,,1,355.28,0.0,0.0,0.0,802.72,taojinbi，0.720000;吃货价，802.000000,,,2021-02-02 13:01:51,2021-02-02 13:01:59,,,,,湖北省,武汉市,汉南区,
TAOBAO,ceres旗舰店,7c8227dae75d6e274113de3887da8f16,milano_dy,="1403624484924437637",普通订单,交易成功,,1,325.89,0.0,0.0,0.0,832.11,掌柜推荐，802.000000;30，30.000000;taojinbi，0.110000,,,2020-12-01 09:55:05,2020-12-01 09:57:23,,,2020-12-01 15:08:52,2020-12-07 08:24:14,江苏省,盐城市,射阳县,
TAOBAO,ceres旗舰店,8b92508cb752457cafbd830e90a16058,t_1504933113156_0206,="1404399710233914514",普通订单,交易成功,,1,368.15,0.0,0.0,0.0,789.85,taojinbi，0.850000;掌柜推荐，789.000000,,,2020-12-01 00:51:27,2020-12-01 00:51:34,,,2020-12-01 10:14:44,2020-12-11 10:14:55,贵州省,贵阳市,观山湖区,
TAOBAO,ceres旗舰店,f71382f0c29ee6c995b7c7851b41ddcb,张虫虫97,="1404768675086424573",普通订单,交易成功,,1,997.91,0.0,0.0,0.0,2476.09,品牌促销，2376.000000;taojinbi，0.090000;100，100.000000,,发早班顺丰！！！ 白1*8 海马刀*1  单支礼袋*8  报关单卫检 售后卡,2020-12-01 08:18:35,2020-12-01 08:18:45,,,2020-12-01 09:10:25,2020-12-03 16:25:57,湖北省,武汉市,江夏区,
TAOBAO,ceres旗舰店,8b92508cb752457cafbd830e90a16058,t_1504933113156_0206,="1404888375753914514",普通订单,交易成功,,1,356.0,0.0,0.0,0.0,802.0,掌柜推荐，802.000000,,,2020-12-01 09:35:51,2020-12-01 09:35:58,,,2020-12-01 15:11:58,2020-12-11 15:12:01,贵州省,贵阳市,观山湖区,
TAOBAO,ceres旗舰店,93a0789c624e49350105047a0407cf59,tb682554649,="1404907056705915319",普通订单,交易成功,,1,827.91,0.0,0.0,0.0,1956.09,taojinbi，0.090000;100，100.000000;掌柜推荐，1856.000000,,发顺丰,2020-12-01 18:06:57,2020-12-01 18:07:54,,,2020-12-02 10:11:19,2020-12-12 10:11:25,广东省,惠州市,惠东县,
TAOBAO,ceres旗舰店,947cfff421393413c9ac405a0fd48b23,血刹罗,="1404924842298779778",普通订单,交易成功,,15,6600.0,840.0,0.0,0.0,11610.0,掌柜推荐，11580.000000;30，30.000000,,白2*47 白2礼盒*40 香槟杯*40 海马刀*20 双支礼袋*20,2020-12-01 11:11:17,2020-12-01 11:14:14,,,2020-12-01 15:14:18,2020-12-09 15:45:00,上海市,市辖区,虹口区,
TAOBAO,ceres旗舰店,12b38cbc8a6041cae8397b221bd338f4,滔滔_1994,="1405203771010238320",普通订单,交易成功,,1,453.06,0.0,0.0,0.0,1040.94,taojinbi，14.940000;30，30.000000;品牌促销，996.000000,,,2020-12-01 11:28:00,2020-12-01 11:31:02,,,2020-12-01 15:08:53,2020-12-11 15:09:02,江苏省,常州市,天宁区,
TAOBAO,ceres旗舰店,6bb720cfd9bde5898b43c232b1810ba8,平平常常0290,="1405384884419933919",普通订单,交易成功,,1,777.84,0.0,0.0,0.0,2006.16,100，100.000000;taojinbi，0.160000;掌柜推荐，1906.000000,,,2020-12-01 21:27:03,2020-12-01 21:27:15,,,2020-12-02 10:16:10,2020-12-11 16:40:02,浙江省,杭州市,江干区,
TAOBAO,ceres旗舰店,c4eb7a90150084a85a3891cdfc74d37d,tb71327794,="1405909333230815943",普通订单,交易成功,,1,197.61,0.0,0.0,0.0,396.39,taojinbi，1.390000;掌柜推荐，395.000000,,,2020-12-01 19:27:13,2020-12-01 19:27:19,,,2020-12-02 10:16:09,2020-12-12 10:16:15,安徽省,合肥市,巢湖市,
TAOBAO,ceres旗舰店,93a0789c624e49350105047a0407cf59,tb682554649,="1406018054145915319",普通订单,交易成功,,1,828.0,0.0,0.0,0.0,1956.0,掌柜推荐，1856.000000;100，100.000000,,发顺丰,2020-12-01 18:13:50,2020-12-01 18:13:58,,,2020-12-02 10:11:19,2020-12-12 10:11:25,广东省,惠州市,惠东县,
TAOBAO,ceres旗舰店,78672196dd055df2a14804b2422e74d1,风火鼎大酒店,="1406128430805328669",普通订单,交易成功,,1,325.92,0.0,0.0,0.0,832.08,掌柜推荐，802.000000;taojinbi，0.080000;30，30.000000,,,2020-12-01 19:05:28,2020-12-01 19:05:33,,,2020-12-02 10:16:09,2020-12-03 12:29:09,上海市,市辖区,浦东新区,
TAOBAO,ceres旗舰店,975083e4b6803cb164a6ca367b03908b,yzx18917010335,="1406165976533157876",普通订单,交易成功,,2,726.44,0.0,0.0,0.0,2009.56,taojinbi，25.560000;掌柜推荐，1884.000000;100，100.000000,,,2020-12-02 10:27:58,2020-12-02 10:28:26,,,2020-12-02 15:14:26,2020-12-12 15:14:36,上海市,市辖区,金山区,
TAOBAO,ceres旗舰店,c12c59309530f049f4ef2d2d2b0326d8,李寒辛,="1406175663682314233",普通订单,交易成功,,1,337.97,0.0,0.0,0.0,859.03,掌柜推荐，828.000000;taojinbi，1.030000;30，30.000000,,发顺丰！,2020-12-01 17:59:52,2020-12-01 17:59:57,,,2020-12-02 10:11:19,2020-12-12 10:11:25,四川省,成都市,青羊区,
TAOBAO,ceres旗舰店,b945dfa26e6edbdc59106064331562f0,猴子请来的茜茜是咯咯,="1406808902108144315",普通订单,交易成功,,1,368.87,0.0,0.0,0.0,828.13,掌柜推荐，798.000000;taojinbi，0.130000;30，30.000000,,,2020-12-01 23:43:14,2020-12-01 23:43:17,,,2020-12-02 10:13:26,2020-12-06 17:42:17,黑龙江省,佳木斯市,郊区,
TAOBAO,ceres旗舰店,975083e4b6803cb164a6ca367b03908b,yzx18917010335,="1407274454953157876",普通订单,交易成功,,1,412.32,0.0,0.0,0.0,955.68,掌柜推荐，912.000000;taojinbi，13.680000;30，30.000000,,白2*1  红2*2  白2礼盒*1  红2礼盒*2  冰酒礼袋*2  香槟杯*2  海马刀*2  报关单卫检  售后卡,2020-12-02 10:38:42,2020-12-02 10:39:16,,,2020-12-02 15:14:26,2020-12-12 15:14:36,上海市,市辖区,金山区,
TAOBAO,ceres旗舰店,16fed17a5ad84591d180c750790203ac,tb1128289898,="1407285867626062868",普通订单,交易成功,,1,337.9,0.0,0.0,0.0,820.1,掌柜推荐，789.000000;30，30.000000;taojinbi，1.100000,,,2020-12-02 08:52:37,2020-12-02 08:52:42,,,2020-12-02 10:16:10,2020-12-12 10:16:14,广东省,珠海市,香洲区,
TAOBAO,ceres旗舰店,9349d19ff806ce32cb01648b8f9bf375,tb7108199,="1407759049633772272",普通订单,交易成功,,1,325.36,0.0,0.0,0.0,832.64,taojinbi，0.640000;掌柜推荐，802.000000;30，30.000000,,,2020-12-02 15:32:52,2020-12-02 15:33:03,,,2020-12-02 17:39:15,2020-12-12 17:39:26,浙江省,杭州市,富阳区,
TAOBAO,ceres旗舰店,b8394aeb7dbfd0210d0cebde51b4f903,小屁孩的好爸爸,="1407805812549590880",普通订单,交易成功,,1,357.03,0.0,0.0,0.0,839.97,30，30.000000;taojinbi，11.970000;掌柜推荐，798.000000,,,2020-12-02 21:17:37,2020-12-02 21:17:43,,,2020-12-03 10:20:28,2020-12-05 20:04:43,湖北省,鄂州市,鄂城区,
TAOBAO,ceres旗舰店,60f5390fa2cc461e7e5062bceea677eb,heidi的购物账号,="1407839653592313873",普通订单,交易成功,,3,834.23,0.0,0.0,0.0,100.0,100，100.000000,,白1*1 红2*1 白3*1 报关单卫检售后卡  确认收货退差价45元  已退,2020-12-02 16:07:33,2020-12-02 16:09:57,,,2020-12-02 17:39:14,2020-12-05 08:27:19,广东省,广州市,天河区,
TAOBAO,ceres旗舰店,d35899c04605f3fa546de2eacb19e471,tb0468422412,="1407969758767196624",普通订单,交易成功,,1,369.0,0.0,0.0,0.0,828.0,掌柜推荐，798.000000;30，30.000000,,,2020-12-02 15:07:04,2020-12-02 15:07:12,,,2020-12-02 17:39:14,2020-12-12 17:39:24,江苏省,南京市,栖霞区,
TAOBAO,ceres旗舰店,f191629fb93d3f2cb50a0e16a4b479e7,yulin277646237,="1408258225584061528",普通订单,交易成功,,1,183.6,0.0,0.0,0.0,410.4,掌柜推荐，405.000000;taojinbi，5.400000,,,2020-12-02 18:37:21,2020-12-02 18:37:28,,,2020-12-03 10:20:30,2020-12-13 10:20:35,山东省,烟台市,芝罘区,
TAOBAO,ceres旗舰店,ac1a9fe072f8a5cc470dd61805eea36c,sxfczm,="1408614518386962964",普通订单,交易成功,,1,325.97,0.0,0.0,0.0,832.03,taojinbi，0.030000;30，30.000000;掌柜推荐，802.000000,,,2020-12-02 19:01:45,2020-12-02 19:04:49,,,2020-12-03 10:20:30,2020-12-07 09:50:09,广西壮族自治区,防城港市,东兴市,
TAOBAO,ceres旗舰店,d76020d5cc3af1bf2c0ed80629709b31,纯情小魂淡,="1408761756203118854",普通订单,交易成功,,1,369.0,0.0,0.0,0.0,828.0,掌柜推荐，798.000000;30，30.000000,,,2020-12-03 12:00:58,2020-12-03 12:01:03,,,2020-12-03 15:14:07,2020-12-13 15:14:16,广东省,珠海市,香洲区,
TAOBAO,ceres旗舰店,9682546c8156af7fcc140ac18e24b394,poler69169902,="1408835991716427985",普通订单,交易成功,,1,327.93,0.0,0.0,0.0,869.07,30，30.000000;taojinbi，11.070000;掌柜推荐，828.000000,,,2020-12-02 19:21:30,2020-12-02 19:21:34,,,2020-12-03 10:20:28,2020-12-13 10:20:38,上海市,市辖区,徐汇区,
TAOBAO,ceres旗舰店,b671c0cad81bcda44299e85f3291d5e6,乾toff,="1408886283832522925",普通订单,交易成功,,1,315.32,0.0,0.0,0.0,842.68,30，30.000000;taojinbi，10.680000;掌柜推荐，802.000000,,,2020-12-02 19:43:02,2020-12-02 19:43:10,,,2020-12-03 10:20:29,2020-12-13 10:20:38,浙江省,杭州市,下城区,
TAOBAO,ceres旗舰店,e2898f0967d5fb8eb9fd26f7220d6a47,仁慈的鹰686868,="1409404788256941347",普通订单,交易成功,,1,339.0,0.0,0.0,0.0,819.0,30，30.000000;掌柜推荐，789.000000,,,2020-12-03 17:23:21,2020-12-03 17:23:31,,,2020-12-03 17:37:12,2020-12-13 17:37:24,广东省,广州市,白云区,
TAOBAO,ceres旗舰店,0945cf5fc7e891f59ee293a7334a7658,tb48132294,="1409821813818377343",普通订单,交易成功,,1,218.0,0.0,0.0,0.0,436.0,品牌促销，436.000000,,发顺丰！,2020-12-03 14:17:17,2020-12-03 14:17:39,,,2020-12-03 15:07:36,2020-12-13 15:07:43,福建省,厦门市,思明区,
TAOBAO,ceres旗舰店,f01c63008a933b0cdfeeb56830dff8bb,phoenzoin,="1410178251227968713",普通订单,交易成功,,1,916.73,0.0,0.0,0.0,1867.27,掌柜推荐，1756.000000;taojinbi，11.270000;100，100.000000,,,2020-12-03 12:59:08,2020-12-03 12:59:14,,,2020-12-03 15:14:07,2020-12-13 15:14:13,北京市,市辖区,海淀区,
TAOBAO,ceres旗舰店,347663fb2fa857df011caaa55d6fb45c,华夏儿女2011,="1410238191445208857",普通订单,交易成功,,1,193.03,0.0,0.0,0.0,400.97,taojinbi，5.970000;掌柜推荐，395.000000,,,2020-12-03 13:35:33,2020-12-03 13:35:44,,,2020-12-03 15:14:07,2020-12-13 15:14:13,湖南省,长沙市,雨花区,
TAOBAO,ceres旗舰店,d35899c04605f3fa546de2eacb19e471,tb0468422412,="1410567984501196624",普通订单,交易成功,,3,1097.0,0.0,0.0,0.0,2494.0,掌柜推荐，2394.000000;100，100.000000,,白1*4  红1*3 白1礼盒*3 红1礼盒*3 香槟杯*6 海马刀*3 报关单卫检 售后卡,2020-12-04 09:01:03,2020-12-04 09:01:13,,,2020-12-04 15:16:12,2020-12-14 15:16:18,江苏省,南京市,栖霞区,
TAOBAO,ceres旗舰店,aa63d37b3084f87282fff8d7e471c669,古妖奈何,="1411239530311510917",普通订单,交易成功,,1,321.77,0.0,0.0,0.0,836.23,30，30.000000;掌柜推荐，802.000000;taojinbi，4.230000,,发顺丰！！,2020-12-03 22:41:19,2020-12-03 22:41:24,,,2020-12-04 13:25:59,2020-12-08 20:37:39,福建省,厦门市,思明区,
TAOBAO,ceres旗舰店,36e6e4e0f735f606c8a73d8aece8e2ca,wjofking,="1411381440388407652",普通订单,交易成功,,1,323.1,0.0,0.0,0.0,834.9,30，30.000000;掌柜推荐，802.000000;taojinbi，2.900000,,,2020-12-04 14:52:46,2020-12-04 14:52:51,,,2020-12-04 17:39:12,2020-12-14 17:39:21,上海市,市辖区,浦东新区,
TAOBAO,ceres旗舰店,d66ad95105feb7f817a309e2988ca8c6,依瑞泽尔,="1411614938618451244",普通订单,交易成功,,1,353.71,0.0,0.0,0.0,804.29,taojinbi，2.290000;掌柜推荐，772.000000;30，30.000000,,发顺丰！！！,2020-12-04 08:36:07,2020-12-04 08:36:19,,,2020-12-04 15:11:40,2020-12-14 15:11:44,辽宁省,沈阳市,皇姑区,
TAOBAO,ceres旗舰店,46979a6696a45a713c3e70ff1183c3f3,0820tao,="1411949016931752324",普通订单,交易成功,,1,368.17,0.0,0.0,0.0,828.83,taojinbi，0.830000;30，30.000000;掌柜推荐，798.000000,,,2020-12-04 19:06:18,2020-12-04 19:06:23,,,2020-12-05 10:12:27,2020-12-15 10:12:39,湖北省,省直辖县级行政区划,仙桃市,
TAOBAO,ceres旗舰店,58202e807ac6e67d94d2d8925c88afab,苑新新,="1413219422534862485",普通订单,交易成功,,1,339.0,0.0,0.0,0.0,858.0,掌柜推荐，828.000000;30，30.000000,,,2020-12-04 20:17:27,2020-12-04 20:17:37,,,2020-12-05 10:12:28,2020-12-15 10:12:37,河北省,保定市,高阳县,
TAOBAO,ceres旗舰店,f7823ba01c65c7840ae681aa09bc9a84,leapmachine6632504,="1414457211283840547",普通订单,交易成功,,1,877.96,0.0,0.0,0.0,1906.04,100，100.000000;taojinbi，0.040000;掌柜推荐，1806.000000,,,2020-12-05 11:30:09,2020-12-05 11:30:14,,,2020-12-05 15:15:56,2020-12-07 21:17:49,江苏省,镇江市,丹阳市,
TAOBAO,ceres旗舰店,4efccb279a0484fd32db2ffdb06431d1,yu20886401,="1414472184663139178",普通订单,交易成功,,1,877.78,0.0,0.0,0.0,1906.22,100，100.000000;掌柜推荐，1806.000000;taojinbi，0.220000,,,2020-12-05 20:38:13,2020-12-05 20:38:19,,,2020-12-06 10:31:08,2020-12-16 10:31:18,上海市,市辖区,虹口区,
TAOBAO,ceres旗舰店,15e58dcc83d1440d7a65c6183e98c624,人生苦短过好今天,="1414933562290481164",普通订单,交易成功,,1,328.9,0.0,0.0,0.0,868.1,taojinbi，10.100000;掌柜推荐，828.000000;30，30.000000,,,2020-12-05 16:29:31,2020-12-05 16:29:39,,,2020-12-05 17:39:33,2020-12-15 17:39:48,湖北省,宜昌市,当阳市,
TAOBAO,ceres旗舰店,d4f40363b10dabacaa3fa156bc3a37ce,321521yw,="1415572454544806222",普通订单,交易成功,,1,368.78,0.0,0.0,0.0,828.22,掌柜推荐，798.000000;taojinbi，0.220000;30，30.000000,,,2020-12-05 20:48:11,2020-12-05 20:48:15,,,2020-12-06 10:31:06,2020-12-16 09:53:12,河南省,郑州市,金水区,
TAOBAO,ceres旗舰店,2bc1cb365b641508695844d83606ec21,胡先森丶1225,="1415682577112557340",普通订单,交易成功,,1,365.26,0.0,0.0,0.0,792.74,30，30.000000;taojinbi，3.740000;掌柜推荐，759.000000,,,2020-12-06 00:04:42,2020-12-06 00:04:47,,,2020-12-06 10:31:07,2020-12-09 01:46:07,湖南省,长沙市,岳麓区,
TAOBAO,ceres旗舰店,1e32fca0b90c24694b097ca01884b1fb,tb265170545,="1416396240828714044",普通订单,交易成功,,1,364.0,0.0,0.0,0.0,833.0,taojinbi，5.000000;30，30.000000;掌柜推荐，798.000000,,,2020-12-06 18:02:41,2020-12-06 18:02:59,,,2020-12-07 10:10:45,2020-12-17 10:10:55,上海市,市辖区,闵行区,
TAOBAO,ceres旗舰店,03c098312af57914f82dec3712fb61b2,黑白灰8,="1416590784634423181",普通订单,交易成功,,1,339.0,0.0,0.0,0.0,858.0,30，30.000000;掌柜推荐，828.000000,,,2020-12-06 19:15:51,2020-12-06 19:15:56,,,2020-12-07 10:10:46,2020-12-09 17:00:25,上海市,市辖区,虹口区,
TAOBAO,ceres旗舰店,c85498a44c5bf769018b4bcc796337ab,看我大爆炸,="1417045608564637442",普通订单,交易成功,,1,397.24,0.0,0.0,0.0,976.76,掌柜推荐，946.000000;30，30.000000;taojinbi，0.760000,,,2020-12-06 22:59:22,2020-12-06 22:59:27,,,2020-12-07 10:10:45,2020-12-17 10:10:54,湖北省,武汉市,东西湖区,
TAOBAO,ceres旗舰店,7a79b5f1cb41866d140bda90a82d6057,an990608,="1417218336796678746",普通订单,交易成功,,1,307.95,0.0,0.0,0.0,850.05,taojinbi，8.050000;70，70.000000;掌柜推荐，772.000000,,,2020-12-07 06:39:48,2020-12-07 06:39:55,,,2020-12-07 10:10:45,2020-12-17 10:10:56,浙江省,宁波市,江北区,
TAOBAO,ceres旗舰店,90f7597deeb08b6aa7ab219c5697ad3f,李英杰是也,="1417370941753263451",普通订单,交易成功,,1,315.63,0.0,0.0,0.0,842.37,掌柜推荐，802.000000;taojinbi，10.370000;30，30.000000,,发顺丰！,2020-12-06 19:10:31,2020-12-06 19:10:37,,,2020-12-07 10:05:59,2020-12-10 21:15:10,吉林省,松原市,扶余市,
TAOBAO,ceres旗舰店,6e4445e5a7459a91703bceedbb95b311,篮球奋斗史,="1417871487946747238",普通订单,交易成功,,1,362.89,0.0,0.0,0.0,795.11,掌柜推荐，759.000000;taojinbi，6.110000;30，30.000000,,白2*1  红2*1  海马刀倒酒器*2  报关单卫检售后卡,2020-12-06 19:19:35,2020-12-06 19:19:40,,,2020-12-07 10:10:44,2020-12-17 10:10:53,广东省,深圳市,宝安区,
TAOBAO,ceres旗舰店,d45d62172d245a3548026af81286512b,584518蔡,="1418115348824488177",普通订单,交易成功,,1,289.69,0.0,0.0,0.0,907.31,taojinbi，9.310000;掌柜推荐，828.000000;70，70.000000,,,2020-12-07 15:22:02,2020-12-07 15:22:17,,,2020-12-07 17:36:26,2020-12-17 17:36:38,广东省,深圳市,龙岗区,
TAOBAO,ceres旗舰店,ff5e2ec9b97f1a7c4f87ce5e1512a2af,lillin010,="1418549403059960271",普通订单,交易成功,,1,285.65,0.0,0.0,0.0,872.35,70，70.000000;taojinbi，0.350000;掌柜推荐，802.000000,,,2020-12-07 07:49:56,2020-12-07 07:50:00,,,2020-12-07 10:10:46,2020-12-17 10:10:54,山东省,东营市,东营区,
TAOBAO,ceres旗舰店,dd2d11bc3ca326063d093aa5f5337d19,嘟嘟的妈咪95270648,="1419710796249018115",普通订单,交易成功,,1,275.32,0.0,0.0,0.0,882.68,掌柜推荐，802.000000;70，70.000000;taojinbi，10.680000,,,2020-12-08 10:35:30,2020-12-08 10:35:41,,,2020-12-08 15:12:09,2020-12-18 15:12:13,山西省,运城市,盐湖区,
TAOBAO,ceres旗舰店,9e20fb61b7155456a4c568363a04131b,tyrwx2017,="1420050816813474844",普通订单,交易成功,,1,275.32,0.0,0.0,0.0,882.68,70，70.000000;taojinbi，10.680000;掌柜推荐，802.000000,,,2020-12-08 12:30:50,2020-12-08 12:30:56,,,2020-12-08 15:12:09,2020-12-14 08:49:52,山东省,济南市,,
TAOBAO,ceres旗舰店,c786713f1c1509aca5f3c24869d4f7d6,郭仙道人,="1420111731544701674",普通订单,交易成功,,1,299.0,0.0,0.0,0.0,898.0,70，70.000000;掌柜推荐，828.000000,,,2020-12-07 20:28:54,2020-12-07 20:28:59,,,2020-12-08 10:28:53,2020-12-18 10:29:04,广东省,广州市,海珠区,
TAOBAO,ceres旗舰店,9185b509fae3310075e527714e96739b,星舰爱在深秋,="1420409990092596019",普通订单,交易成功,,1,287.93,0.0,0.0,0.0,909.07,taojinbi，11.070000;70，70.000000;掌柜推荐，828.000000,,,2020-12-08 01:29:06,2020-12-08 01:29:17,,,2020-12-08 10:28:53,2020-12-18 10:29:03,陕西省,渭南市,临渭区,
TAOBAO,ceres旗舰店,006a68edcfa2a2db92b9103858014a27,barry3837,="1421355745184573753",普通订单,交易成功,,1,275.83,0.0,0.0,0.0,882.17,70，70.000000;掌柜推荐，802.000000;taojinbi，10.170000,,,2020-12-08 16:24:52,2020-12-08 16:24:56,,,2020-12-08 17:34:27,2020-12-18 17:34:35,广东省,珠海市,香洲区,
TAOBAO,ceres旗舰店,10377b19e830704b4198614f2050857e,天真啊爽,="1421408232077261864",普通订单,交易成功,,1,917.27,0.0,0.0,0.0,1866.73,taojinbi，10.730000;掌柜推荐，1756.000000;100，100.000000,,,2020-12-08 23:43:03,2020-12-08 23:43:22,,,2020-12-09 10:26:02,2020-12-19 10:26:17,北京市,市辖区,昌平区,
TAOBAO,ceres旗舰店,041cb053ec9c02b5a29bea694685292c,宝乐陶,="1421524803766122641",普通订单,交易成功,,1,289.78,0.0,0.0,0.0,907.22,70，70.000000;taojinbi，9.220000;掌柜推荐，828.000000,,发顺丰！！！,2020-12-08 13:45:32,2020-12-08 13:45:44,,,2020-12-08 15:09:52,2020-12-18 15:10:04,陕西省,西安市,雁塔区,
TAOBAO,ceres旗舰店,fd266e8f08011364160a61ef672ad9c9,六一零2011oo,="1421814205647861844",普通订单,交易成功,,1,329.0,0.0,0.0,0.0,868.0,70，70.000000;掌柜推荐，798.000000,,,2020-12-08 19:58:21,2020-12-08 19:58:26,,,2020-12-09 10:26:02,2020-12-12 07:48:01,北京市,市辖区,丰台区,
TAOBAO,ceres旗舰店,2503ef5dec6f617e3de12ca2ab1d330c,guan1886644,="1422002917325550080",普通订单,交易成功,,2,688.56,0.0,0.0,0.0,1627.44,掌柜推荐，1544.000000;taojinbi，13.440000;70，70.000000,,,2020-12-08 21:29:36,2020-12-08 21:29:52,,,2020-12-09 10:26:02,2020-12-17 23:28:13,山西省,大同市,,
TAOBAO,ceres旗舰店,510b3b30c034a7d09d6ade9c3da302d0,piero19861230,="1422352874346538613",普通订单,交易成功,,3,949.84,0.0,0.0,0.0,2524.16,掌柜推荐，2406.000000;taojinbi，18.160000;100，100.000000,,白2*7  香槟杯*6  海马刀*3  报关单卫检  售后卡,2020-12-08 22:10:06,2020-12-08 22:10:19,,,2020-12-09 10:26:01,2020-12-19 10:26:19,浙江省,台州市,温岭市,
TAOBAO,ceres旗舰店,776777945424d2efe9f7f7f4bc2aedae,international1955,="1422594216360769717",普通订单,交易成功,,1,388.0,0.0,0.0,0.0,986.0,70，70.000000;掌柜推荐，916.000000,,,2020-12-09 18:09:59,2020-12-09 18:10:14,,,2020-12-10 09:46:08,2020-12-20 09:54:31,江苏省,苏州市,昆山市,
TAOBAO,ceres旗舰店,fbf081621f78e327f9e25615319760d0,zz拐棍,="1423154883194983214",普通订单,交易成功,,1,304.42,0.0,0.0,0.0,853.58,70，70.000000;掌柜推荐，772.000000;taojinbi，11.580000,,,2020-12-09 11:10:27,2020-12-09 11:11:23,,,2020-12-09 15:18:29,2020-12-19 15:18:34,河北省,保定市,涞水县,
TAOBAO,ceres旗舰店,d1bbbd6a760ef2da8285dff494a7d779,tb5482858_2011,="1423788951326555441",普通订单,交易成功,,1,800.16,0.0,0.0,0.0,1983.84,掌柜推荐，1856.000000;taojinbi，27.840000;100，100.000000,,发顺丰！,2020-12-09 18:01:53,2020-12-09 18:04:15,,,2020-12-10 09:43:32,2020-12-20 09:52:13,山东省,泰安市,泰山区,
TAOBAO,ceres旗舰店,48d9899a2650bc53114e8c08367a47e8,tb6652089_2012,="1423939969962016840",普通订单,交易成功,,1,297.37,0.0,0.0,0.0,899.63,2020年12.12天猫年终盛典快单满减，36.140000;taojinbi，5.490000;年终盛典，858.000000,,,2020-12-10 00:04:09,2020-12-10 00:04:16,,,2020-12-10 10:40:07,2020-12-20 10:58:34,广东省,梅州市,梅江区,
TAOBAO,ceres旗舰店,ac41937163a35f9c328f523c71d6930d,罗晓虎2222,="1423992207570979216",普通订单,交易成功,,1,314.7,0.0,0.0,0.0,843.3,70，70.000000;taojinbi，1.300000;掌柜推荐，772.000000,,,2020-12-09 19:48:35,2020-12-09 19:48:41,,,2020-12-10 09:46:10,2020-12-17 20:55:26,江西省,九江市,瑞昌市,
TAOBAO,ceres旗舰店,e4cda2a4156e1d8e7d81586e6a821fba,crmeare,="1424236349680810404",普通订单,交易成功,,1,317.93,0.0,0.0,0.0,879.07,taojinbi，11.070000;2020年12.12天猫年终盛典快单满减，40.000000;年终盛典，828.000000,,,2020-12-10 00:07:11,2020-12-10 00:07:30,,,2020-12-10 10:40:07,2020-12-20 10:59:19,四川省,成都市,龙泉驿区,
TAOBAO,ceres旗舰店,71df6e8cbd8ed022a085348a3a45c7e7,钕子衣生,="1424270017106312028",普通订单,交易成功,,1,307.85,0.0,0.0,0.0,850.15,年终盛典，802.000000;2020年12.12天猫年终盛典快单满减，38.090000;taojinbi，10.060000,,,2020-12-10 00:05:19,2020-12-10 00:05:36,,,2020-12-10 10:40:08,2020-12-20 10:57:19,广西壮族自治区,南宁市,西乡塘区,
TAOBAO,ceres旗舰店,534371b47fe73312a74322abb743d05a,lanxinohyeah,="1424449433931231007",普通订单,交易成功,,1,273.22,0.0,0.0,0.0,884.78,taojinbi，9.780000;年终盛典，832.000000;2020年12.12天猫年终盛典快单满减，43.000000,,,2020-12-10 00:14:39,2020-12-10 00:14:44,,,2020-12-10 10:38:42,2020-12-20 10:59:29,浙江省,杭州市,富阳区,
TAOBAO,ceres旗舰店,8b06833f516c080ad2e961edfc56b046,minxiangqiang,="1424519030494776708",普通订单,交易成功,,1,316.12,0.0,0.0,0.0,880.88,2020年12.12天猫年终盛典快单满减，47.880000;taojinbi，5.000000;年终盛典，828.000000,,,2020-12-10 00:05:13,2020-12-10 00:05:26,,,2020-12-10 10:38:42,2020-12-20 11:11:48,江苏省,南京市,栖霞区,
TAOBAO,ceres旗舰店,199b528eecf40f8bf309a6007bf71a40,这追忆洗漱,="1424529901216709023",普通订单,交易成功,,1,153.45,0.0,0.0,0.0,440.55,taojinbi，2.680000;2020年12.12天猫年终盛典快单满减，22.870000;年终盛典，415.000000,用空白纸箱,用空包纸箱包装！！！,2020-12-10 00:17:45,2020-12-10 00:17:48,,,2020-12-10 10:40:07,2020-12-20 11:02:23,河北省,廊坊市,安次区,
TAOBAO,ceres旗舰店,b08e4d30acd8fc7343ea5d654ffafea6,victor7368,="1424634949008368624",普通订单,交易成功,,1,160.54,0.0,0.0,0.0,433.46,taojinbi，3.860000;年终盛典，405.000000;2020年12.12天猫年终盛典快单满减，24.600000,,,2020-12-10 00:36:24,2020-12-10 00:36:33,,,2020-12-10 10:40:07,2020-12-20 11:01:46,北京市,市辖区,海淀区,
TAOBAO,ceres旗舰店,e272414eba844a701b86c7d368244ff7,王鑫1999212,="1424636568236771370",普通订单,交易成功,,1,283.87,0.0,0.0,0.0,913.13,2020年12.12天猫年终盛典快单满减，44.960000;taojinbi，10.170000;年终盛典，858.000000,,,2020-12-10 09:33:12,2020-12-10 09:33:18,,,2020-12-10 15:34:58,2020-12-14 14:11:47,江苏省,南京市,江宁区,
TAOBAO,ceres旗舰店,f38e3aead25330fa91172edef9b819a5,olis1120,="1424668251664708624",普通订单,交易成功,,2,1272.53,0.0,0.0,0.0,20.0,20，20.000000,,,2020-12-10 00:03:21,2020-12-10 00:04:20,,,2020-12-10 10:38:42,2020-12-16 13:37:09,浙江省,杭州市,余杭区,
TAOBAO,ceres旗舰店,e7b9407bb8e24bb5466bd01b54c9d172,liuhongjun0403,="1424688663631731335",普通订单,交易成功,,1,274.84,0.0,0.0,0.0,883.16,taojinbi，9.780000;年终盛典，832.000000;2020年12.12天猫年终盛典快单满减，41.380000,,,2020-12-10 00:03:59,2020-12-10 00:04:09,,,2020-12-10 10:40:06,2020-12-20 11:00:30,四川省,成都市,武侯区,
TAOBAO,ceres旗舰店,d9745f50924ba49ca3623e791e4de9a8,jadescar,="1424702376275127311",普通订单,交易成功,,1,288.83,0.0,0.0,0.0,908.17,2020年12.12天猫年终盛典快单满减，40.000000;年终盛典，858.000000;taojinbi，10.170000,,,2020-12-10 09:11:21,2020-12-10 09:11:26,,,2020-12-10 15:37:03,2020-12-20 15:37:19,北京市,市辖区,西城区,
TAOBAO,ceres旗舰店,f31a84d1010661de970281b93da1e785,张筱小小,="1424727075515626740",普通订单,交易成功,,1,273.97,0.0,0.0,0.0,884.03,年终盛典，832.000000;taojinbi，9.500000;2020年12.12天猫年终盛典快单满减，42.530000,,,2020-12-10 00:04:31,2020-12-10 00:04:44,,,2020-12-10 10:40:07,2020-12-15 23:11:07,广东省,深圳市,南山区,
TAOBAO,ceres旗舰店,2425a5a5446d203df58b5a22671b518b,ljy13780523333,="1424736468446494727",普通订单,交易成功,,1,878.0,0.0,0.0,0.0,1906.0,20，20.000000;年终盛典，1766.000000;2020年12.12天猫年终盛典快单满减，120.000000,,,2020-12-10 09:22:41,2020-12-10 09:22:47,,,2020-12-10 15:37:03,2020-12-13 10:44:08,河北省,保定市,莲池区,
TAOBAO,ceres旗舰店,e17bb5e0f1d9615941a46e3e153fcc03,big猫妖,="1424783379605278656",普通订单,交易成功,,1,816.32,0.0,0.0,0.0,1967.68,年终盛典，1866.000000;taojinbi，6.470000;2020年12.12天猫年终盛典快单满减，95.210000,,,2020-12-10 00:06:13,2020-12-10 00:06:22,,,2020-12-10 10:40:07,2020-12-20 11:05:52,福建省,福州市,晋安区,
TAOBAO,ceres旗舰店,55a3c42c9c56010be8141c0402a6a9ad,hanzsun,="1424905092765740209",普通订单,交易成功,,1,307.45,0.0,0.0,0.0,850.55,2020年12.12天猫年终盛典快单满减，40.000000;taojinbi，8.550000;年终盛典，802.000000,,,2020-12-10 10:09:05,2020-12-10 10:09:27,,,2020-12-10 15:34:58,2020-12-13 13:07:40,上海市,市辖区,浦东新区,
TAOBAO,ceres旗舰店,c4a425f6035f2d385fbe6214fcba9aa9,buzaidaodan,="1424968957049758886",普通订单,交易成功,,1,317.93,0.0,0.0,0.0,879.07,年终盛典，828.000000;taojinbi，11.070000;2020年12.12天猫年终盛典快单满减，40.000000,,,2020-12-10 01:59:19,2020-12-10 01:59:27,,,2020-12-10 10:40:06,2020-12-20 10:55:19,贵州省,贵阳市,云岩区,
TAOBAO,ceres旗舰店,059578dc8ad37d029ebdb277304da9e1,tb2846283_2013,="1424984076498534077",普通订单,交易成功,,1,279.12,0.0,0.0,0.0,878.88,年终盛典，832.000000;taojinbi，6.880000;2020年12.12天猫年终盛典快单满减，40.000000,,,2020-12-10 10:19:28,2020-12-10 10:19:34,,,2020-12-10 15:37:03,2020-12-17 08:29:07,广东省,佛山市,南海区,
TAOBAO,ceres旗舰店,3a69da9c2ebc4af22897185e51210db4,伊佐那社q,="1425118970841606937",普通订单,交易成功,,1,277.64,0.0,0.0,0.0,880.36,年终盛典，832.000000;2020年12.12天猫年终盛典快单满减，40.000000;taojinbi，8.360000,,,2020-12-10 01:18:25,2020-12-10 01:18:40,,,2020-12-10 10:40:08,2020-12-16 23:55:25,辽宁省,葫芦岛市,连山区,
TAOBAO,ceres旗舰店,e3e323cad98932e338ceba87bccde6ea,天天抚菊,="1425139057262120437",普通订单,交易成功,,1,317.93,0.0,0.0,0.0,840.07,年终盛典，789.000000;2020年12.12天猫年终盛典快单满减，40.000000;taojinbi，11.070000,,,2020-12-10 07:05:38,2020-12-10 07:05:42,,,2020-12-10 10:40:07,2020-12-12 22:28:18,湖南省,长沙市,雨花区,
TAOBAO,ceres旗舰店,84b5d240c05c2ddedda89666bdbe6a84,闲人事多,="1425156229817449784",普通订单,交易成功,,1,287.87,0.0,0.0,0.0,909.13,taojinbi，6.800000;年终盛典，858.000000;2020年12.12天猫年终盛典快单满减，44.330000,,,2020-12-10 07:06:48,2020-12-10 07:06:58,,,2020-12-10 10:38:42,2020-12-14 22:47:59,上海市,市辖区,杨浦区,
TAOBAO,ceres旗舰店,53aa7a4181315b3cbd112f1e9a97d5aa,丛元昊00,="1425232838630496340",普通订单,交易成功,,1,285.07,0.0,0.0,0.0,872.93,年终盛典，832.000000;2020年12.12天猫年终盛典快单满减，40.000000;taojinbi，0.930000,,,2020-12-10 01:52:15,2020-12-10 01:52:24,,,2020-12-10 10:38:41,2020-12-20 11:21:35,上海市,市辖区,闵行区,
TAOBAO,ceres旗舰店,743668354c84ea2ef8197e97c8f39461,leon_ct,="1425268801736351585",普通订单,交易成功,,1,288.83,0.0,0.0,0.0,908.17,年终盛典，858.000000;2020年12.12天猫年终盛典快单满减，40.000000;taojinbi，10.170000,,,2020-12-10 08:09:53,2020-12-10 08:10:09,,,2020-12-10 10:38:42,2020-12-14 11:44:42,浙江省,衢州市,柯城区,
TAOBAO,ceres旗舰店,8af41c4a0ef8a84f282cf1fc56cc6836,solong250651349,="1425345013131970638",普通订单,交易成功,,1,932.81,0.0,0.0,0.0,2541.19,taojinbi，15.190000;2020年12.12天猫年终盛典快单满减，120.000000;20，20.000000;年终盛典，2386.000000,,多送白1*1【数云备注】,2020-12-10 08:32:26,2020-12-10 08:32:35,,,2020-12-10 10:40:08,2020-12-20 11:02:15,四川省,成都市,双流区,
TAOBAO,ceres旗舰店,c7c17058d51b2b4ac5c73c810844528e,纪什么瓷,="1425526095925788648",普通订单,交易成功,,1,305.78,0.0,0.0,0.0,852.22,taojinbi，10.220000;年终盛典，802.000000;2020年12.12天猫年终盛典快单满减，40.000000,,,2020-12-10 04:36:20,2020-12-10 04:37:31,,,2020-12-10 10:40:07,2020-12-20 11:06:52,山东省,济宁市,任城区,
TAOBAO,ceres旗舰店,1dd78d58273ee3921632542ec79011c5,爱买东西的吉吉,="1425620341673409512",普通订单,交易成功,,1,317.93,0.0,0.0,0.0,840.07,年终盛典，789.000000;2020年12.12天猫年终盛典快单满减，40.000000;taojinbi，11.070000,,发顺丰！！！,2020-12-10 09:54:53,2020-12-10 09:54:57,,,2020-12-10 15:33:54,2020-12-12 22:02:31,江苏省,南京市,浦口区,
TAOBAO,ceres旗舰店,f38e3aead25330fa91172edef9b819a5,olis1120,="1425638233929708624",普通订单,交易成功,,1,298.04,0.0,0.0,0.0,859.96,taojinbi，0.960000;2020年12.12天猫年终盛典快单满减，40.000000;年终盛典，819.000000,,白2*1 红2*1 红3*1 香槟杯*2 海马刀*1 报关单卫检 售后卡,2020-12-10 09:56:41,2020-12-10 09:56:46,,,2020-12-10 15:34:58,2020-12-16 13:36:47,浙江省,杭州市,余杭区,
TAOBAO,ceres旗舰店,3f4acc15bd44da891653cc657342e1b1,fishice0303,="1425782341829174001",普通订单,交易成功,,1,209.92,0.0,0.0,0.0,384.08,年终盛典，346.000000;taojinbi，6.690000;2020年12.12天猫年终盛典快单满减，31.390000,,发顺丰,2020-12-10 10:25:35,2020-12-10 10:25:40,,,2020-12-10 15:37:34,2020-12-16 16:43:06,黑龙江省,哈尔滨市,松北区,
TAOBAO,ceres旗舰店,9a23e4193e1ae37de7d89fa2a97d1383,pzzzii,="1425853226373681474",普通订单,交易成功,,1,299.0,0.0,0.0,0.0,898.0,年终盛典，858.000000;2020年12.12天猫年终盛典快单满减，40.000000,,,2020-12-10 09:28:54,2020-12-10 09:29:00,,,2020-12-10 15:37:04,2020-12-14 20:46:00,青海省,西宁市,城中区,
TAOBAO,ceres旗舰店,52103425404ad082fe4df6f621a8d685,我郁与君相知,="1425854341436372099",普通订单,交易成功,,1,151.01,0.0,0.0,0.0,442.99,2020年12.12天猫年终盛典快单满减，22.620000;年终盛典，415.000000;taojinbi，5.370000,,,2020-12-10 10:31:10,2020-12-10 10:31:16,,,2020-12-10 15:37:03,2020-12-20 15:37:15,北京市,市辖区,海淀区,
TAOBAO,ceres旗舰店,56eee6b53dc2eb3054f9096beb10c0be,q1ng初,="1425972890496139639",普通订单,交易成功,,1,284.35,0.0,0.0,0.0,912.65,2020年12.12天猫年终盛典快单满减，44.480000;taojinbi，10.170000;年终盛典，858.000000,,,2020-12-10 09:53:18,2020-12-10 09:53:24,,,2020-12-10 15:37:03,2020-12-20 15:37:13,北京市,市辖区,海淀区,
TAOBAO,ceres旗舰店,1634f8445be15441595a23b3187ba6a8,雨晨hha,="1426125855461020943",普通订单,交易成功,,1,317.93,0.0,0.0,0.0,879.07,taojinbi，11.070000;年终盛典，828.000000;2020年12.12天猫年终盛典快单满减，40.000000,,,2020-12-10 09:43:58,2020-12-10 09:44:06,,,2020-12-10 15:37:03,2020-12-12 12:17:20,湖北省,武汉市,武昌区,
TAOBAO,ceres旗舰店,62808a7ae58bae6f9e2cbd597f0982a5,suyixuaner,="1426200771683205501",普通订单,交易成功,,1,281.86,0.0,0.0,0.0,876.14,taojinbi，7.080000;年终盛典，832.000000;2020年12.12天猫年终盛典快单满减，37.060000,,,2020-12-10 09:58:47,2020-12-10 09:59:35,,,2020-12-10 15:37:04,2020-12-20 15:37:22,重庆市,市辖区,江北区,
TAOBAO,ceres旗舰店,660d1173ac3d323bd62f86022058495c,冉鸣电子商务,="1426356972175971896",普通订单,交易成功,,1,329.0,0.0,0.0,0.0,868.0,年终盛典，828.000000;2020年12.12天猫年终盛典快单满减，40.000000,不要放价格，发货单，店铺信息,,2020-12-10 15:35:28,2020-12-10 15:35:35,,,2020-12-10 17:48:05,2020-12-20 17:48:13,陕西省,西安市,未央区,
TAOBAO,ceres旗舰店,753782f0b48eb1c8cb52d250e63d55a0,桃子那阿介,="1426402947065149810",普通订单,交易成功,,1,339.22,0.0,0.0,0.0,857.78,年终盛典，828.000000;2020年12.12天猫年终盛典快单满减，29.780000,,,2020-12-10 10:39:22,2020-12-10 10:39:27,,,2020-12-10 15:37:04,2020-12-13 17:10:59,北京市,市辖区,西城区,
TAOBAO,ceres旗舰店,547e2e5caee1440964fe19894289802d,赵雯817,="1426485315498642922",普通订单,交易成功,,1,290.64,0.0,0.0,0.0,906.36,年终盛典，858.000000;taojinbi，4.410000;2020年12.12天猫年终盛典快单满减，43.950000,,,2020-12-10 10:58:32,2020-12-10 10:58:49,,,2020-12-10 15:37:03,2020-12-20 15:37:12,陕西省,西安市,雁塔区,
TAOBAO,ceres旗舰店,0c04560ec603616b11eb6b6a0fc81ab0,t_1485823455987_0545,="1426504322438106260",普通订单,交易成功,,1,321.14,0.0,0.0,0.0,836.86,年终盛典，789.000000;2020年12.12天猫年终盛典快单满减，40.000000;taojinbi，7.860000,,发顺丰,2020-12-10 11:54:41,2020-12-10 11:54:53,,,2020-12-10 15:33:42,2020-12-20 15:33:56,浙江省,金华市,东阳市,
TAOBAO,ceres旗舰店,50dedf1eb6a019cb97352c0b28bc48b9,打完受受好睡77,="1426644684643852365",普通订单,交易成功,,1,299.0,0.0,0.0,0.0,898.0,年终盛典，858.000000;2020年12.12天猫年终盛典快单满减，40.000000,,,2020-12-10 17:05:01,2020-12-10 17:05:39,,,2020-12-10 17:48:05,2020-12-16 09:53:18,四川省,成都市,武侯区,
TAOBAO,ceres旗舰店,57c111ffe45e08229409a10cbe0a6727,zh20270,="1426785194657244034",普通订单,交易成功,,1,290.11,0.0,0.0,0.0,906.89,taojinbi，8.890000;年终盛典，858.000000;2020年12.12天猫年终盛典快单满减，40.000000,,,2020-12-10 12:37:24,2020-12-10 12:37:29,,,2020-12-10 15:34:58,2020-12-13 18:43:33,浙江省,温州市,瑞安市,
TAOBAO,ceres旗舰店,4caee9b9b0145e887d89a848925dd0b1,糊涂siyan,="1426818457468521723",普通订单,交易成功,,1,173.63,0.0,0.0,0.0,420.37,taojinbi，5.370000;年终盛典，415.000000,,,2020-12-10 13:55:54,2020-12-10 13:56:00,,,2020-12-10 17:46:48,2020-12-15 09:49:00,上海市,市辖区,奉贤区,
TAOBAO,ceres旗舰店,9831c80b85dd15def324872d1c7f2306,kevinshang999,="1426856078771527813",普通订单,交易成功,,1,292.78,0.0,0.0,0.0,904.22,2020年12.12天猫年终盛典快单满减，40.000000;taojinbi，6.220000;年终盛典，858.000000,,,2020-12-10 12:54:21,2020-12-10 12:54:38,,,2020-12-10 15:37:03,2020-12-15 21:12:55,河南省,郑州市,中原区,
TAOBAO,ceres旗舰店,8eb861ee198f50d74599abc7014e4f24,rou8013520p,="1427064627021531291",普通订单,交易成功,,2,622.74,0.0,0.0,0.0,10.0,10，10.000000,,,2020-12-10 12:59:28,2020-12-10 12:59:36,,,2020-12-10 15:34:58,2020-12-20 15:35:06,浙江省,绍兴市,越城区,
TAOBAO,ceres旗舰店,8eb861ee198f50d74599abc7014e4f24,rou8013520p,="1427108799686531291",普通订单,交易成功,,1,299.0,0.0,0.0,0.0,859.0,2020年12.12天猫年终盛典快单满减，40.000000;年终盛典，819.000000,,白1*1 白2*1 红2*1 香槟杯*2 海马刀*1 报关单卫检 售后卡,2020-12-10 13:00:50,2020-12-10 13:00:56,,,2020-12-10 15:34:58,2020-12-20 15:35:08,浙江省,绍兴市,越城区,
TAOBAO,ceres旗舰店,fdc0bc69bff996234b83488878da5955,老底子自然一派,="1427172192777862441",普通订单,交易成功,,1,317.93,0.0,0.0,0.0,879.07,年终盛典，828.000000;taojinbi，11.070000;2020年12.12天猫年终盛典快单满减，40.000000,,,2020-12-10 20:38:03,2020-12-10 20:38:26,,,2020-12-11 10:17:56,2020-12-18 15:38:10,江苏省,南京市,秦淮区,
TAOBAO,ceres旗舰店,09aff954010f6c0d4306255f1345168a,sy521521521521,="1427319829486080154",普通订单,交易成功,,1,301.07,0.0,0.0,0.0,895.93,年终盛典，838.000000;2020年12.12天猫年终盛典快单满减，47.160000;taojinbi，10.770000,,,2020-12-10 16:12:27,2020-12-10 16:12:37,,,2020-12-10 17:48:05,2020-12-15 19:01:50,辽宁省,营口市,西市区,
TAOBAO,ceres旗舰店,187eab70e471d378d46f1f64891b7d65,树林李月,="1427352948583732312",普通订单,交易成功,,1,1096.8,0.0,0.0,0.0,2767.2,taojinbi，1.200000;2020年12.12天猫年终盛典快单满减，160.000000;年终盛典，2586.000000;20，20.000000,,红1*8  报关单卫检  售后卡,2020-12-10 20:14:24,2020-12-10 20:14:32,,,2020-12-11 10:46:52,2020-12-21 10:47:05,北京市,市辖区,朝阳区,
TAOBAO,ceres旗舰店,29e6403ee38d6f2275e86dbc938cb640,季小丽6905,="1427358207371755609",普通订单,交易成功,,1,317.93,0.0,0.0,0.0,879.07,年终盛典，828.000000;taojinbi，11.070000;2020年12.12天猫年终盛典快单满减，40.000000,,,2020-12-10 14:05:47,2020-12-10 14:05:52,,,2020-12-10 17:46:48,2020-12-11 18:58:22,浙江省,温州市,瑞安市,
TAOBAO,ceres旗舰店,c3d8f96c70ebd3cf3b37cd398a4bc1f5,tb119182_99,="1427367421254796854",普通订单,交易成功,,1,285.04,0.0,0.0,0.0,911.96,年终盛典，858.000000;taojinbi，10.170000;2020年12.12天猫年终盛典快单满减，43.790000,,,2020-12-10 16:34:21,2020-12-10 16:34:46,,,2020-12-10 17:46:48,2020-12-20 17:46:56,江苏省,连云港市,东海县,
TAOBAO,ceres旗舰店,da9c3a1b9bd99599eee8031d1d33bf94,wmacle,="1427545729148544965",普通订单,交易成功,,1,297.9,0.0,0.0,0.0,899.1,2020年12.12天猫年终盛典快单满减，40.000000;年终盛典，858.000000;taojinbi，1.100000,,,2020-12-10 17:27:53,2020-12-10 17:28:02,,,2020-12-10 17:46:48,2020-12-19 17:32:03,上海市,市辖区,金山区,
TAOBAO,ceres旗舰店,8f21d1157e9d03eb7ae894cbb1dd2d01,咪咪熊美丽,="1427751108706377350",普通订单,交易成功,,1,284.74,0.0,0.0,0.0,873.26,2020年12.12天猫年终盛典快单满减，40.000000;年终盛典，832.000000;taojinbi，1.260000,,,2020-12-10 22:01:32,2020-12-10 22:01:40,,,2020-12-11 10:17:56,2020-12-13 20:21:36,浙江省,台州市,路桥区,
TAOBAO,ceres旗舰店,0427f6a09e0f040ec16b3263c97bd840,lili18910368999,="1427764790546187988",普通订单,交易成功,,1,833.24,0.0,0.0,0.0,1950.76,年终盛典，1816.000000;20，20.000000;taojinbi，8.870000;2020年12.12天猫年终盛典快单满减，105.890000,,,2020-12-10 16:55:50,2020-12-10 16:55:58,,,2020-12-10 17:48:05,2020-12-20 17:48:12,辽宁省,锦州市,太和区,
TAOBAO,ceres旗舰店,b0a902d7c2663358ff767034f2bed623,雨歇微凉leslie,="1427922542819645876",普通订单,交易成功,,1,293.18,0.0,0.0,0.0,864.82,taojinbi，5.820000;年终盛典，819.000000;2020年12.12天猫年终盛典快单满减，40.000000,,,2020-12-10 18:30:31,2020-12-10 18:30:55,,,2020-12-11 10:41:31,2020-12-21 10:41:43,北京市,市辖区,海淀区,
TAOBAO,ceres旗舰店,5ee8db84c623df0389216095e48f8ccc,tb7102902_2013,="1427941334644649090",普通订单,交易成功,,1,288.83,0.0,0.0,0.0,869.17,年终盛典，819.000000;2020年12.12天猫年终盛典快单满减，40.000000;taojinbi，10.170000,,发顺丰,2020-12-10 17:49:23,2020-12-10 17:49:29,,,2020-12-10 18:00:52,2020-12-11 20:40:04,浙江省,杭州市,临安区,
TAOBAO,ceres旗舰店,4a42b33ab909d774bf3752df7226d9e2,alley1216,="1427980680140263328",普通订单,交易成功,,1,373.06,0.0,0.0,0.0,823.94,taojinbi，4.940000;2020年12.12天猫年终盛典快单满减，40.000000;年终盛典，779.000000,,,2020-12-10 22:47:44,2020-12-10 22:47:57,,,2020-12-11 10:41:32,2020-12-16 15:21:22,湖北省,武汉市,洪山区,
TAOBAO,ceres旗舰店,033641a4daa27426be13733a7696b70a,13764071368海底捞,="1428106608686624030",普通订单,交易成功,,1,158.73,0.0,0.0,0.0,435.27,年终盛典，415.000000;taojinbi，3.140000;2020年12.12天猫年终盛典快单满减，17.130000,,,2020-12-10 23:33:40,2020-12-10 23:33:45,,,2020-12-11 10:17:56,2020-12-13 16:52:40,上海市,市辖区,闵行区,
TAOBAO,ceres旗舰店,76603496726fcd908aef9eedb57cd174,王赛兰532,="1428110606872194239",普通订单,交易成功,,1,309.7,0.0,0.0,0.0,848.3,2020年12.12天猫年终盛典快单满减，40.000000;年终盛典，802.000000;taojinbi，6.300000,,,2020-12-10 18:46:44,2020-12-10 18:46:49,,,2020-12-11 10:41:32,2020-12-21 10:41:46,湖北省,武汉市,东西湖区,
TAOBAO,ceres旗舰店,c2d8de74c7e8d551e6578a0647139572,nttl51,="1428275773963441357",普通订单,交易成功,,1,288.83,0.0,0.0,0.0,908.17,年终盛典，858.000000;taojinbi，10.170000;2020年12.12天猫年终盛典快单满减，40.000000,,,2020-12-10 20:28:01,2020-12-10 20:28:14,,,2020-12-11 10:17:55,2020-12-21 10:18:04,上海市,市辖区,闵行区,
TAOBAO,ceres旗舰店,8518f2d7174a67be0ec60999598bc089,alvinai333,="1428315807609729606",普通订单,交易成功,,1,329.0,0.0,0.0,0.0,829.0,年终盛典，789.000000;2020年12.12天猫年终盛典快单满减，40.000000,,,2020-12-10 18:43:06,2020-12-10 18:43:16,,,2020-12-11 10:17:55,2020-12-21 10:18:07,江苏省,苏州市,昆山市,
TAOBAO,ceres旗舰店,187eab70e471d378d46f1f64891b7d65,树林李月,="1428369590940732312",普通订单,交易成功,,1,2667.8,0.0,0.0,0.0,5954.2,80，80.000000;2020年12.12天猫年终盛典快单满减，400.000000;年终盛典，5474.000000;taojinbi，0.200000,,红3*7   海马刀*3   报关单卫检  售后卡 ,2020-12-10 19:55:00,2020-12-10 19:55:28,,,2020-12-11 11:10:33,2020-12-21 11:10:49,北京市,市辖区,朝阳区,
TAOBAO,ceres旗舰店,f79b074387ab6abe6a73edf1ec93ffcb,lixia810615,="1428426937895068160",普通订单,交易成功,,1,316.0,0.0,0.0,0.0,842.0,年终盛典，802.000000;2020年12.12天猫年终盛典快单满减，40.000000,,,2020-12-10 21:24:17,2020-12-10 21:24:25,,,2020-12-11 10:17:56,2020-12-21 10:18:04,浙江省,嘉兴市,桐乡市,
TAOBAO,ceres旗舰店,bcbfeb21fd53831f29a49edf23be35c7,东洋一棵草,="1428446557519923714",普通订单,交易成功,,2,622.45,0.0,0.0,0.0,10.0,10，10.000000,,,2020-12-10 21:25:41,2020-12-10 21:25:48,,,2020-12-11 10:17:55,2020-12-21 10:18:02,浙江省,金华市,东阳市,
TAOBAO,ceres旗舰店,e3805d46141093d5a6b8602c10a41df3,贝尔格莱德市,="1428449292283461186",普通订单,交易成功,,1,778.0,0.0,0.0,0.0,2006.0,2020年12.12天猫年终盛典快单满减，120.000000;年终盛典，1866.000000;20，20.000000,,,2020-12-11 04:32:36,2020-12-11 04:32:42,,,2020-12-11 10:41:35,2020-12-14 18:55:14,北京市,市辖区,大兴区,
TAOBAO,ceres旗舰店,29b0e65deab45f4645bdc8e9831cdb19,爱就赶快行动98,="1428488497846112102",普通订单,交易成功,,3,864.69,0.0,0.0,0.0,2726.31,年终盛典，2574.000000;2020年12.12天猫年终盛典快单满减，120.000000;taojinbi，12.310000;20，20.000000,,买6瓶 送白1*1【数云备注】,2020-12-10 21:40:38,2020-12-10 21:40:53,,,2020-12-11 10:17:55,2020-12-20 11:07:09,江苏省,南通市,海门市,
TAOBAO,ceres旗舰店,81e94d65598e51b3d898a0ed7b0226e1,chylovejjw,="1428525576034087539",普通订单,交易成功,,3,798.86,0.0,0.0,0.0,2675.14,taojinbi，29.340000;2020年12.12天猫年终盛典快单满减，129.800000;20，20.000000;年终盛典，2496.000000,,买6瓶 送白1*1【数云备注】,2020-12-11 07:23:55,2020-12-11 07:24:02,,,2020-12-11 10:41:36,2020-12-15 21:00:43,广东省,深圳市,南山区,
TAOBAO,ceres旗舰店,06058f8cb761031aeccf1d478f98a683,qdjy630,="1428716881263338054",普通订单,交易成功,,1,276.22,0.0,0.0,0.0,881.78,2020年12.12天猫年终盛典快单满减，40.000000;taojinbi，9.780000;年终盛典，832.000000,,,2020-12-10 22:30:47,2020-12-10 22:31:20,,,2020-12-11 10:41:32,2020-12-21 10:41:42,山东省,青岛市,市北区,
TAOBAO,ceres旗舰店,bce0a0f1c7e3edc48030fc605c86b92a,yuyuko1987,="1428729301898750888",普通订单,交易成功,,1,284.95,0.0,0.0,0.0,912.05,年终盛典，858.000000;2020年12.12天猫年终盛典快单满减，43.880000;taojinbi，10.170000,,,2020-12-10 22:27:51,2020-12-10 22:28:02,,,2020-12-11 10:41:30,2020-12-15 08:02:42,广西壮族自治区,南宁市,青秀区,
TAOBAO,ceres旗舰店,b6bb42809629134ebbcece32528fe028,7joanna7,="1428866533900521237",普通订单,交易成功,,1,281.11,0.0,0.0,0.0,876.89,taojinbi，6.210000;2020年12.12天猫年终盛典快单满减，38.680000;年终盛典，832.000000,,,2020-12-10 23:14:01,2020-12-10 23:14:08,,,2020-12-11 10:17:55,2020-12-21 10:18:04,浙江省,杭州市,拱墅区,
TAOBAO,ceres旗舰店,9601b3caaaa57077db4595e2957779b7,最爱七月流火,="1428937526542560646",普通订单,交易成功,,1,289.79,0.0,0.0,0.0,868.21,taojinbi，9.210000;年终盛典，819.000000;2020年12.12天猫年终盛典快单满减，40.000000,,,2020-12-10 22:12:07,2020-12-10 22:12:19,,,2020-12-11 10:17:56,2020-12-21 10:18:06,浙江省,台州市,临海市,
TAOBAO,ceres旗舰店,5d7d1f57414ccd91a8a489ae0a0fdeee,很帅很帅的楞,="1429016617105031956",普通订单,交易成功,,3,829.29,0.0,0.0,0.0,2644.71,年终盛典，2496.000000;2020年12.12天猫年终盛典快单满减，120.000000;20，20.000000;taojinbi，8.710000,,白2*7  香槟杯*8  海马刀*3  报关单卫检  售后卡,2020-12-10 23:47:09,2020-12-10 23:47:13,,,2020-12-11 10:41:37,2020-12-21 10:41:46,河南省,商丘市,睢阳区,
TAOBAO,ceres旗舰店,139a20e9eefcf8430b23bf2fc95eb9dc,shkagsd,="1429019749970925014",普通订单,交易成功,,1,149.76,0.0,0.0,0.0,444.24,2020年12.12天猫年终盛典快单满减，23.870000;年终盛典，415.000000;taojinbi，5.370000,,,2020-12-10 23:59:30,2020-12-10 23:59:48,,,2020-12-11 10:41:30,2020-12-21 10:41:36,北京市,市辖区,石景山区,
TAOBAO,ceres旗舰店,2b4aa89e611750f366bade72832a311d,雾以泪聚成霾,="1429073317176559495",普通订单,交易成功,,1,318.67,0.0,0.0,0.0,839.33,taojinbi，8.650000;年终盛典，789.000000;2020年12.12天猫年终盛典快单满减，41.680000,,,2020-12-11 00:19:56,2020-12-11 00:20:10,,,2020-12-11 10:17:56,2020-12-21 10:18:12,江苏省,镇江市,京口区,
TAOBAO,ceres旗舰店,a52be941b30a221879a0b02e06caeb40,a408853364,="1429182073527820711",普通订单,交易成功,,1,288.83,0.0,0.0,0.0,908.17,年终盛典，858.000000;taojinbi，10.170000;2020年12.12天猫年终盛典快单满减，40.000000,,,2020-12-11 00:58:38,2020-12-11 00:58:46,,,2020-12-11 10:41:32,2020-12-21 10:41:44,重庆市,市辖区,南岸区,
TAOBAO,ceres旗舰店,c712e789e3280e8d0f5f0057637ae065,我爱wwz,="1429333848559486739",普通订单,交易成功,,1,817.15,0.0,0.0,0.0,1966.85,20，20.000000;2020年12.12天猫年终盛典快单满减，120.000000;taojinbi，10.850000;年终盛典，1816.000000,,,2020-12-11 11:48:43,2020-12-11 11:48:47,,,2020-12-11 15:21:41,2020-12-21 15:21:44,广东省,深圳市,福田区,
TAOBAO,ceres旗舰店,0ea0e75cd596cadb32aa2e05683194b3,tuzi750819,="1429363261609688720",普通订单,交易成功,,1,276.22,0.0,0.0,0.0,881.78,taojinbi，9.780000;年终盛典，832.000000;2020年12.12天猫年终盛典快单满减，40.000000,,,2020-12-11 07:34:44,2020-12-11 07:34:50,,,2020-12-11 10:41:36,2020-12-21 10:41:51,河北省,唐山市,乐亭县,
TAOBAO,ceres旗舰店,dd2d11bc3ca326063d093aa5f5337d19,嘟嘟的妈咪95270648,="1429562631440018115",普通订单,交易成功,,2,615.74,0.0,0.0,0.0,1700.26,taojinbi，16.260000;年终盛典，1604.000000;2020年12.12天猫年终盛典快单满减，80.000000,,发顺丰！ 白1*5  白1礼盒*5  冰酒礼袋*3 香槟杯*4  海马刀*2  报关单卫检 售后卡,2020-12-11 00:10:11,2020-12-11 00:10:22,,,2020-12-11 10:26:30,2020-12-21 10:26:35,山西省,运城市,盐湖区,
TAOBAO,ceres旗舰店,2d0febd012431bffa426d2ee186bd26d,jcx_yy,="1429730894051394835",普通订单,交易成功,,2,612.28,0.0,0.0,0.0,10.0,10，10.000000,,,2020-12-11 08:16:45,2020-12-11 08:16:50,,,2020-12-11 10:17:55,2020-12-13 14:41:49,上海市,市辖区,静安区,
TAOBAO,ceres旗舰店,1d245d47a1a19b5c82cddf58f76ea743,tb813645168,="1429866327348316985",普通订单,交易成功,,1,305.32,0.0,0.0,0.0,852.68,taojinbi，10.680000;2020年12.12天猫年终盛典快单满减，40.000000;年终盛典，802.000000,,,2020-12-11 07:34:55,2020-12-11 07:35:01,,,2020-12-11 10:17:56,2020-12-21 10:18:07,江苏省,盐城市,射阳县,
TAOBAO,ceres旗舰店,7d2f5c3e39d69ff1033bbcbf49243087,日大雨,="1429916005755086470",普通订单,交易成功,,1,323.93,0.0,0.0,0.0,873.07,taojinbi，5.070000;年终盛典，828.000000;2020年12.12天猫年终盛典快单满减，40.000000,,,2020-12-11 10:56:20,2020-12-11 10:56:26,,,2020-12-11 15:21:41,2020-12-21 15:21:49,湖南省,长沙市,长沙县,
TAOBAO,ceres旗舰店,363d3a23972b7f3a179a6addcb97ba2c,zgfjzhwcb,="1430020946303126650",普通订单,交易成功,,1,276.22,0.0,0.0,0.0,881.78,年终盛典，832.000000;taojinbi，9.780000;2020年12.12天猫年终盛典快单满减，40.000000,,,2020-12-11 10:06:30,2020-12-11 10:06:40,,,2020-12-11 15:21:41,2020-12-14 00:45:53,广东省,佛山市,顺德区,
TAOBAO,ceres旗舰店,6fb8ea6de85ade4a1daee8d5310e5423,埃姆依,="1430336379425951536",普通订单,交易成功,,1,295.68,0.0,0.0,0.0,901.32,年终盛典，851.000000;taojinbi，10.320000;2020年12.12天猫年终盛典快单满减，40.000000,,,2020-12-11 10:37:36,2020-12-11 10:37:43,,,2020-12-11 15:21:41,2020-12-21 15:21:47,浙江省,杭州市,萧山区,
TAOBAO,ceres旗舰店,4e08603e4912aa7b09449041016d682a,my83235833,="1430385193941734012",普通订单,交易成功,,1,288.83,0.0,0.0,0.0,908.17,taojinbi，10.170000;2020年12.12天猫年终盛典快单满减，40.000000;年终盛典，858.000000,,,2020-12-11 12:46:41,2020-12-11 12:46:44,,,2020-12-11 15:21:41,2020-12-14 07:45:43,浙江省,杭州市,萧山区,
TAOBAO,ceres旗舰店,fcf65bafd3caa80c6d0714574a6f529a,李菁茹88,="1430652097505191871",普通订单,交易成功,,1,280.4,0.0,0.0,0.0,877.6,年终盛典，832.000000;taojinbi，8.440000;2020年12.12天猫年终盛典快单满减，37.160000,,,2020-12-11 14:07:02,2020-12-11 14:07:15,,,2020-12-11 17:43:38,2020-12-21 17:43:44,河南省,郑州市,金水区,
TAOBAO,ceres旗舰店,ec13b238b4504287ffbe03720d6429aa,角落我的你,="1430768556847922226",普通订单,交易成功,,1,288.83,0.0,0.0,0.0,908.17,2020年12.12天猫年终盛典快单满减，40.000000;年终盛典，858.000000;taojinbi，10.170000,,,2020-12-11 19:12:23,2020-12-11 19:12:47,,,2020-12-12 10:55:38,2020-12-15 20:39:23,湖南省,湘潭市,岳塘区,
TAOBAO,ceres旗舰店,ae7f826d200018a8a45e808d39ede3dd,liujin2460,="1430785082584887374",普通订单,交易成功,,1,318.38,0.0,0.0,0.0,839.62,年终盛典，789.000000;taojinbi，10.620000;2020年12.12天猫年终盛典快单满减，40.000000,,送礼的挑好点,2020-12-11 13:19:34,2020-12-11 13:19:38,,,2020-12-11 15:21:40,2020-12-21 15:21:46,湖北省,荆州市,监利县,
TAOBAO,ceres旗舰店,5b97e76bd137bcbefe90e870d042708a,找萝卜吃的兔子,="1430940529848235754",普通订单,交易成功,,1,308.44,0.0,0.0,0.0,849.56,2020年12.12天猫年终盛典快单满减，38.030000;taojinbi，9.530000;年终盛典，802.000000,,,2020-12-11 15:43:08,2020-12-11 15:43:13,,,2020-12-11 17:43:34,2020-12-21 17:43:48,四川省,德阳市,旌阳区,
TAOBAO,ceres旗舰店,36829ceb0142c6a99b0e582bac996cf2,cqsteven2008,="1430964723441426643",普通订单,交易成功,,1,2276.09,0.0,0.0,0.0,5085.91,80，80.000000;2020年12.12天猫年终盛典快单满减，320.000000;年终盛典，4674.000000;taojinbi，11.910000,,白3*7  海马刀*3  报关单卫检  售后卡 ,2020-12-11 13:10:19,2020-12-11 13:10:32,,,2020-12-11 15:21:41,2020-12-21 15:21:44,江苏省,南京市,玄武区,
TAOBAO,ceres旗舰店,bcd6a9846d47a4038b9dbc702b17fe46,浛lyhlyh,="1430995428542227634",普通订单,交易成功,,1,305.32,0.0,0.0,0.0,852.68,taojinbi，10.680000;年终盛典，802.000000;2020年12.12天猫年终盛典快单满减，40.000000,,,2020-12-11 20:17:40,2020-12-11 20:17:44,,,2020-12-12 10:55:39,2020-12-22 11:14:51,四川省,自贡市,自流井区,
TAOBAO,ceres旗舰店,31672bf645babfd21a6a5047ebc4ea15,h2o5oh,="1431081074366752581",普通订单,交易成功,,1,307.89,0.0,0.0,0.0,850.11,taojinbi，8.110000;年终盛典，802.000000;2020年12.12天猫年终盛典快单满减，40.000000,,,2020-12-11 14:53:29,2020-12-11 14:53:34,,,2020-12-11 17:43:35,2020-12-21 17:43:46,北京市,市辖区,房山区,
TAOBAO,ceres旗舰店,b671c0cad81bcda44299e85f3291d5e6,乾toff,="1431104474965522925",普通订单,交易成功,,2,547.68,0.0,0.0,0.0,1768.32,10，10.000000;taojinbi，14.320000;年终盛典，1664.000000;2020年12.12天猫年终盛典快单满减，80.000000,,白1*4  香槟杯*2 海马刀*1  报关单卫检  售后卡 ,2020-12-11 15:05:08,2020-12-11 15:05:13,,,2020-12-11 17:43:33,2020-12-14 08:12:25,浙江省,杭州市,下城区,
TAOBAO,ceres旗舰店,107c779dc98b82a52b48994bc57e510a,cherrywubj,="1431120457348718193",普通订单,交易成功,,1,306.4,0.0,0.0,0.0,851.6,年终盛典，802.000000;taojinbi，9.600000;2020年12.12天猫年终盛典快单满减，40.000000,和客服确认好顺丰发货,发顺丰！！,2020-12-11 16:53:35,2020-12-11 16:53:42,,,2020-12-11 17:37:02,2020-12-21 17:37:08,北京市,市辖区,昌平区,
TAOBAO,ceres旗舰店,b5b4ac32be871aa2867e8dbefa758c3c,御视眼镜,="1431139395990686054",普通订单,交易成功,,1,289.93,0.0,0.0,0.0,907.07,2020年12.12天猫年终盛典快单满减，40.000000;taojinbi，9.070000;年终盛典，858.000000,,,2020-12-11 14:07:30,2020-12-11 14:07:35,,,2020-12-11 17:43:33,2020-12-13 10:43:24,上海市,市辖区,静安区,
TAOBAO,ceres旗舰店,831a8dafec4c63846cdc9204737c33a5,tb20180960,="1431273960170934662",普通订单,交易成功,,1,828.0,0.0,0.0,0.0,1956.0,2020年12.12天猫年终盛典快单满减，120.000000;年终盛典，1816.000000;20，20.000000,,,2020-12-11 21:19:22,2020-12-11 21:19:27,,,2020-12-12 10:38:45,2020-12-22 11:07:23,江苏省,扬州市,邗江区,
TAOBAO,ceres旗舰店,6991b1fd8d7b275173aa09b205d47d54,tiangmei,="1431302616511461957",普通订单,交易成功,,1,276.22,0.0,0.0,0.0,881.78,年终盛典，832.000000;2020年12.12天猫年终盛典快单满减，40.000000;taojinbi，9.780000,,,2020-12-11 21:27:38,2020-12-11 21:27:46,,,2020-12-12 10:38:44,2020-12-15 20:54:12,浙江省,绍兴市,柯桥区,
TAOBAO,ceres旗舰店,cc3cf5734e5182358ed56034ea0b070d,琬琬831,="1431461631296309305",普通订单,交易成功,,1,295.66,0.0,0.0,0.0,862.34,2020年12.12天猫年终盛典快单满减，43.340000;年终盛典，819.000000,,,2020-12-11 15:47:45,2020-12-11 15:47:51,,,2020-12-11 17:43:35,2020-12-15 08:26:07,江苏省,扬州市,邗江区,
TAOBAO,ceres旗舰店,d6df98cb4f99dea3e8f1e87d552e04b5,张祖禹01,="1431592491281113615",普通订单,交易成功,,1,288.83,0.0,0.0,0.0,908.17,2020年12.12天猫年终盛典快单满减，40.000000;年终盛典，858.000000;taojinbi，10.170000,,,2020-12-11 16:37:19,2020-12-11 16:37:23,,,2020-12-11 17:43:34,2020-12-17 22:37:18,江苏省,苏州市,苏州工业园区,
TAOBAO,ceres旗舰店,2c40eb3c2b5d943932fa660894a1497e,chen_yan0726,="1431652572263927056",普通订单,交易成功,,1,279.07,0.0,0.0,0.0,878.93,年终盛典，832.000000;2020年12.12天猫年终盛典快单满减，37.150000;taojinbi，9.780000,,白1*2 海马刀  报关单卫检  售后卡  确认收货退差价10元,2020-12-11 22:56:00,2020-12-11 22:56:39,,,2020-12-12 10:38:44,2020-12-22 11:09:17,江苏省,南京市,鼓楼区,
TAOBAO,ceres旗舰店,e6ead9c086bd51d9a2c5b9c03e111060,波第恩,="1431688932452644842",普通订单,交易成功,,1,276.64,0.0,0.0,0.0,881.36,taojinbi，9.360000;年终盛典，832.000000;2020年12.12天猫年终盛典快单满减，40.000000,,,2020-12-11 23:08:34,2020-12-11 23:08:47,,,2020-12-12 10:55:39,2020-12-22 11:12:04,海南省,海口市,龙华区,
TAOBAO,ceres旗舰店,d30df8d944b809bf6354b45a9d2801d4,占城稻zoe,="1431952272295132248",普通订单,交易成功,,1,312.04,0.0,0.0,0.0,845.96,2020年12.12天猫年终盛典快单满减，40.520000;年终盛典，802.000000;taojinbi，3.440000,,,2020-12-12 00:04:57,2020-12-12 00:05:03,,,2020-12-12 10:55:39,2020-12-22 11:31:45,陕西省,宝鸡市,金台区,
TAOBAO,ceres旗舰店,d4cdcbf4f0d58cfe5c1f7a8b6e431b0a,ybb7676,="1431958429228249859",普通订单,交易成功,,3,809.14,0.0,0.0,0.0,20.0,20，20.000000,赠品选红的,白1*3 红1*2 白2*2 香槟杯*6 海马刀*3 报关单卫检售后卡,2020-12-11 20:32:30,2020-12-11 20:32:46,,,2020-12-12 10:38:45,2020-12-16 23:56:08,上海市,市辖区,浦东新区,
TAOBAO,ceres旗舰店,2393100455181914baa5bab9500cf247,qq糖调戏拟,="1431963867200009108",普通订单,交易成功,,1,286.7,0.0,0.0,0.0,871.3,2020年12.12天猫年终盛典快单满减，44.580000;taojinbi，7.720000;年终盛典，819.000000,,,2020-12-11 18:24:36,2020-12-11 18:24:43,,,2020-12-12 10:38:44,2020-12-22 11:31:28,上海市,市辖区,浦东新区,
TAOBAO,ceres旗舰店,f7767d8fe41c46e1ed091911b07acb2b,开勒个网店,="1432026543085072169",普通订单,交易成功,,1,328.73,0.0,0.0,0.0,829.27,2020年12.12天猫年终盛典快单满减，40.000000;年终盛典，789.000000;taojinbi，0.270000,,,2020-12-11 18:46:16,2020-12-11 18:46:25,,,2020-12-12 10:38:44,2020-12-22 10:56:15,上海市,市辖区,浦东新区,
TAOBAO,ceres旗舰店,d75a043800b9bad96ccc67db9918e1ee,zhongfeifei88628,="1432179721675890969",普通订单,交易成功,,1,329.0,0.0,0.0,0.0,868.0,年终盛典，828.000000;2020年12.12天猫年终盛典快单满减，40.000000,,,2020-12-11 22:00:49,2020-12-11 22:00:51,,,2020-12-12 10:55:39,2020-12-22 11:22:34,陕西省,咸阳市,秦都区,
TAOBAO,ceres旗舰店,1da781e5cd5d24d89cfaea41200b80c2,sssuri2000,="1432182744422568940",普通订单,交易成功,,1,183.33,0.0,0.0,0.0,410.67,taojinbi，5.670000;年终盛典，405.000000,,,2020-12-12 00:44:12,2020-12-12 00:44:16,,,2020-12-12 10:55:39,2020-12-22 11:18:58,北京市,市辖区,西城区,
TAOBAO,ceres旗舰店,1a8b81d7771d6a4bdba719819032ba05,无可取代19893740,="1432217232265581756",普通订单,交易成功,,1,276.22,0.0,0.0,0.0,881.78,taojinbi，9.780000;年终盛典，832.000000;2020年12.12天猫年终盛典快单满减，40.000000,,,2020-12-12 00:51:18,2020-12-12 00:51:24,,,2020-12-12 10:38:45,2020-12-16 10:28:33,上海市,市辖区,嘉定区,
TAOBAO,ceres旗舰店,f3623faeafa2b197d731763bfc7d028f,酱王八飞了,="1432530685597561626",普通订单,交易成功,,1,310.5,0.0,0.0,0.0,886.5,2020年12.12天猫年终盛典快单满减，48.500000;年终盛典，828.000000;taojinbi，10.000000,,,2020-12-11 23:15:39,2020-12-11 23:15:51,,,2020-12-12 10:38:45,2020-12-22 10:57:42,江苏省,南通市,海门市,
TAOBAO,ceres旗舰店,26a97b8dbb51b0aef618b4c12974a3de,tb26739880,="1432835535193366226",普通订单,交易成功,,1,317.93,0.0,0.0,0.0,879.07,年终盛典，828.000000;2020年12.12天猫年终盛典快单满减，40.000000;taojinbi，11.070000,,,2020-12-11 22:33:39,2020-12-11 22:33:44,,,2020-12-12 10:55:40,2020-12-14 21:28:16,江西省,南昌市,南昌县,
TAOBAO,ceres旗舰店,7db1b7a4ea08be3b36d52a7202349438,taijixiaoyong,="1432933849102120705",普通订单,交易成功,,1,289.29,0.0,0.0,0.0,907.71,年终盛典，858.000000;taojinbi，9.710000;2020年12.12天猫年终盛典快单满减，40.000000,,,2020-12-12 00:31:35,2020-12-12 00:31:39,,,2020-12-12 10:55:38,2020-12-21 10:31:31,北京市,市辖区,西城区,
TAOBAO,ceres旗舰店,90c634d9b2c5dcaa0fad1521bb802ae1,这么复杂作甚,="1433023166427976024",普通订单,交易成功,,1,289.68,0.0,0.0,0.0,868.32,2020年12.12天猫年终盛典快单满减，40.000000;taojinbi，9.320000;年终盛典，819.000000,,,2020-12-12 00:03:10,2020-12-12 00:04:02,,,2020-12-12 10:55:39,2020-12-20 20:14:56,河北省,石家庄市,元氏县,
TAOBAO,ceres旗舰店,7ed2735d1d011d68bf38bb8cea83021f,cc小橙子1117,="1433040552731945636",普通订单,交易成功,,1,317.93,0.0,0.0,0.0,879.07,年终盛典，828.000000;2020年12.12天猫年终盛典快单满减，40.000000;taojinbi，11.070000,,,2020-12-12 10:23:34,2020-12-12 10:23:48,,,2020-12-12 15:39:32,2020-12-22 15:40:58,安徽省,芜湖市,弋江区,
TAOBAO,ceres旗舰店,da59b9c35dfa98b4ac2d103a5075cb32,tb454888755,="1433076914850479128",普通订单,交易成功,,1,183.33,0.0,0.0,0.0,410.67,年终盛典，405.000000;taojinbi，5.670000,,,2020-12-12 00:11:52,2020-12-12 00:11:55,,,2020-12-12 10:38:45,2020-12-22 11:28:57,上海市,市辖区,闵行区,
TAOBAO,ceres旗舰店,4a9c6552a1edb08ef28489f86d4ddae3,楠夕baby,="1433113095027942236",普通订单,交易成功,,3,2243.96,0.0,0.0,0.0,80.0,80，80.000000,,白3*6 红3*1 白3*礼盒*2 香槟杯*6 海马刀*3 报关单卫检售后卡,2020-12-11 23:36:47,2020-12-11 23:36:50,,,2020-12-12 10:59:34,2020-12-15 21:39:44,福建省,漳州市,芗城区,
TAOBAO,ceres旗舰店,5b11175fb56f30c9c68401c8d170c801,笨笨笨爱欢欢欢,="1433138149175747312",普通订单,交易成功,,1,310.6,0.0,0.0,0.0,847.4,2020年12.12天猫年终盛典快单满减，40.000000;taojinbi，5.400000;年终盛典，802.000000,,,2020-12-12 01:27:02,2020-12-12 01:27:11,,,2020-12-12 10:55:39,2020-12-22 11:11:46,湖南省,怀化市,鹤城区,
TAOBAO,ceres旗舰店,029b36bb1cb3e12f212589031637b400,a18941048950,="1433180196210238236",普通订单,交易成功,,1,917.97,0.0,0.0,0.0,1866.03,年终盛典，1726.000000;taojinbi，0.030000;20，20.000000;2020年12.12天猫年终盛典快单满减，120.000000,,,2020-12-12 10:53:20,2020-12-12 10:57:21,,,2020-12-12 15:39:35,2020-12-22 15:40:56,辽宁省,本溪市,溪湖区,
TAOBAO,ceres旗舰店,73f9a6ae2b38e739d76c41ed33d71ef5,tb4883108_2012,="1433233874722908827",普通订单,交易成功,,1,296.03,0.0,0.0,0.0,861.97,taojinbi，2.900000;年终盛典，819.000000;2020年12.12天猫年终盛典快单满减，40.070000,,,2020-12-12 00:30:16,2020-12-12 00:30:32,,,2020-12-12 10:55:39,2020-12-18 11:17:51,湖南省,长沙市,雨花区,
TAOBAO,ceres旗舰店,6efd360232a4a6d295cb987dbc19d596,武杰亚男,="1433269803479403793",普通订单,交易成功,,1,327.16,0.0,0.0,0.0,869.84,年终盛典，828.000000;2020年12.12天猫年终盛典快单满减，39.360000;taojinbi，2.480000,,,2020-12-12 00:09:36,2020-12-12 00:09:44,,,2020-12-12 10:55:39,2020-12-20 18:35:56,北京市,市辖区,丰台区,
TAOBAO,ceres旗舰店,e8468ac7d62b36e3aef6cef2ea66a98e,青铜一条虾,="1433310591995431526",普通订单,交易成功,,1,309.97,0.0,0.0,0.0,848.03,taojinbi，6.030000;年终盛典，802.000000;2020年12.12天猫年终盛典快单满减，40.000000,,,2020-12-12 00:11:03,2020-12-12 00:11:07,,,2020-12-12 10:38:44,2020-12-16 17:21:47,江苏省,常州市,新北区,
TAOBAO,ceres旗舰店,d538f7cac795c1959d72f3eca3872ca4,哈哈哈呵呵哦呵嗯哼,="1433360811028011165",普通订单,交易成功,,1,199.79,0.0,0.0,0.0,394.21,taojinbi，7.140000;年终盛典，356.000000;2020年12.12天猫年终盛典快单满减，31.070000,,,2020-12-12 00:15:36,2020-12-12 00:15:41,,,2020-12-12 10:38:44,2020-12-17 17:28:16,浙江省,嘉兴市,秀洲区,
TAOBAO,ceres旗舰店,d8036e8a5c81f8188cb01bf90b217c22,a516138,="1433464995316037106",普通订单,交易成功,,1,321.38,0.0,0.0,0.0,875.62,2020年12.12天猫年终盛典快单满减，36.550000;年终盛典，828.000000;taojinbi，11.070000,,,2020-12-12 00:43:59,2020-12-12 00:44:14,,,2020-12-12 10:38:44,2020-12-22 11:31:47,江苏省,无锡市,梁溪区,
TAOBAO,ceres旗舰店,50140837cb023021e6494b225cf10499,静静的思念44,="1433652698961874670",普通订单,交易成功,,1,335.87,0.0,0.0,0.0,1038.13,年终盛典，976.000000;taojinbi，11.510000;2020年12.12天猫年终盛典快单满减，50.620000,记得送2个手提袋子，谢谢,红1*2 单支礼袋*2 冰酒礼袋*1 香槟杯*2 海马刀*1 报关单卫检 售后卡,2020-12-12 07:51:11,2020-12-12 07:53:17,,,2020-12-12 10:55:39,2020-12-19 19:58:57,湖南省,长沙市,岳麓区,
TAOBAO,ceres旗舰店,34390ba414ddc32a7e5216f0720d1135,tb81877347,="1433800011303752616",普通订单,交易成功,,1,305.69,0.0,0.0,0.0,852.31,年终盛典，819.000000;2020年12.12天猫年终盛典快单满减，23.140000;taojinbi，10.170000,,,2020-12-12 07:16:23,2020-12-12 07:16:28,,,2020-12-12 10:38:44,2020-12-22 11:08:05,浙江省,宁波市,慈溪市,
TAOBAO,ceres旗舰店,e60867b75a29b0168517efad6b8756a3,小明童鞋07149914,="1434127503234893739",普通订单,交易成功,,1,305.32,0.0,0.0,0.0,852.68,年终盛典，802.000000;2020年12.12天猫年终盛典快单满减，40.000000;taojinbi，10.680000,,写个贺卡！,2020-12-12 12:19:24,2020-12-12 12:19:28,,,2020-12-12 13:21:56,2020-12-20 19:20:42,天津市,市辖区,滨海新区,
TAOBAO,ceres旗舰店,c3ee39c3d62c85e2041546e22737d18b,13887379086天赐茶缘,="1434177720353016327",普通订单,交易成功,,1,954.16,0.0,0.0,0.0,2609.84,20，20.000000;2020年12.12天猫年终盛典快单满减，120.000000;年终盛典，2436.000000;taojinbi，33.840000,,买6瓶送1瓶【数云备注】,2020-12-12 14:21:03,2020-12-12 14:21:12,,,2020-12-12 18:06:20,2020-12-22 18:06:23,云南省,红河哈尼族彝族自治州,蒙自市,
TAOBAO,ceres旗舰店,23886a6e3e4234726456d1a0db062fe4,1liyu188,="1434227222686969918",普通订单,交易成功,,1,295.84,0.0,0.0,0.0,862.16,taojinbi，3.160000;2020年12.12天猫年终盛典快单满减，40.000000;年终盛典，819.000000,,,2020-12-12 10:58:36,2020-12-12 10:58:47,,,2020-12-12 15:39:36,2020-12-22 15:41:07,湖南省,常德市,桃源县,
TAOBAO,ceres旗舰店,627f7b3411fa1b500a2947d6e5fd2eaf,tb83489415,="1434365424330257895",普通订单,交易成功,,1,299.74,0.0,0.0,0.0,897.26,taojinbi，2.760000;年终盛典，858.000000;2020年12.12天猫年终盛典快单满减，36.500000,,,2020-12-12 14:54:50,2020-12-12 14:55:37,,,2020-12-12 18:06:18,2020-12-22 18:06:25,上海市,市辖区,青浦区,
TAOBAO,ceres旗舰店,9b47cac8a924dbb61624dc890b21db14,carsonyou,="1434795949822584096",普通订单,交易成功,,1,285.63,0.0,0.0,0.0,911.37,2020年12.12天猫年终盛典快单满减，43.200000;年终盛典，858.000000;taojinbi，10.170000,,,2020-12-12 13:49:25,2020-12-12 13:50:15,,,2020-12-12 15:39:35,2020-12-22 15:41:03,江西省,南昌市,青山湖区,
TAOBAO,ceres旗舰店,f6f6c926a03b47343109a88c5c7ee89b,bluefoxbigbang,="1434846780667673070",普通订单,交易成功,,1,391.74,0.0,0.0,0.0,976.26,2020年12.12天猫年终盛典快单满减，55.750000;掌柜推荐，912.000000;taojinbi，8.510000,,,2020-12-12 16:48:12,2020-12-12 16:48:26,,,2020-12-12 18:06:19,2020-12-22 18:06:23,上海市,市辖区,,
TAOBAO,ceres旗舰店,68fdab61baeba700b25c93ec2e470c88,闲花笑,="1434870648070367686",普通订单,交易成功,,1,283.98,0.0,0.0,0.0,913.02,taojinbi，10.170000;年终盛典，858.000000;2020年12.12天猫年终盛典快单满减，44.850000,,,2020-12-12 16:55:49,2020-12-12 16:55:54,,,2020-12-12 18:06:20,2020-12-22 18:06:26,广东省,深圳市,福田区,
TAOBAO,ceres旗舰店,19fb15e5a9b7454010301de2a0e9b4f8,股天乐6066,="1434917233351785372",普通订单,交易成功,,1,290.09,0.0,0.0,0.0,867.91,taojinbi，8.910000;年终盛典，819.000000;2020年12.12天猫年终盛典快单满减，40.000000,,,2020-12-12 13:55:52,2020-12-12 13:55:56,,,2020-12-12 15:39:35,2020-12-17 11:24:10,重庆市,市辖区,渝北区,
TAOBAO,ceres旗舰店,e947280d2a52f83e223ea1c1b62eb55e,周姐买买买,="1434992437126702885",普通订单,交易成功,,1,934.93,0.0,0.0,0.0,2539.07,年终盛典，2386.000000;taojinbi，13.070000;2020年12.12天猫年终盛典快单满减，120.000000;20，20.000000,,买6瓶送1瓶【数云备注】,2020-12-12 14:16:22,2020-12-12 14:16:58,,,2020-12-12 18:06:19,2020-12-22 18:06:26,重庆市,市辖区,江津区,
TAOBAO,ceres旗舰店,0ba09bdd72a404911b017eeb46e4adcb,musashisa,="1435214739836196503",普通订单,交易成功,,1,288.83,0.0,0.0,0.0,869.17,taojinbi，10.170000;年终盛典，819.000000;2020年12.12天猫年终盛典快单满减，40.000000,,,2020-12-12 13:11:20,2020-12-12 13:11:50,,,2020-12-12 15:39:32,2020-12-22 12:36:01,北京市,市辖区,朝阳区,
TAOBAO,ceres旗舰店,e947280d2a52f83e223ea1c1b62eb55e,周姐买买买,="1435252610239702885",普通订单,交易成功,,2,1816.0,0.0,0.0,0.0,5132.0,80，80.000000;2020年12.12天猫年终盛典快单满减，280.000000;年终盛典，4772.000000,,白1*16 海马刀*2 报关单卫检售后卡,2020-12-12 14:17:27,2020-12-12 14:17:35,,,2020-12-12 18:14:58,2020-12-22 18:15:04,重庆市,市辖区,江津区,
TAOBAO,ceres旗舰店,938c3c5d4d29881a3666632cb6e31db1,0金色华章0,="1435286594915532829",普通订单,交易成功,,1,310.28,0.0,0.0,0.0,886.72,年终盛典，828.000000;2020年12.12天猫年终盛典快单满减，47.650000;taojinbi，11.070000,,,2020-12-12 14:23:21,2020-12-12 14:23:27,,,2020-12-12 18:06:20,2020-12-22 18:06:23,山西省,大同市,,
TAOBAO,ceres旗舰店,bdd87fb8f27c675e259ff86b5719e458,daisylam25011985,="1435422278447544319",普通订单,交易成功,,1,305.32,0.0,0.0,0.0,852.68,2020年12.12天猫年终盛典快单满减，40.000000;年终盛典，802.000000;taojinbi，10.680000,,,2020-12-12 14:52:18,2020-12-12 14:52:21,,,2020-12-12 18:06:18,2020-12-22 18:06:26,上海市,市辖区,静安区,
TAOBAO,ceres旗舰店,8a3910402b4fe97dfc261f29e4c5509d,canonxu1989,="1435493988146668242",普通订单,交易成功,,1,288.83,0.0,0.0,0.0,869.17,年终盛典，819.000000;taojinbi，10.170000;2020年12.12天猫年终盛典快单满减，40.000000,,,2020-12-12 19:07:44,2020-12-12 19:07:52,,,2020-12-13 10:50:47,2020-12-23 11:29:45,浙江省,嘉兴市,海宁市,
TAOBAO,ceres旗舰店,079d80a24a1790bd2546aed4658feb45,dino990fm,="1435595655007263621",普通订单,交易成功,,3,892.08,0.0,0.0,0.0,20.0,20，20.000000,可以的话送一瓶冰红,白2*4  红2*3 白2礼盒*3 红2礼盒*1  香槟杯*6  海马刀*3  报关单卫检  售后卡 ,2020-12-12 14:44:02,2020-12-12 14:44:13,,,2020-12-12 18:14:58,2020-12-22 18:15:18,山东省,济南市,天桥区,
TAOBAO,ceres旗舰店,b4ba6fe98ab1d39dae087996963a3365,tb9008372,="1435670102004650392",普通订单,交易成功,,1,285.86,0.0,0.0,0.0,872.14,年终盛典，832.000000;taojinbi，0.140000;2020年12.12天猫年终盛典快单满减，40.000000,,,2020-12-12 15:43:42,2020-12-12 15:44:04,,,2020-12-12 18:06:18,2020-12-22 18:06:23,山东省,威海市,环翠区,
TAOBAO,ceres旗舰店,a49777853f7e1a0ee31cdcad7c197d57,tb841150160,="1435845603672422237",普通订单,交易成功,,1,318.34,0.0,0.0,0.0,878.66,2020年12.12天猫年终盛典快单满减，40.000000;taojinbi，10.660000;年终盛典，828.000000,请发顺丰,发顺丰,2020-12-12 16:10:15,2020-12-12 16:10:21,,,2020-12-12 18:01:50,2020-12-22 18:01:53,陕西省,咸阳市,秦都区,
TAOBAO,ceres旗舰店,8942e3519937d1e129a8c97f8a480e08,mango芒92,="1435931570688620256",普通订单,交易成功,,1,285.51,0.0,0.0,0.0,872.49,2020年12.12天猫年终盛典快单满减，37.050000;taojinbi，3.440000;年终盛典，832.000000,,,2020-12-12 16:49:03,2020-12-12 16:49:08,,,2020-12-12 18:06:19,2020-12-16 18:27:51,北京市,市辖区,海淀区,
TAOBAO,ceres旗舰店,2f9dca28b950797655d133055695d536,w464213536,="1435954719957978148",普通订单,交易成功,,1,739.32,0.0,0.0,0.0,2044.68,2020年12.12天猫年终盛典快单满减，104.470000;taojinbi，4.210000;年终盛典，1916.000000;20，20.000000,,,2020-12-12 16:11:24,2020-12-12 16:11:28,,,2020-12-12 18:06:18,2020-12-17 22:34:48,福建省,福州市,闽侯县,
TAOBAO,ceres旗舰店,725047fcce5972a5465daaebc313fcc7,t_1482235691043_0266,="1436017608019869618",普通订单,交易成功,,1,173.63,0.0,0.0,0.0,420.37,年终盛典，415.000000;taojinbi，5.370000,,,2020-12-12 20:45:29,2020-12-12 20:45:35,,,2020-12-13 10:50:43,2020-12-19 01:17:27,北京市,市辖区,海淀区,
TAOBAO,ceres旗舰店,2dcb7b6dd46b0128e9789118869c6424,小史大神,="1436197718896633732",普通订单,交易成功,,1,309.92,0.0,0.0,0.0,848.08,2020年12.12天猫年终盛典快单满减，40.000000;年终盛典，802.000000;taojinbi，6.080000,,,2020-12-12 18:07:18,2020-12-12 18:07:37,,,2020-12-13 10:50:38,2020-12-22 07:11:49,广东省,佛山市,三水区,
TAOBAO,ceres旗舰店,1ce9be7f168009f4f98acadbfbb0a4c1,tb713385215,="1436647068154166053",普通订单,交易成功,,1,288.83,0.0,0.0,0.0,908.17,2020年12.12天猫年终盛典快单满减，40.000000;taojinbi，10.170000;年终盛典，858.000000,,,2020-12-12 22:29:18,2020-12-12 22:29:21,,,2020-12-13 10:50:49,2020-12-23 11:44:59,上海市,市辖区,长宁区,
TAOBAO,ceres旗舰店,6088017db1a703482e0788463d40995b,木土土gmh,="1436758455483606409",普通订单,交易成功,,1,782.44,0.0,0.0,0.0,2001.56,20，20.000000;年终盛典，1866.000000;2020年12.12天猫年终盛典快单满减，115.560000,,,2020-12-12 18:58:03,2020-12-12 19:08:49,,,2020-12-13 10:50:44,2020-12-23 11:21:46,北京市,市辖区,朝阳区,
TAOBAO,ceres旗舰店,6088017db1a703482e0788463d40995b,木土土gmh,="1436759895526606409",普通订单,交易成功,,1,887.68,0.0,0.0,0.0,1896.32,taojinbi，10.190000;年终盛典，1726.000000;2020年12.12天猫年终盛典快单满减，140.130000;20，20.000000,,,2020-12-12 19:00:17,2020-12-12 19:08:48,,,2020-12-13 10:50:45,2020-12-23 11:21:47,北京市,市辖区,朝阳区,
TAOBAO,ceres旗舰店,86e8861db08a5066ae6cbe5b2ba775b1,肾虚就别撸了,="1436942556306719606",普通订单,交易成功,,1,276.22,0.0,0.0,0.0,881.78,2020年12.12天猫年终盛典快单满减，40.000000;年终盛典，832.000000;taojinbi，9.780000,,,2020-12-12 23:08:39,2020-12-12 23:08:42,,,2020-12-13 11:04:08,2020-12-23 11:35:45,江苏省,南京市,鼓楼区,
TAOBAO,ceres旗舰店,32b1cc25cd1f13851db3a67f85016771,tb804145124,="1437082707565153715",普通订单,交易成功,,1,329.0,0.0,0.0,0.0,868.0,年终盛典，828.000000;2020年12.12天猫年终盛典快单满减，40.000000,,,2020-12-12 20:17:09,2020-12-12 20:17:21,,,2020-12-13 10:50:39,2020-12-17 23:22:10,云南省,西双版纳傣族自治州,勐腊县,
TAOBAO,ceres旗舰店,87878fe59f0ea8a368bc994aa4e838cc,湛蓝的你,="1437095376177259324",普通订单,交易成功,,1,283.67,0.0,0.0,0.0,913.33,年终盛典，858.000000;2020年12.12天猫年终盛典快单满减，45.160000;taojinbi，10.170000,,,2020-12-12 23:26:25,2020-12-12 23:28:47,,,2020-12-13 11:04:08,2020-12-16 16:08:25,云南省,德宏傣族景颇族自治州,芒市,
TAOBAO,ceres旗舰店,f765181db7ad1315913f6d1f4c072c52,tb120367363,="1437112728442314484",普通订单,交易成功,,1,288.83,0.0,0.0,0.0,908.17,年终盛典，858.000000;2020年12.12天猫年终盛典快单满减，40.000000;taojinbi，10.170000,,,2020-12-12 23:32:22,2020-12-12 23:32:29,,,2020-12-13 11:04:10,2020-12-23 11:35:32,上海市,市辖区,杨浦区,
TAOBAO,ceres旗舰店,4dbd1411b366f938a89817ae7f5b467b,tb625920059,="1437138577932991572",普通订单,交易成功,,3,838.0,0.0,0.0,0.0,2636.0,2020年12.12天猫年终盛典快单满减，120.000000;年终盛典，2496.000000;20，20.000000,,白1*6  红1*1  红1礼盒*1  香槟杯*6  海马刀*3  冰酒礼袋*1  报关单卫检  售后卡,2020-12-12 21:44:30,2020-12-12 21:49:29,,,2020-12-13 10:50:49,2020-12-19 13:35:08,重庆市,市辖区,渝北区,
TAOBAO,ceres旗舰店,11a37cdbde05cebadb9acf2cbdc00666,稚遇最初11022065,="1437497535316312525",普通订单,交易成功,,1,156.54,0.0,0.0,0.0,437.46,年终盛典，415.000000;taojinbi，4.910000;2020年12.12天猫年终盛典快单满减，17.550000,,,2020-12-12 21:18:08,2020-12-12 21:18:13,,,2020-12-13 10:50:49,2020-12-20 13:31:36,重庆市,市辖区,开州区,
TAOBAO,ceres旗舰店,9f41c17b173e8bb6353503f2df9a9f6e,huizhang_07,="1437531625291761482",普通订单,交易成功,,2,555.05,0.0,0.0,0.0,10.0,10，10.000000,保证升平桥，包装完好，谢谢,,2020-12-12 22:35:16,2020-12-13 08:43:34,,,2020-12-13 11:04:06,2020-12-23 11:58:24,江苏省,盐城市,亭湖区,
TAOBAO,ceres旗舰店,d0b1b22bd336c2d2296000d87a41bac5,sarahmiao,="1437684843472500882",普通订单,交易成功,,1,298.68,0.0,0.0,0.0,898.32,taojinbi，0.080000;年终盛典，858.000000;2020年12.12天猫年终盛典快单满减，40.240000,,,2020-12-12 21:45:02,2020-12-12 21:45:09,,,2020-12-13 10:50:39,2020-12-16 09:01:36,山东省,青岛市,崂山区,
TAOBAO,ceres旗舰店,27bf4685bf9191539143a9ced7ce7a19,signorino3,="1437698161691043961",普通订单,交易成功,,1,273.73,0.0,0.0,0.0,884.27,taojinbi，9.780000;年终盛典，832.000000;2020年12.12天猫年终盛典快单满减，42.490000,,,2020-12-12 23:12:40,2020-12-12 23:12:46,,,2020-12-13 11:04:09,2020-12-21 15:33:53,湖南省,郴州市,北湖区,
TAOBAO,ceres旗舰店,6a299561edfcdee93c0e0c6dfdf44025,sakura喵喵,="1437812319451864721",普通订单,交易成功,,1,288.83,0.0,0.0,0.0,908.17,年终盛典，858.000000;2020年12.12天猫年终盛典快单满减，40.000000;taojinbi，10.170000,能送个开瓶器不？,,2020-12-12 22:07:54,2020-12-12 22:07:58,,,2020-12-13 10:50:45,2020-12-23 11:22:01,广东省,深圳市,南山区,
TAOBAO,ceres旗舰店,9d87a5449a140174f1e34ad081842666,我爱我家ddbbmm,="1437948146590175173",普通订单,交易成功,,1,276.22,0.0,0.0,0.0,881.78,年终盛典，832.000000;taojinbi，9.780000;2020年12.12天猫年终盛典快单满减，40.000000,,,2020-12-12 23:00:38,2020-12-12 23:01:07,,,2020-12-13 11:04:06,2020-12-23 11:44:32,山东省,烟台市,蓬莱市,
TAOBAO,ceres旗舰店,d09443c160eee860aed22c35f975cd34,镶我123,="1437989655403024553",普通订单,交易成功,,1,292.97,0.0,0.0,0.0,865.03,2020年12.12天猫年终盛典快单满减，43.540000;taojinbi，2.490000;年终盛典，819.000000,,,2020-12-12 22:33:09,2020-12-12 22:33:29,,,2020-12-13 10:50:50,2020-12-23 12:00:39,河北省,保定市,清苑区,
TAOBAO,ceres旗舰店,e4519a48f359c8c692da8d9be89402c3,wsljt1995,="1438048946018862305",普通订单,交易成功,,1,288.83,0.0,0.0,0.0,908.17,2020年12.12天猫年终盛典快单满减，40.000000;taojinbi，10.170000;年终盛典，858.000000,,,2020-12-12 23:09:57,2020-12-12 23:10:00,,,2020-12-13 11:04:08,2020-12-23 11:52:19,上海市,市辖区,徐汇区,
TAOBAO,ceres旗舰店,67afad4a10a9a6b3e955f9b83f01a44f,tb3388029_2012,="1438101543176125357",普通订单,交易成功,,1,298.37,0.0,0.0,0.0,859.63,2020年12.12天猫年终盛典快单满减，46.950000;年终盛典，802.000000;taojinbi，10.680000,,,2020-12-12 22:43:10,2020-12-12 22:43:17,,,2020-12-13 11:04:08,2020-12-23 12:44:01,山东省,烟台市,龙口市,
TAOBAO,ceres旗舰店,62d565620ea0aa88a64ec670a81b0a9e,阳光的花99,="1438236073167904864",普通订单,交易成功,,1,203.36,0.0,0.0,0.0,390.64,2020年12.12天猫年终盛典快单满减，27.500000;年终盛典，356.000000;taojinbi，7.140000,,,2020-12-12 23:56:31,2020-12-12 23:57:50,,,2020-12-13 11:04:11,2020-12-19 14:58:53,云南省,昆明市,西山区,
TAOBAO,ceres旗舰店,39fae8b3b697132c573e5550f5b76f72,tb97506_66,="1438342236971164077",普通订单,交易成功,,1,327.93,0.0,0.0,0.0,869.07,taojinbi，11.070000;30，30.000000;掌柜推荐，828.000000,,,2020-12-13 12:27:37,2020-12-13 12:27:45,,,2020-12-13 15:18:19,2020-12-21 10:28:05,江苏省,南京市,江宁区,
TAOBAO,ceres旗舰店,3af793f20e12fc7ac1d25b39445a6b2f,猪头小栗子,="1438407180636188131",普通订单,交易成功,,2,660.64,0.0,0.0,0.0,1733.36,30，30.000000;掌柜推荐，1682.000000;taojinbi，21.360000,,发顺丰 白1*4 冰酒礼袋*2 海马刀*2  报关单卫检  售后卡  20差价,2020-12-13 12:49:35,2020-12-13 12:53:16,,,2020-12-13 13:36:20,2020-12-23 13:36:24,云南省,大理白族自治州,大理市,
TAOBAO,ceres旗舰店,df01f2ade86ccb9b6fd8222ee1445ec7,aaashub,="1438463090939241351",普通订单,交易成功,,1,311.52,0.0,0.0,0.0,846.48,年终盛典，789.000000;taojinbi，11.070000;2020年12.12天猫年终盛典快单满减，46.410000,,,2020-12-12 23:52:52,2020-12-12 23:52:59,,,2020-12-13 11:04:09,2020-12-23 12:10:51,福建省,泉州市,丰泽区,
TAOBAO,ceres旗舰店,77627491c01e2fc726f659f451c7d23e,无畏的北极熊,="1438490883472637067",普通订单,交易成功,,1,322.19,0.0,0.0,0.0,874.81,taojinbi，6.810000;2020年12.12天猫年终盛典快单满减，40.000000;年终盛典，828.000000,,,2020-12-12 23:36:19,2020-12-12 23:36:26,,,2020-12-13 11:04:10,2020-12-23 11:39:55,北京市,市辖区,朝阳区,
TAOBAO,ceres旗舰店,52985193f59862e53e2225209cef0c84,sentimental丶阿瑜,="1438513706338123258",普通订单,交易成功,,1,276.22,0.0,0.0,0.0,881.78,2020年12.12天猫年终盛典快单满减，40.000000;taojinbi，9.780000;年终盛典，832.000000,,,2020-12-12 23:58:59,2020-12-12 23:59:03,,,2020-12-13 15:18:18,2020-12-16 14:24:18,山东省,威海市,荣成市,
TAOBAO,ceres旗舰店,0bde55b53556e02546d16c2ee09ff607,安楠家的楠,="1438609755169887966",普通订单,交易成功,,1,290.33,0.0,0.0,0.0,867.67,年终盛典，819.000000;taojinbi，8.670000;2020年12.12天猫年终盛典快单满减，40.000000,,,2020-12-12 23:46:32,2020-12-12 23:46:38,,,2020-12-13 11:04:08,2020-12-23 12:07:11,山东省,济南市,市中区,
TAOBAO,ceres旗舰店,f76f040bc180ce14dfcab701ec220b1f,杨雅乔杨小乔,="1438778486249907432",普通订单,交易成功,,1,185.71,0.0,0.0,0.0,408.29,taojinbi，3.290000;掌柜推荐，405.000000,,,2020-12-13 02:03:15,2020-12-13 02:03:20,,,2020-12-13 15:18:22,2020-12-23 15:18:34,湖南省,长沙市,芙蓉区,
TAOBAO,ceres旗舰店,1cbb3092afbbd69424bfc8767381b281,zxh66020,="1438968528923504454",普通订单,交易成功,,1,395.35,0.0,0.0,0.0,972.65,taojinbi，0.650000;掌柜推荐，942.000000;30，30.000000,,,2020-12-13 16:50:38,2020-12-13 16:50:57,,,2020-12-13 17:47:51,2020-12-23 17:47:53,江苏省,南京市,鼓楼区,
TAOBAO,ceres旗舰店,5adf09137591a9e3f9967a2692e68501,淡定0869,="1439122899734692373",普通订单,交易成功,,3,1772.77,0.0,0.0,0.0,100.0,100，100.000000,,买6瓶送1瓶【数云备注】,2020-12-13 08:35:32,2020-12-13 08:35:44,,,2020-12-13 15:18:21,2020-12-23 15:18:28,陕西省,西安市,未央区,
TAOBAO,ceres旗舰店,b6b0beb529c12c7fffa0699e616213ed,露易1348,="1439167142769444985",普通订单,交易成功,,1,390.42,0.0,0.0,0.0,806.58,掌柜推荐，798.000000;taojinbi，8.580000,,,2020-12-13 10:59:30,2020-12-13 10:59:34,,,2020-12-13 15:18:21,2020-12-15 14:12:57,广东省,东莞市,,
TAOBAO,ceres旗舰店,52f9e0576aaf2a916f82ea3658302714,凝云冰澜19841226,="1439551224881366159",普通订单,交易成功,,1,339.0,0.0,0.0,0.0,858.0,30，30.000000;掌柜推荐，828.000000,,,2020-12-13 20:47:55,2020-12-13 20:48:04,,,2020-12-14 10:21:15,2020-12-24 10:21:26,江苏省,扬州市,广陵区,
TAOBAO,ceres旗舰店,a6f829131c46136c5f6177c52751581a,喜欢雨喜欢海,="1439592984108858161",普通订单,交易成功,,1,357.03,0.0,0.0,0.0,839.97,掌柜推荐，798.000000;30，30.000000;taojinbi，11.970000,,,2020-12-13 20:59:13,2020-12-13 20:59:17,,,2020-12-14 10:21:16,2020-12-24 10:21:24,广东省,广州市,天河区,
TAOBAO,ceres旗舰店,94ee57dbfe808f29b074421193b28181,ytafk,="1439613397035520014",普通订单,交易成功,,1,339.0,0.0,0.0,0.0,858.0,30，30.000000;掌柜推荐，828.000000,,,2020-12-13 15:28:38,2020-12-13 15:28:45,,,2020-12-13 17:47:50,2020-12-18 20:12:44,北京市,市辖区,朝阳区,
TAOBAO,ceres旗舰店,546ff013bcda5c6ec64a8416f18263fa,迟来的爱幸运儿,="1439690689369466432",普通订单,交易成功,,1,368.84,0.0,0.0,0.0,789.16,taojinbi，0.160000;30，30.000000;掌柜推荐，759.000000,,,2020-12-13 16:04:55,2020-12-13 16:05:00,,,2020-12-13 17:47:52,2020-12-23 17:48:06,广东省,广州市,增城区,
TAOBAO,ceres旗舰店,f751c20d432f9a6ce02160942033e6ba,美丽天使静0,="1439839515052727529",普通订单,交易成功,,1,920.11,0.0,0.0,0.0,1863.89,100，100.000000;taojinbi，7.890000;掌柜推荐，1756.000000,,发顺丰,2020-12-13 13:25:22,2020-12-13 13:36:47,,,2020-12-13 15:08:50,2020-12-23 15:08:56,湖南省,湘西土家族苗族自治州,吉首市,
TAOBAO,ceres旗舰店,94da7397dd659e15dd6e205f981045cc,p1608461218,="1439907591089958664",普通订单,交易成功,,1,328.88,0.0,0.0,0.0,868.12,taojinbi，10.120000;掌柜推荐，828.000000;30，30.000000,,,2020-12-13 13:55:08,2020-12-13 13:55:15,,,2020-12-13 15:18:21,2020-12-21 16:57:53,浙江省,宁波市,鄞州区,
TAOBAO,ceres旗舰店,38e1f649ee398474bb0d16e7d66fab89,羔羊小鑫,="1441083854721927863",普通订单,交易成功,,1,916.22,0.0,0.0,0.0,1867.78,掌柜推荐，1756.000000;100，100.000000;taojinbi，11.780000,,,2020-12-14 01:42:25,2020-12-14 01:42:32,,,2020-12-14 10:21:15,2020-12-24 10:21:27,甘肃省,庆阳市,西峰区,
TAOBAO,ceres旗舰店,6fc19295e9d5392ee189d7ed8a36718a,吴迩凡,="1441111431719427477",普通订单,交易成功,,1,332.64,0.0,0.0,0.0,864.36,30，30.000000;taojinbi，6.360000;掌柜推荐，828.000000,,,2020-12-13 22:33:46,2020-12-13 22:33:50,,,2020-12-14 10:21:16,2020-12-24 10:21:25,北京市,市辖区,石景山区,
TAOBAO,ceres旗舰店,bda2d4e5058b8bc7a37a27d69035a018,纳兰如花88,="1441302660299433634",普通订单,交易成功,,1,329.1,0.0,0.0,0.0,867.9,30，30.000000;掌柜推荐，828.000000;taojinbi，9.900000,,,2020-12-14 17:53:45,2020-12-14 17:53:49,,,2020-12-15 10:24:27,2020-12-18 18:31:27,北京市,市辖区,海淀区,
TAOBAO,ceres旗舰店,3a4205599baf8e5f99290c7f50bc095f,wanqi348544583,="1441588791103381062",普通订单,交易成功,,1,331.22,0.0,0.0,0.0,826.78,掌柜推荐，789.000000;taojinbi，7.780000;30，30.000000,,,2020-12-14 10:11:35,2020-12-14 10:11:38,,,2020-12-14 15:12:37,2020-12-24 15:12:43,北京市,市辖区,海淀区,
TAOBAO,ceres旗舰店,a5e2c417b9a447c68676c7f9094a4c98,陈焕婷baby,="1442383416841069258",普通订单,交易成功,,1,324.96,0.0,0.0,0.0,833.04,taojinbi，1.040000;掌柜推荐，802.000000;30，30.000000,,,2020-12-15 10:23:15,2020-12-15 10:39:44,,,2020-12-15 15:20:02,2020-12-25 15:20:13,江苏省,常州市,武进区,
TAOBAO,ceres旗舰店,3b6464c128bd2221ad7815c3113bfbb7,tb239955076,="1442408365228141177",普通订单,交易成功,,1,360.93,0.0,0.0,0.0,836.07,taojinbi，8.070000;掌柜推荐，828.000000,,,2020-12-14 19:56:24,2020-12-14 19:56:32,,,2020-12-15 10:24:27,2020-12-17 13:01:05,北京市,市辖区,西城区,
TAOBAO,ceres旗舰店,6667d72a2cb49baa3a56bcdd836c08b3,无愁河的汉子,="1442815778559090037",普通订单,交易成功,,1,363.74,0.0,0.0,0.0,833.26,taojinbi，5.260000;30，30.000000;掌柜推荐，798.000000,,差价30元  已退,2020-12-14 20:48:45,2020-12-14 20:48:50,,,2020-12-15 10:24:28,2020-12-18 21:50:07,山东省,济南市,历城区,
TAOBAO,ceres旗舰店,78dba4c94d02069c03515ad1f8dcb3e7,小普猪猪,="1442843965811197282",普通订单,交易成功,,1,327.93,0.0,0.0,0.0,869.07,taojinbi，11.070000;掌柜推荐，828.000000;30，30.000000,,,2020-12-14 23:58:16,2020-12-14 23:58:19,,,2020-12-15 10:24:29,2020-12-25 10:24:38,上海市,市辖区,长宁区,
TAOBAO,ceres旗舰店,2fb3714bc9eeafed2db98ad224cffdca,stbear58,="1443172824080324186",普通订单,交易成功,,1,358.97,0.0,0.0,0.0,799.03,30，30.000000;掌柜推荐，759.000000;taojinbi，10.030000,,,2020-12-15 15:47:53,2020-12-15 15:47:58,,,2020-12-15 17:51:02,2020-12-18 00:49:12,北京市,市辖区,海淀区,
TAOBAO,ceres旗舰店,6cb5015511b1fedf277ee8bea5884f67,小涩920910,="1443415611406955664",普通订单,交易成功,,1,330.96,0.0,0.0,0.0,866.04,掌柜推荐，828.000000;30，30.000000;taojinbi，8.040000,包装盒请表明易碎物品，提醒物流注意安全 谢谢！,白1*1 红1*1 香槟杯*2 海马刀*1 小兔酒塞*1 报关单卫检 售后卡,2020-12-15 00:26:42,2020-12-15 00:27:05,,,2020-12-15 10:24:27,2020-12-25 10:24:41,湖北省,恩施土家族苗族自治州,来凤县,
TAOBAO,ceres旗舰店,18b75bf4c2636212a159fc2326b3d8ee,张飞陆,="1443980485726642780",普通订单,交易成功,,1,315.32,0.0,0.0,0.0,842.68,taojinbi，10.680000;掌柜推荐，802.000000;30，30.000000,,,2020-12-15 15:46:43,2020-12-15 15:46:52,,,2020-12-15 17:51:02,2020-12-19 11:55:22,河北省,衡水市,桃城区,
TAOBAO,ceres旗舰店,7e8d97703dca53a14d94f2450e2f04a4,yulyqq520,="1444133846624981168",普通订单,交易成功,,1,315.32,0.0,0.0,0.0,842.68,taojinbi，10.680000;掌柜推荐，802.000000;30，30.000000,,发顺丰！！！,2020-12-15 14:32:22,2020-12-15 14:32:28,,,2020-12-15 17:41:48,2020-12-25 17:41:56,上海市,市辖区,嘉定区,
TAOBAO,ceres旗舰店,16f472d04e2020837dc77f8d4cd03f04,大嘴巴鸟,="1444301498360880968",普通订单,交易成功,,1,327.93,0.0,0.0,0.0,830.07,taojinbi，11.070000;掌柜推荐，789.000000;30，30.000000,,,2020-12-15 15:53:52,2020-12-15 15:54:05,,,2020-12-15 17:51:01,2020-12-18 21:38:19,山东省,济宁市,任城区,
TAOBAO,ceres旗舰店,1b0f1628a0484b06bb23c7de3f130b86,wuwuaiwanqqt7,="1444521063177806542",普通订单,交易成功,,1,923.25,0.0,0.0,0.0,1860.75,掌柜推荐，1856.000000;taojinbi，4.750000,,,2020-12-15 15:34:13,2020-12-15 15:34:19,,,2020-12-15 17:51:01,2020-12-25 17:51:06,江苏省,南通市,,
TAOBAO,ceres旗舰店,74b32ec956ee06a51dd160ca91f72eb5,罗曼史的馨,="1444608288511155452",普通订单,交易成功,,1,327.93,0.0,0.0,0.0,869.07,taojinbi，11.070000;30，30.000000;掌柜推荐，828.000000,,白1红1自饮套餐*1  动物酒塞*1  差价30  已退,2020-12-16 10:16:53,2020-12-16 10:16:58,,,2020-12-16 15:23:14,2020-12-26 15:23:24,广东省,深圳市,南山区,
TAOBAO,ceres旗舰店,c02d0590953d446918cd603000b79a97,lawayxiaoc,="1444692027172259550",普通订单,交易成功,,1,315.32,0.0,0.0,0.0,842.68,30，30.000000;taojinbi，10.680000;掌柜推荐，802.000000,,,2020-12-15 16:56:57,2020-12-15 16:57:02,,,2020-12-15 17:51:02,2020-12-25 17:51:14,河南省,郑州市,管城回族区,
TAOBAO,ceres旗舰店,e53c9b89164ccdc944100de458289c88,朱攸若,="1445409216599095960",普通订单,交易成功,,1,362.3,0.0,0.0,0.0,834.7,30，30.000000;掌柜推荐，798.000000;taojinbi，6.700000,,,2020-12-16 15:57:57,2020-12-16 15:58:31,,,2020-12-16 17:43:51,2020-12-26 17:43:56,浙江省,湖州市,吴兴区,
TAOBAO,ceres旗舰店,b40861f7951b04eaa44d198d2c9dee6a,魔王777,="1445556315064676086",普通订单,交易成功,,1,357.03,0.0,0.0,0.0,839.97,30，30.000000;掌柜推荐，798.000000;taojinbi，11.970000,,,2020-12-15 23:16:18,2020-12-15 23:16:22,,,2020-12-16 10:18:56,2020-12-18 10:22:08,江苏省,苏州市,张家港市,
TAOBAO,ceres旗舰店,dce102dc7cc355e3d6a932d5b0f28049,openspace123,="1445607324642571360",普通订单,交易成功,,1,344.42,0.0,0.0,0.0,813.58,30，30.000000;掌柜推荐，772.000000;taojinbi，11.580000,,,2020-12-16 17:24:05,2020-12-16 17:24:09,,,2020-12-16 17:43:51,2020-12-19 23:31:55,湖北省,武汉市,武昌区,
TAOBAO,ceres旗舰店,ef745b0173562802f558f3d720d6c906,夜微凉935,="1446073236510028744",普通订单,交易成功,,1,369.0,0.0,0.0,0.0,828.0,掌柜推荐，798.000000;30，30.000000,,白1*1 红1*1 红1礼盒*1 白1礼盒*1 香槟杯*2 冰酒礼袋*1  海马刀倒酒器*1   不要放售后卡和报关单卫检,2020-12-16 20:41:59,2020-12-16 20:51:55,,,2020-12-17 10:37:03,2020-12-27 10:37:16,河北省,石家庄市,长安区,
TAOBAO,ceres旗舰店,9325d06b6b842a04a15950435453663c,张思翰1010,="1446531768385022322",普通订单,交易成功,,1,298.83,0.0,0.0,0.0,898.17,15，15.000000;吃货价，858.000000;taojinbi，10.170000;吃货购物券，15.000000,,,2020-12-17 04:23:36,2020-12-17 04:25:47,,,2020-12-17 10:37:02,2020-12-24 00:52:29,湖北省,黄石市,下陆区,
TAOBAO,ceres旗舰店,573a0ffe9a3dd0a7b00d50faf780b8b4,晨曦_s,="1446958623950974884",普通订单,交易成功,,1,320.21,0.0,0.0,0.0,837.79,掌柜推荐，802.000000;30，30.000000;taojinbi，5.790000,,白2*2 白2礼盒*1 冰酒礼袋*1 海马刀倒酒器  报关单卫检 售后卡,2020-12-16 17:26:00,2020-12-16 19:14:58,,,2020-12-17 10:27:23,2020-12-25 21:25:28,浙江省,金华市,永康市,
TAOBAO,ceres旗舰店,8529bc21af00c2b0890bc4f08ce6f4ac,风雨彩虹xhx,="1448022783408842682",普通订单,交易成功,,1,298.83,0.0,0.0,0.0,859.17,吃货价，819.000000;15，15.000000;吃货购物券，15.000000;taojinbi，10.170000,,,2020-12-17 08:53:42,2020-12-17 08:53:48,,,2020-12-17 10:27:24,2020-12-22 05:42:19,浙江省,温州市,瑞安市,
TAOBAO,ceres旗舰店,c61a3ce0cb6a8a06efa1ab71b4918702,tb0292804_99,="1448493336655807647",普通订单,交易成功,,1,923.0,0.0,0.0,0.0,1861.0,85，85.000000;吃货价，1776.000000,,红3*2  香槟杯*2  海马刀*1  白猫酒塞*1  报关单卫检  售后卡 ,2020-12-17 22:20:06,2020-12-17 22:20:10,,,2020-12-18 10:34:57,2020-12-28 10:35:08,天津市,市辖区,河西区,
TAOBAO,ceres旗舰店,8d435a8e1cc4f3dabeeabbd726531ca8,gmiaoyun,="1448525952258635657",普通订单,交易成功,,1,334.35,0.0,0.0,0.0,823.65,taojinbi，4.650000;吃货购物券，15.000000;吃货价，789.000000;15，15.000000,,发顺丰 不要放 报关单售后卡等东西,2020-12-17 22:34:20,2020-12-17 22:37:35,,,2020-12-18 10:26:19,2020-12-28 10:26:24,广东省,深圳市,罗湖区,
TAOBAO,ceres旗舰店,2ce74bc5c91df0d41b58fbdd96611f3f,希望的心7,="1448603606472926875",普通订单,交易成功,,1,350.99,0.0,0.0,0.0,846.01,15，15.000000;吃货价，808.000000;taojinbi，8.010000;吃货购物券，15.000000,,甄选冰白冰红礼盒套餐*1 动物酒塞*1,2020-12-17 14:52:17,2020-12-17 14:52:26,,,2020-12-17 15:15:43,2020-12-27 15:15:52,江苏省,南京市,江宁区,
TAOBAO,ceres旗舰店,1470ad53e187e38aa4fd2851bab6aa96,tb033234437,="1448680178004945327",普通订单,交易成功,,1,981.58,0.0,0.0,0.0,2492.42,吃货价，2386.000000;85，85.000000;吃货购物券，15.000000;taojinbi，6.420000,,白1*7 白1礼盒*6 海马刀*3 礼袋*3 报关单卫检 售后卡,2020-12-17 15:29:29,2020-12-17 15:29:46,,,2020-12-17 17:38:13,2020-12-27 17:38:29,广东省,云浮市,新兴县,
TAOBAO,ceres旗舰店,4cf5b7b858a3e14ccd8c6b8800d518aa,qqqpoison,="1448825870141381958",普通订单,交易成功,,1,353.47,0.0,0.0,0.0,804.53,taojinbi，0.530000;吃货价，789.000000;15，15.000000,,,2020-12-17 16:41:50,2020-12-17 16:41:54,,,2020-12-17 17:38:13,2020-12-19 11:56:15,上海市,市辖区,宝山区,
TAOBAO,ceres旗舰店,45f6b9388be33e1893d062b70791a86e,珏郗一,="1448851611535748412",普通订单,交易成功,,1,298.83,0.0,0.0,0.0,859.17,吃货价，819.000000;吃货购物券，15.000000;taojinbi，10.170000;15，15.000000,,典藏冰白冰红自饮套餐*1  动物酒塞*1 报关单卫检售后卡,2020-12-17 14:54:14,2020-12-17 14:54:18,,,2020-12-17 15:15:43,2020-12-27 11:58:10,四川省,成都市,成华区,
TAOBAO,ceres旗舰店,c61a3ce0cb6a8a06efa1ab71b4918702,tb0292804_99,="1449604982670807647",普通订单,交易成功,,1,768.0,0.0,0.0,0.0,2016.0,85，85.000000;吃货价，1916.000000;吃货购物券，15.000000,,,2020-12-17 22:19:23,2020-12-17 22:19:29,,,2020-12-18 10:34:56,2020-12-28 10:35:07,天津市,市辖区,河西区,
TAOBAO,ceres旗舰店,28c4814dfbb7f1207d8ce17bf9a1cb6f,wjgqdyqbshm,="1449725402600111978",普通订单,交易成功,,1,158.63,0.0,0.0,0.0,435.37,吃货价，415.000000;taojinbi，5.370000;吃货购物券，15.000000,,,2020-12-17 23:29:11,2020-12-17 23:29:31,,,2020-12-18 10:34:55,2020-12-28 10:35:05,广东省,广州市,番禺区,
TAOBAO,ceres旗舰店,7d1704a709c1a8eed1a9253e18dfbca9,cmx718,="1449765614054272185",普通订单,交易成功,,1,853.96,0.0,0.0,0.0,1930.04,taojinbi，29.040000;85，85.000000;吃货价，1816.000000,,白3*1 红3*1  香槟杯*2  海马刀*1  黑猫酒塞*1  报关单卫检  售后卡,2020-12-17 23:59:12,2020-12-17 23:59:17,,,2020-12-18 10:34:56,2020-12-28 10:35:08,广东省,佛山市,南海区,
TAOBAO,ceres旗舰店,ce5e894f3eb490b659d692d65c274ebf,猪泥马,="1449829875027416545",普通订单,交易成功,,1,343.94,0.0,0.0,0.0,814.06,吃货价，789.000000;taojinbi，10.060000;15，15.000000,,,2020-12-17 22:02:37,2020-12-17 22:02:42,,,2020-12-18 10:34:56,2020-12-25 14:31:15,浙江省,绍兴市,越城区,
TAOBAO,ceres旗舰店,5172de5f198e5857fc53efa0b242c5fb,547957827kai,="1450059951353454127",普通订单,交易成功,,1,289.19,0.0,0.0,0.0,868.81,15，15.000000;吃货购物券，15.000000;taojinbi，6.810000;吃货价，832.000000,,,2020-12-18 00:56:39,2020-12-18 00:56:53,,,2020-12-18 10:34:57,2020-12-25 14:26:25,广东省,汕头市,澄海区,
TAOBAO,ceres旗舰店,00d36f2b54ab5091187c6613efdc4f4e,亲亲1212宝贝,="1450667414491519574",普通订单,交易成功,,1,334.91,0.0,0.0,0.0,823.09,taojinbi，4.090000;15，15.000000;吃货购物券，15.000000;吃货价，789.000000,,发顺丰！！！ 白2红2礼盒套餐*1    动物酒塞*1 ,2020-12-18 13:49:34,2020-12-18 13:49:39,,,2020-12-18 15:02:11,2020-12-20 20:39:58,广东省,深圳市,罗湖区,
TAOBAO,ceres旗舰店,2672030ef4fbcd6e18df70fe8c636d59,blueabysstaobao,="1451311093618613537",普通订单,交易成功,,1,286.22,0.0,0.0,0.0,871.78,taojinbi，9.780000;吃货购物券，15.000000;吃货价，832.000000;15，15.000000,,,2020-12-18 20:43:16,2020-12-18 20:43:23,,,2020-12-19 10:32:45,2020-12-29 10:32:58,北京市,市辖区,朝阳区,
TAOBAO,ceres旗舰店,818d06ef93a2bbc6eb47d3470c942742,cheney005,="1451342703927570047",普通订单,交易成功,,1,342.93,0.0,0.0,0.0,854.07,taojinbi，11.070000;吃货价，828.000000;15，15.000000,,,2020-12-18 17:16:02,2020-12-18 17:16:07,,,2020-12-18 17:37:26,2020-12-22 16:29:06,北京市,市辖区,朝阳区,
TAOBAO,ceres旗舰店,6ec4f862250f44186d08dd9b79872c5e,peiyajun2012,="1451464273370075468",普通订单,交易成功,,1,286.22,0.0,0.0,0.0,871.78,taojinbi，9.780000;吃货价，832.000000;吃货购物券，15.000000;15，15.000000,,,2020-12-18 21:54:37,2020-12-18 21:54:45,,,2020-12-19 10:32:46,2020-12-29 10:32:51,浙江省,台州市,临海市,
TAOBAO,ceres旗舰店,bf4159bf28af8a48ba71a04105d3fea5,myheaven凉,="1451633113555650470",普通订单,交易成功,,1,296.0,0.0,0.0,0.0,862.0,吃货购物券，15.000000;15，15.000000;吃货价，832.000000,,,2020-12-18 23:32:34,2020-12-18 23:32:39,,,2020-12-19 10:32:44,2020-12-29 10:32:54,上海市,市辖区,浦东新区,
TAOBAO,ceres旗舰店,8b68d76324488af78a62214a7319eb22,苏慕凉2011,="1451657847400695048",普通订单,交易成功,,1,325.31,0.0,0.0,0.0,832.69,15，15.000000;吃货购物券，15.000000;taojinbi，0.690000;吃货价，802.000000,,,2020-12-18 19:23:28,2020-12-18 19:23:34,,,2020-12-19 10:32:47,2020-12-29 10:32:54,浙江省,宁波市,鄞州区,
TAOBAO,ceres旗舰店,916df812464b862b8476581d52047678,陈肖陈肖,="1451669364832352970",普通订单,交易成功,,1,314.5,0.0,0.0,0.0,843.5,15，15.000000;taojinbi，9.500000;吃货价，819.000000,,,2020-12-19 13:05:52,2020-12-19 13:05:58,,,2020-12-19 15:27:15,2020-12-29 15:27:27,广东省,广州市,黄埔区,
TAOBAO,ceres旗舰店,168b794738fc818f57c4a0a72ecfaad2,阿杜110188,="1451917262068337881",普通订单,交易成功,,1,757.96,0.0,0.0,0.0,2026.04,85，85.000000;taojinbi，10.040000;吃货价，1916.000000;吃货购物券，15.000000,,,2020-12-18 23:30:55,2020-12-18 23:31:10,,,2020-12-19 10:32:46,2020-12-29 10:32:57,江苏省,南京市,雨花台区,
TAOBAO,ceres旗舰店,bec53b97ee5fb585fde029bbc01d8d1e,ljjiao1115,="1451947897334479027",普通订单,交易成功,,1,308.99,0.0,0.0,0.0,888.01,吃货价，858.000000;taojinbi，0.010000;吃货购物券，15.000000;15，15.000000,,,2020-12-19 09:34:34,2020-12-19 09:34:38,,,2020-12-19 15:27:15,2020-12-22 16:32:35,北京市,市辖区,大兴区,
TAOBAO,ceres旗舰店,a715a294dc0b767772005b55aa2a1330,linda90529,="1452092295812338719",普通订单,交易成功,,1,286.22,0.0,0.0,0.0,871.78,吃货价，832.000000;taojinbi，9.780000;吃货购物券，15.000000;15，15.000000,请帮忙写一张卡片 Merry Christmas！,,2020-12-18 22:48:39,2020-12-18 22:48:48,,,2020-12-19 10:32:45,2020-12-29 10:32:52,天津市,市辖区,和平区,
TAOBAO,ceres旗舰店,864b9de1a94e7929c73e6ed7840e8fa8,巴黎星空下的幸福,="1452260198624639943",普通订单,交易成功,,1,339.0,0.0,0.0,0.0,858.0,吃货购物券，15.000000;15，15.000000;吃货价，828.000000,,,2020-12-19 09:53:09,2020-12-19 09:53:23,,,2020-12-19 15:27:15,2020-12-29 15:27:26,浙江省,杭州市,萧山区,
TAOBAO,ceres旗舰店,9c5cd5cfde2fcba3e804d2fc1a66513d,焦玉枝5891,="1452363876265515560",普通订单,交易成功,,1,288.19,0.0,0.0,0.0,869.81,吃货购物券，15.000000;吃货价，832.000000;taojinbi，7.810000;15，15.000000,,,2020-12-19 17:58:59,2020-12-19 17:59:04,,,2020-12-20 10:18:52,2020-12-26 06:36:36,湖北省,宜昌市,,
TAOBAO,ceres旗舰店,1a8711303185d5b07067b9f309b8df28,韩爱小牛牛,="1452406791378710231",普通订单,交易成功,,1,330.32,0.0,0.0,0.0,827.68,15，15.000000;吃货价，802.000000;taojinbi，10.680000,,,2020-12-19 08:58:59,2020-12-19 08:59:08,,,2020-12-19 15:27:14,2020-12-29 15:27:23,北京市,市辖区,海淀区,
TAOBAO,ceres旗舰店,2e0c5ab245f70e4ab1098dd2fe93a230,黄芷君no,="1452501109119942466",普通订单,交易成功,,1,158.63,0.0,0.0,0.0,435.37,taojinbi，5.370000;吃货价，415.000000;吃货购物券，15.000000,,,2020-12-19 12:59:43,2020-12-19 12:59:47,,,2020-12-19 15:27:14,2020-12-29 15:27:29,广东省,广州市,增城区,
TAOBAO,ceres旗舰店,25d96a5072e2cec7ffd6af6225d740e7,xqh0113,="1452707067149581931",普通订单,交易成功,,1,325.88,0.0,0.0,0.0,832.12,吃货购物券，15.000000;taojinbi，0.120000;15，15.000000;吃货价，802.000000,,白1双支礼盒套餐*1 动物酒塞*1,2020-12-19 11:16:57,2020-12-19 11:17:02,,,2020-12-19 15:27:14,2020-12-21 08:22:00,上海市,市辖区,闵行区,
TAOBAO,ceres旗舰店,2930c76753a5ab473916146c8f6a3570,gonggaoding,="1452766358138506215",普通订单,交易成功,,1,316.63,0.0,0.0,0.0,841.37,吃货购物券，15.000000;taojinbi，9.370000;15，15.000000;吃货价，802.000000,,,2020-12-19 12:51:16,2020-12-19 12:51:36,,,2020-12-19 15:27:15,2020-12-23 15:46:37,浙江省,宁波市,余姚市,
TAOBAO,ceres旗舰店,874e9bb1a3c2d8b725a20a1407efc3cb,qwe2252099,="1452905605786507165",普通订单,交易成功,,1,324.11,0.0,0.0,0.0,833.89,吃货价，802.000000;吃货购物券，15.000000;taojinbi，1.890000;15，15.000000,,,2020-12-19 16:05:23,2020-12-19 16:05:38,,,2020-12-19 17:38:10,2020-12-29 17:38:16,北京市,市辖区,朝阳区,
TAOBAO,ceres旗舰店,a715a294dc0b767772005b55aa2a1330,linda90529,="1453092518915338719",普通订单,交易成功,,1,305.69,0.0,0.0,0.0,891.31,taojinbi，3.310000;吃货价，858.000000;吃货购物券，15.000000;15，15.000000,请帮忙写一张圣诞卡，Merry X-mas，  from Linda ,贺卡,2020-12-19 15:20:21,2020-12-19 15:20:26,,,2020-12-19 17:38:10,2020-12-29 17:38:14,广东省,深圳市,福田区,
TAOBAO,ceres旗舰店,b1d8bd8a8f7a650fa6ae06c5ed4fa3cf,男神夫人哦,="1453207467128570669",普通订单,交易成功,,1,301.22,0.0,0.0,0.0,856.78,taojinbi，9.780000;吃货价，832.000000;15，15.000000,,,2020-12-19 14:26:00,2020-12-19 14:26:20,,,2020-12-19 17:38:09,2020-12-29 17:38:15,广西壮族自治区,玉林市,玉州区,
TAOBAO,ceres旗舰店,07dce7f811d3cdf2cae9cecbbd0654f1,曹冬雷1111113333,="1453258765266622915",普通订单,交易成功,,1,303.09,0.0,0.0,0.0,893.91,taojinbi，5.910000;吃货价，858.000000;15，15.000000;吃货购物券，15.000000,,,2020-12-19 18:22:25,2020-12-19 18:23:24,,,2020-12-20 10:18:53,2020-12-29 10:08:45,浙江省,宁波市,海曙区,
TAOBAO,ceres旗舰店,010a667ad0ecbc0e8608f62621ebff89,灰常不二,="1453423285369151746",普通订单,交易成功,,1,173.38,0.0,0.0,0.0,420.62,taojinbi，0.620000;吃货购物券，15.000000;吃货价，405.000000,,,2020-12-19 19:30:40,2020-12-19 19:30:46,,,2020-12-20 10:18:51,2020-12-30 10:18:58,北京市,市辖区,朝阳区,
TAOBAO,ceres旗舰店,dcd7c4c263cc6d1cdd7c414926607c85,王洛购物,="1453429657493065637",普通订单,交易成功,,3,929.72,0.0,0.0,0.0,2544.28,taojinbi，2.280000;吃货价，2457.000000;85，85.000000,,买6瓶送1瓶【数云备注】,2020-12-19 19:33:28,2020-12-19 19:33:34,,,2020-12-20 10:18:52,2020-12-24 21:58:21,湖南省,长沙市,开福区,
TAOBAO,ceres旗舰店,851cfc79bb95e66718782f56fb5e8f8b,海苔电脑,="1453553427294810423",普通订单,交易成功,,1,286.22,0.0,0.0,0.0,871.78,taojinbi，9.780000;15，15.000000;吃货价，832.000000;吃货购物券，15.000000,,,2020-12-19 16:57:07,2020-12-19 16:57:36,,,2020-12-19 17:38:10,2020-12-29 17:38:17,江苏省,南京市,玄武区,
TAOBAO,ceres旗舰店,01424f893d9a87bbd8b2dcb7a3451d7e,aainsect,="1453600766771081351",普通订单,交易成功,,1,315.32,0.0,0.0,0.0,842.68,taojinbi，10.680000;吃货购物券，15.000000;吃货价，802.000000;15，15.000000,,,2020-12-19 18:42:55,2020-12-19 18:43:00,,,2020-12-20 10:18:53,2020-12-30 10:19:07,上海市,市辖区,浦东新区,
TAOBAO,ceres旗舰店,81ad14403bfa52158c43f6a1204486a1,tb336206970,="1453632949130229684",普通订单,交易成功,,1,173.63,0.0,0.0,0.0,420.37,taojinbi，5.370000;吃货价，415.000000,,,2020-12-19 20:59:23,2020-12-19 20:59:29,,,2020-12-20 10:18:55,2020-12-28 08:31:29,北京市,市辖区,海淀区,
TAOBAO,ceres旗舰店,0589f85ae491cb5ec2617410563b381e,tb369054721,="1454044682039120140",普通订单,交易成功,,1,315.32,0.0,0.0,0.0,842.68,taojinbi，10.680000;15，15.000000;吃货购物券，15.000000;吃货价，802.000000,,发顺丰,2020-12-19 21:56:20,2020-12-19 21:56:24,,,2020-12-20 10:13:33,2020-12-22 20:33:04,广东省,深圳市,福田区,
TAOBAO,ceres旗舰店,68906c57d18e49932c0adc0f315fce15,serendqingtian,="1454147246862592669",普通订单,交易成功,,1,350.48,0.0,0.0,0.0,846.52,15，15.000000;taojinbi，3.520000;吃货价，828.000000,,,2020-12-19 22:53:45,2020-12-19 22:53:49,,,2020-12-20 10:18:54,2020-12-30 10:19:04,北京市,市辖区,朝阳区,
TAOBAO,ceres旗舰店,97ca9e057e01fdf8f3f558a5aa9ded8e,tb81116674,="1454539935279783121",普通订单,交易成功,,1,325.49,0.0,0.0,0.0,832.51,30，30.000000;掌柜推荐，802.000000;taojinbi，0.510000,,,2020-12-20 01:24:07,2020-12-20 01:24:11,,,2020-12-20 10:18:52,2020-12-27 20:27:54,北京市,市辖区,海淀区,
TAOBAO,ceres旗舰店,cd8b14f28f298119f5c3555dc41efd5c,风云老凡祖,="1454547278423476669",普通订单,交易成功,,1,366.03,0.0,0.0,0.0,791.97,30，30.000000;掌柜推荐，759.000000;taojinbi，2.970000,,,2020-12-20 09:54:20,2020-12-20 09:54:34,,,2020-12-20 15:10:01,2020-12-30 15:10:07,山东省,济南市,市中区,
TAOBAO,ceres旗舰店,13f5bb28661603ffd13a65196ab97269,tb624493340,="1455259898117264257",普通订单,交易成功,,1,367.85,0.0,0.0,0.0,829.15,30，30.000000;taojinbi，1.150000;掌柜推荐，798.000000,,,2020-12-20 14:20:49,2020-12-20 14:20:55,,,2020-12-20 17:42:44,2020-12-29 15:24:58,上海市,市辖区,黄浦区,
TAOBAO,ceres旗舰店,acadbf34f7982410748a10763f4f600e,光撒地面,="1455404040369981076",普通订单,交易成功,,1,357.93,0.0,0.0,0.0,839.07,taojinbi，11.070000;礼遇价，828.000000,,,2020-12-21 00:00:24,2020-12-21 00:00:29,,,2020-12-21 10:26:32,2020-12-31 10:26:44,北京市,市辖区,朝阳区,
TAOBAO,ceres旗舰店,44c9a702a80052a9e132babda2a15ba9,丿top灬二强,="1455413616707327315",普通订单,交易成功,,1,303.97,0.0,0.0,0.0,854.03,双旦礼遇购物券，30.000000;礼遇价，819.000000;taojinbi，5.030000,,发顺丰 白2*1  红2*1  香槟杯*2  海马刀*1  小狗酒塞*1  报关单卫检  售后卡 ,2020-12-21 00:02:35,2020-12-21 00:02:42,,,2020-12-21 10:21:21,2020-12-31 10:21:33,内蒙古自治区,包头市,东河区,
TAOBAO,ceres旗舰店,a8b0cfd9302dd6114b815d36fb121a23,stephenheven,="1455415778262710484",普通订单,交易成功,,1,357.03,0.0,0.0,0.0,800.97,掌柜推荐，759.000000;taojinbi，11.970000;30，30.000000,,,2020-12-20 15:31:29,2020-12-20 15:31:35,,,2020-12-20 17:42:43,2020-12-30 17:42:52,北京市,市辖区,东城区,
TAOBAO,ceres旗舰店,4743a80cf7bab4eb342d28910dce16e4,桑园玩具,="1456071841365566835",普通订单,交易成功,,1,957.79,0.0,0.0,0.0,1826.21,100，100.000000;掌柜推荐，1716.000000;taojinbi，10.210000,,发顺丰 红3*2 红3礼盒*2 香槟杯*2  海马刀*1 爱心酒塞*1 冰酒礼袋*1 报关单卫检  售后卡 差价90元  已退,2020-12-20 22:16:28,2020-12-20 22:16:36,,,2020-12-21 09:08:31,2020-12-28 00:27:08,河南省,新乡市,长垣县,
TAOBAO,ceres旗舰店,72bc76a64c53981fe2dac8e16eea53ca,sxli_05,="1456085738925176820",普通订单,交易成功,,1,327.93,0.0,0.0,0.0,869.07,taojinbi，11.070000;掌柜推荐，828.000000;30，30.000000,,白1*1 红1*1  香槟杯*2  海马刀*1  爱心酒塞*1  报关单卫检  售后卡 ,2020-12-20 20:04:29,2020-12-20 20:10:20,,,2020-12-21 10:26:32,2020-12-23 19:11:38,福建省,厦门市,翔安区,
TAOBAO,ceres旗舰店,50e148fe56b7199e2f54c4e2fc93a14a,abc999111aaa,="1456472484735132622",普通订单,交易成功,,2,607.0,0.0,0.0,0.0,1709.0,taojinbi，15.000000;礼遇价，1664.000000;30，30.000000,,,2020-12-21 14:21:59,2020-12-21 14:26:42,,,2020-12-21 17:39:41,2020-12-31 17:39:56,河南省,南阳市,内乡县,
TAOBAO,ceres旗舰店,62e04ba1c7a95463b893bb89ae49331d,tb025331704,="1456526055693181039",普通订单,交易成功,,1,369.0,0.0,0.0,0.0,789.0,掌柜推荐，759.000000;30，30.000000,,,2020-12-20 21:32:40,2020-12-20 21:34:41,,,2020-12-21 10:20:36,2020-12-31 10:20:44,江苏省,南京市,雨花台区,
TAOBAO,ceres旗舰店,fc0ac516c05abfcc6cd3e7f68e07ceb5,luqiong1021,="1456553484688546836",普通订单,交易成功,,1,201.76,0.0,0.0,0.0,452.24,taojinbi，6.240000;礼遇价，446.000000,,,2020-12-21 14:58:36,2020-12-21 14:58:43,,,2020-12-21 17:39:41,2020-12-23 10:54:12,上海市,市辖区,静安区,
TAOBAO,ceres旗舰店,c92815a7835f4185b8de875e13599ddf,狼烟血戒,="1456571882125944464",普通订单,交易成功,,1,309.0,0.0,0.0,0.0,888.0,礼遇价，858.000000;双旦礼遇购物券，30.000000,,白1*1  红1*1  香槟杯*2  海马刀*1 白猫酒塞*1 报关单卫检  售后卡 ,2020-12-21 00:11:08,2020-12-21 00:11:14,,,2020-12-21 10:26:32,2020-12-31 10:26:34,广东省,深圳市,宝安区,
TAOBAO,ceres旗舰店,1f02f8d2ec5dca42f95074fc8b589fa3,caught,="1456651190985701531",普通订单,交易成功,,1,166.51,0.0,0.0,0.0,427.49,双旦礼遇购物券，16.820000;礼遇价，405.000000;taojinbi，5.670000,,,2020-12-21 01:30:39,2020-12-21 01:30:51,,,2020-12-21 10:20:36,2020-12-22 19:10:16,上海市,市辖区,宝山区,
TAOBAO,ceres旗舰店,7cb2284dd3210c73266f2c980d2e330f,tmac小鑫0802,="1456728519226266876",普通订单,交易成功,,1,317.3,0.0,0.0,0.0,840.7,掌柜推荐，802.000000;taojinbi，8.700000;30，30.000000,,,2020-12-20 23:25:03,2020-12-20 23:25:08,,,2020-12-21 10:26:32,2020-12-31 10:26:45,海南省,三亚市,吉阳区,
TAOBAO,ceres旗舰店,50ef91959c45acbdd294a4826a163a58,逗比去哪了6,="1456956397421566469",普通订单,交易成功,,1,298.83,0.0,0.0,0.0,859.17,礼遇价，819.000000;双旦礼遇购物券，30.000000;taojinbi，10.170000,,白2红2自饮套餐*1 动物酒塞*1,2020-12-21 11:54:07,2020-12-21 11:54:12,,,2020-12-21 15:21:05,2020-12-31 15:21:13,广东省,广州市,天河区,
TAOBAO,ceres旗舰店,6d2be6b64ef266f7ece520f21c52ef5e,超民夫人,="1457050179885897376",普通订单,交易成功,,2,437.0,0.0,0.0,0.0,,,,,2020-12-21 08:39:48,2020-12-21 08:39:54,,,2020-12-21 10:26:32,2020-12-31 10:26:41,山东省,潍坊市,诸城市,
TAOBAO,ceres旗舰店,f186020d96183174d83a5661bf9c3681,耿三岁宝儿,="1457146839652503670",普通订单,交易成功,,1,173.63,0.0,0.0,0.0,420.37,taojinbi，5.370000;礼遇价，415.000000,,发顺丰！！1,2020-12-21 09:41:01,2020-12-21 09:41:06,,,2020-12-21 09:44:37,2020-12-28 12:01:58,河北省,秦皇岛市,昌黎县,
TAOBAO,ceres旗舰店,3cd3dd97b541df22d3a9778797fc5e86,18795991357w,="1457286229102074328",普通订单,交易成功,,1,303.91,0.0,0.0,0.0,893.09,双旦礼遇购物券，30.000000;taojinbi，5.090000;礼遇价，858.000000,,,2020-12-21 14:18:21,2020-12-21 14:18:28,,,2020-12-21 17:39:40,2020-12-31 17:39:46,北京市,市辖区,朝阳区,
TAOBAO,ceres旗舰店,5e225da72f8c8034552d6454ec978c48,yg872359794,="1457424324010463029",普通订单,交易成功,,1,298.83,0.0,0.0,0.0,898.17,礼遇价，858.000000;taojinbi，10.170000;双旦礼遇购物券，30.000000,,,2020-12-21 21:16:45,2020-12-21 21:16:57,,,2020-12-22 10:21:03,2021-01-01 10:21:12,湖南省,岳阳市,汨罗市,
TAOBAO,ceres旗舰店,50e148fe56b7199e2f54c4e2fc93a14a,abc999111aaa,="1457623478506132622",普通订单,交易成功,,1,326.0,0.0,0.0,0.0,832.0,礼遇价，832.000000,,白2*3  香槟杯*2 海马刀*1  报关单卫检 售后卡,2020-12-21 14:29:32,2020-12-21 14:33:00,,,2020-12-21 15:21:05,2020-12-31 15:21:15,河南省,南阳市,内乡县,
TAOBAO,ceres旗舰店,fb5e7a3038f485d95ca0406d4ed569a8,icy清,="1457727231121784963",普通订单,交易成功,,1,296.0,0.0,0.0,0.0,862.0,礼遇价，832.000000;双旦礼遇购物券，30.000000,,,2020-12-21 13:22:40,2020-12-21 13:22:50,,,2020-12-21 15:21:04,2020-12-28 18:44:36,上海市,市辖区,徐汇区,
TAOBAO,ceres旗舰店,01197eade09aeff37426467a70a00fd0,junak221,="1458144543984152450",普通订单,交易成功,,1,363.86,0.0,0.0,0.0,833.14,礼遇价，828.000000;taojinbi，5.140000,,,2020-12-21 16:43:40,2020-12-21 16:44:00,,,2020-12-21 17:39:41,2020-12-23 14:01:30,江西省,南昌市,西湖区,
TAOBAO,ceres旗舰店,f884bed9f763b979657d631b1ab7b60f,suinian1,="1458169598146326056",普通订单,交易成功,,1,286.22,0.0,0.0,0.0,871.78,双旦礼遇购物券，30.000000;taojinbi，9.780000;礼遇价，832.000000,,,2020-12-21 18:29:41,2020-12-21 18:29:49,,,2020-12-22 10:21:05,2021-01-01 10:21:18,四川省,成都市,新都区,
TAOBAO,ceres旗舰店,10e7abac79d3076fb3094eff52441369,jenneybell,="1458684108162633580",普通订单,交易成功,,1,322.06,0.0,0.0,0.0,835.94,taojinbi，3.940000;双旦礼遇购物券，30.000000;礼遇价，802.000000,,发顺丰！！！  白2双支礼盒套餐*1 动物酒塞*1 ,2020-12-22 14:32:12,2020-12-22 14:52:23,,,2020-12-22 17:22:20,2021-01-01 17:22:23,北京市,市辖区,朝阳区,
TAOBAO,ceres旗舰店,462c737b22a5f7b0515cf5e744c200ba,fansilency,="1458795169697783133",普通订单,交易成功,,120,120.0,0.0,0.0,0.0,,,,不发货！！,2020-12-22 09:28:17,2020-12-22 09:28:25,,,2020-12-22 17:42:46,2021-01-01 17:42:56,浙江省,杭州市,余杭区,
TAOBAO,ceres旗舰店,470c87017e6944c9065d9ba27d5548d9,bunnychen99,="1458811404402178384",普通订单,交易成功,,1,309.0,0.0,0.0,0.0,849.0,双旦礼遇购物券，30.000000;礼遇价，819.000000,,,2020-12-22 15:37:01,2020-12-22 15:37:05,,,2020-12-22 17:37:08,2021-01-01 17:37:16,浙江省,湖州市,安吉县,
TAOBAO,ceres旗舰店,d8838cd1c7eafb66fc4b7a4dbe318970,傲娇小黑猪,="1458812124004301727",普通订单,交易成功,,1,286.22,0.0,0.0,0.0,871.78,双旦礼遇购物券，30.000000;礼遇价，832.000000;taojinbi，9.780000,,白2*2 香槟杯*2 海马刀*1 动物酒塞*1 报关单卫检 售后卡,2020-12-22 15:36:08,2020-12-22 15:36:11,,,2020-12-22 17:23:45,2020-12-27 11:54:45,北京市,市辖区,海淀区,
TAOBAO,ceres旗舰店,159d495ae6d95f37db290770a5722a5d,我不想卖东西12138,="1458814359419796878",普通订单,交易成功,,1,327.93,0.0,0.0,0.0,869.07,礼遇价，828.000000;taojinbi，11.070000;双旦礼遇购物券，30.000000,,,2020-12-21 21:24:02,2020-12-21 21:24:13,,,2020-12-22 10:13:30,2021-01-01 10:13:33,上海市,市辖区,嘉定区,
TAOBAO,ceres旗舰店,615fb6a05ff209b77190b6ea2217b69e,guanjintaohk,="1458848953653777537",普通订单,交易成功,,1,179.0,0.0,0.0,0.0,415.0,礼遇价，415.000000,,,2020-12-22 10:00:02,2020-12-22 10:01:02,,,2020-12-22 15:21:47,2021-01-01 15:21:54,广东省,广州市,番禺区,
TAOBAO,ceres旗舰店,d1b45b6f1fe1beab3ccebaa72af968c5,cr_ren,="1458865730314956980",普通订单,交易成功,,1,292.82,0.0,0.0,0.0,865.18,taojinbi，3.180000;双旦礼遇购物券，30.000000;礼遇价，832.000000,,,2020-12-22 00:34:40,2020-12-22 00:34:47,,,2020-12-22 10:21:04,2020-12-28 19:52:29,北京市,市辖区,门头沟区,
TAOBAO,ceres旗舰店,c5dcfd2c1c25aa989352412781a24f4e,xqt11,="1458978085248136667",普通订单,交易成功,,1,327.93,0.0,0.0,0.0,869.07,礼遇价，828.000000;taojinbi，11.070000;双旦礼遇购物券，30.000000,,,2020-12-22 10:55:08,2020-12-22 10:55:43,,,2020-12-22 15:21:47,2020-12-24 13:17:20,上海市,市辖区,闵行区,
TAOBAO,ceres旗舰店,b5fe132edf457f7262315ae230329f99,卿谦婧待琳萱,="1459055197254112429",普通订单,交易成功,,1,805.56,0.0,0.0,0.0,1978.44,taojinbi，12.440000;礼遇价，1866.000000;双旦礼遇购物券，30.000000;70，70.000000,,,2020-12-22 11:17:46,2020-12-22 11:17:52,,,2020-12-22 15:21:48,2021-01-01 15:21:53,江西省,景德镇市,珠山区,
TAOBAO,ceres旗舰店,65c44a38207eb8ec08bb9bfa2b7bf506,专属天使爽ss,="1459093610276184184",普通订单,交易成功,,1,344.33,0.0,0.0,0.0,813.67,礼遇价，802.000000;taojinbi，0.340000;双旦礼遇购物券，11.330000,,,2020-12-22 09:24:20,2020-12-22 09:24:49,,,2020-12-22 15:21:47,2021-01-01 15:21:58,江苏省,南京市,雨花台区,
TAOBAO,ceres旗舰店,2e1f163e16895753732f255d39f8312d,本质二五仔,="1459216297855810938",普通订单,交易成功,,1,331.42,0.0,0.0,0.0,826.58,礼遇价，789.000000;taojinbi，7.580000;双旦礼遇购物券，30.000000,,,2020-12-22 12:11:11,2020-12-22 12:11:19,,,2020-12-22 15:22:16,2020-12-24 18:26:10,吉林省,长春市,朝阳区,
TAOBAO,ceres旗舰店,90dedf4eb9bd986663d3b34a8f322749,black_milk1999,="1459251037881571113",普通订单,交易成功,,1,183.33,0.0,0.0,0.0,410.67,taojinbi，5.670000;礼遇价，405.000000,,,2020-12-22 12:25:25,2020-12-22 12:25:46,,,2020-12-22 15:21:49,2021-01-01 15:21:53,广东省,深圳市,福田区,
TAOBAO,ceres旗舰店,462c737b22a5f7b0515cf5e744c200ba,fansilency,="1459352343779783133",普通订单,交易成功,,1,1246.42,0.0,0.0,0.0,2917.58,礼遇价，2786.000000;70，70.000000;taojinbi，31.580000;双旦礼遇购物券，30.000000,,红2*8  红2礼盒*8 海马刀*1 动物酒塞*1  报关单卫检 售后卡,2020-12-22 09:26:49,2020-12-22 09:26:53,,,2020-12-22 15:21:48,2021-01-01 15:21:55,浙江省,杭州市,余杭区,
TAOBAO,ceres旗舰店,b223ac02de8354625796e315349a6d27,梦之雪晓爱,="1459491300410116551",普通订单,交易成功,,1,303.65,0.0,0.0,0.0,893.35,taojinbi，10.170000;礼遇价，858.000000;双旦礼遇购物券，25.180000,,,2020-12-22 20:38:16,2020-12-22 20:38:29,,,2020-12-23 10:25:11,2021-01-02 10:25:22,天津市,市辖区,静海区,
TAOBAO,ceres旗舰店,52f9e0576aaf2a916f82ea3658302714,凝云冰澜19841226,="1459623312804366159",普通订单,交易成功,,1,339.0,0.0,0.0,0.0,858.0,礼遇价，858.000000,,,2020-12-22 21:40:29,2020-12-22 21:46:59,,,2020-12-23 10:25:09,2021-01-02 10:25:14,江苏省,扬州市,广陵区,
TAOBAO,ceres旗舰店,51ad32d0c0c3f24ee3edf8a199641894,韩文武87,="1459754353099936256",普通订单,交易成功,,1,396.23,0.0,0.0,0.0,977.77,双旦礼遇购物券，30.000000;taojinbi，1.770000;礼遇价，946.000000,,,2020-12-22 16:25:53,2020-12-22 16:26:01,,,2020-12-22 17:39:48,2021-01-01 17:39:55,江西省,赣州市,章贡区,
TAOBAO,ceres旗舰店,4090fdea9778fddd308c142c57eed424,super懒人贝贝,="1459868726834734674",普通订单,交易成功,,3,878.0,0.0,0.0,0.0,2596.0,礼遇价，2496.000000;双旦礼遇购物券，30.000000;70，70.000000,,白1*7 香槟杯*6 海马刀*3 报关单卫检 售后卡,2020-12-22 14:59:18,2020-12-22 15:00:34,,,2020-12-22 17:23:45,2021-01-01 17:23:52,江苏省,盐城市,亭湖区,
TAOBAO,ceres旗舰店,71a3654fc523cf74408ae92a620642aa,大太阳1126,="1460233803590646278",普通订单,交易成功,,1,325.15,0.0,0.0,0.0,832.85,双旦礼遇购物券，30.000000;礼遇价，802.000000;taojinbi，0.850000,,白1双支礼盒套餐*1 动物酒塞*1 ,2020-12-22 15:52:42,2020-12-22 15:52:46,,,2020-12-22 17:23:44,2020-12-28 20:41:43,甘肃省,庆阳市,西峰区,
TAOBAO,ceres旗舰店,d020c27272b6a7669231fe4183e2b86b,tb739043946,="1460243991521536286",普通订单,交易成功,,1,764.59,0.0,0.0,0.0,2019.41,taojinbi，3.410000;双旦礼遇购物券，30.000000;礼遇价，1916.000000;70，70.000000,,白3*2 香槟杯*2 海马刀*1 动物酒塞*1 报关单卫检 售后卡,2020-12-22 15:56:57,2020-12-22 15:57:03,,,2020-12-22 17:23:45,2021-01-01 17:23:53,上海市,市辖区,长宁区,
TAOBAO,ceres旗舰店,30ac400f2d7af71b8a5d209d148d12d2,辛乐红,="1460421829897454662",普通订单,交易成功,,1,329.0,0.0,0.0,0.0,868.0,双旦礼遇购物券，30.000000;礼遇价，838.000000,,,2020-12-22 21:13:37,2020-12-22 21:14:31,,,2020-12-23 10:25:08,2021-01-02 10:25:17,山东省,聊城市,东昌府区,
TAOBAO,ceres旗舰店,08a54f5ad89cee9ec5d3a65b58c26d2a,唐吉克德6696,="1460450125035747952",普通订单,交易成功,,1,287.96,0.0,0.0,0.0,870.04,双旦礼遇购物券，30.000000;taojinbi，8.040000;礼遇价，832.000000,,,2020-12-22 21:24:50,2020-12-22 21:25:03,,,2020-12-23 10:25:09,2021-01-02 10:25:13,海南省,省直辖县级行政区划,文昌市,
TAOBAO,ceres旗舰店,a715a294dc0b767772005b55aa2a1330,linda90529,="1460496816684338719",普通订单,交易成功,,1,295.87,0.0,0.0,0.0,862.13,taojinbi，0.130000;礼遇价，832.000000;双旦礼遇购物券，30.000000,,发顺丰！贺卡！ 白1甄选自饮双支套餐*1 动物酒塞*1,2020-12-23 11:50:15,2020-12-23 11:50:22,,,2020-12-23 15:21:35,2021-01-02 15:21:45,天津市,市辖区,和平区,
TAOBAO,ceres旗舰店,66887cc1a3f249844c52aeea7b6d6844,tb37170407,="1460889867054488472",普通订单,交易成功,,1,295.95,0.0,0.0,0.0,862.05,taojinbi，0.050000;双旦礼遇购物券，30.000000;礼遇价，832.000000,,,2020-12-22 20:37:23,2020-12-22 20:37:27,,,2020-12-23 10:25:12,2020-12-29 10:12:09,江苏省,南京市,鼓楼区,
TAOBAO,ceres旗舰店,91d830122d2cabd369bcf35ed1b6cf17,wlfire7,="1460909270205416631",普通订单,交易成功,,1,308.4,0.0,0.0,0.0,849.6,礼遇价，819.000000;双旦礼遇购物券，30.000000;taojinbi，0.600000,,,2020-12-22 22:50:38,2020-12-22 22:50:49,,,2020-12-23 10:16:42,2021-01-02 10:16:54,辽宁省,大连市,中山区,
TAOBAO,ceres旗舰店,65ac8c0a67c3833b092d265cacde81e4,爱米粒amy,="1460968131939973387",普通订单,交易成功,,1,319.27,0.0,0.0,0.0,838.73,礼遇价，802.000000;taojinbi，6.730000;双旦礼遇购物券，30.000000,,发顺丰  白1*2 白1礼盒*2  香槟杯*4  海马刀*1 冰酒礼袋*1  报关单卫检  售后卡 ,2020-12-22 21:16:11,2020-12-22 21:16:17,,,2020-12-23 09:02:36,2021-01-02 09:02:46,广东省,广州市,天河区,
TAOBAO,ceres旗舰店,c906fdfbb2b88194f3bde8d76eb60cea,壁虎丶jason,="1461278019219037068",普通订单,交易成功,,1,328.89,0.0,0.0,0.0,868.11,taojinbi，0.110000;双旦礼遇购物券，30.000000;礼遇价，838.000000,,发顺丰,2020-12-23 00:21:09,2020-12-23 00:21:30,,,2020-12-23 09:02:36,2020-12-24 12:48:45,浙江省,杭州市,江干区,
TAOBAO,ceres旗舰店,5636c4f21a50d461982a21d867fa65a2,冰糖柠檬小黄仁,="1461360456178611902",普通订单,交易成功,,1,287.86,0.0,0.0,0.0,870.14,双旦礼遇购物券，30.000000;礼遇价，832.000000;taojinbi，8.140000,,,2020-12-23 17:52:05,2020-12-23 17:52:09,,,2020-12-24 10:28:37,2021-01-03 10:28:47,山东省,临沂市,兰山区,
TAOBAO,ceres旗舰店,71579c8f867432e118d49bf4e82c197f,你的玥亮我的心,="1461370899008582870",普通订单,交易成功,,1,307.43,0.0,0.0,0.0,889.57,礼遇价，858.000000;taojinbi，1.570000;双旦礼遇购物券，30.000000,,,2020-12-23 06:35:19,2020-12-23 06:35:23,,,2020-12-23 10:25:11,2020-12-27 12:56:11,北京市,市辖区,大兴区,
TAOBAO,ceres旗舰店,8e597eb89fe15beab62ee0f2550b1cdd,angrytsin,="1461615806492781374",普通订单,交易成功,,1,368.77,0.0,0.0,0.0,789.23,礼遇价，789.000000;taojinbi，0.230000,,,2020-12-23 11:39:58,2020-12-23 11:40:06,,,2020-12-23 15:32:10,2020-12-26 14:36:27,北京市,市辖区,朝阳区,
TAOBAO,ceres旗舰店,56fae09644487644515d798a0569068d,骏哥96,="1462056267722710233",普通订单,交易成功,,1,289.07,0.0,0.0,0.0,868.93,taojinbi，6.930000;礼遇价，832.000000;双旦礼遇购物券，30.000000,,白2双支自饮套餐*1 黑砖酒塞*1,2020-12-23 12:51:57,2020-12-23 12:52:06,,,2020-12-23 15:32:08,2020-12-27 12:01:33,广东省,佛山市,顺德区,
TAOBAO,ceres旗舰店,8017ac0c416f1ed199d77eda1f2c6ac2,taobaojw0,="1462072608493031742",普通订单,交易成功,,1,327.93,0.0,0.0,0.0,869.07,双旦礼遇购物券，30.000000;礼遇价，828.000000;taojinbi，11.070000,,发顺丰白1*1  红1*1  白1礼盒*1  红1礼盒*1  香槟杯*2  海马刀*1  冰酒礼袋*1  白猫酒塞*1 报关单卫检  售后卡 ,2020-12-23 22:32:59,2020-12-23 22:33:04,,,2020-12-24 09:14:13,2021-01-03 09:14:24,江苏省,苏州市,张家港市,
TAOBAO,ceres旗舰店,8925e5addcc9c914051651e1dba06f1e,nichunyanzhaopen,="1462094424048816435",普通订单,交易成功,,3,906.66,0.0,0.0,0.0,2567.34,taojinbi，10.340000;礼遇价，2457.000000;70，70.000000;双旦礼遇购物券，30.000000,,发顺丰 白2*3 红2*4  香槟杯*6  海马刀*3    报关单卫检  售后卡 ,2020-12-23 22:42:25,2020-12-23 22:45:55,,,2020-12-24 09:14:13,2021-01-03 09:14:26,江苏省,南通市,崇川区,
TAOBAO,ceres旗舰店,01c36f3e72fb5d0f3f42ef65a9e2b47a,dongyan1972,="1462345417427952281",普通订单,交易成功,,1,286.22,0.0,0.0,0.0,871.78,礼遇价，832.000000;双旦礼遇购物券，30.000000;taojinbi，9.780000,,,2020-12-23 18:45:57,2020-12-23 18:46:01,,,2020-12-24 10:28:40,2020-12-25 21:44:43,上海市,市辖区,虹口区,
TAOBAO,ceres旗舰店,5adc8e1d729b22b7f079816d34f72a61,abotingnan258,="1462579022539381200",普通订单,交易成功,,3,961.47,0.0,0.0,0.0,2512.53,taojinbi，6.530000;礼遇价，2406.000000;双旦礼遇购物券，30.000000;70，70.000000,记得还赠送1瓶哦 希望包装完整 送礼用的 谢谢,发顺丰  白1*6 白2*1 白1礼盒*6 香槟杯*6  海马刀*3  冰酒礼袋*3   报关单卫检  售后卡 ,2020-12-23 18:20:36,2020-12-23 18:29:39,,,2020-12-24 09:14:13,2020-12-27 09:38:19,辽宁省,抚顺市,东洲区,
TAOBAO,ceres旗舰店,48cc9e8cc020c714d5b70ab16c42e63c,叫我苹果花,="1462622940573429981",普通订单,交易成功,,1,306.17,0.0,0.0,0.0,851.83,taojinbi，2.830000;双旦礼遇购物券，30.000000;礼遇价，819.000000,,,2020-12-24 10:16:41,2020-12-24 10:16:48,,,2020-12-24 15:21:50,2021-01-03 15:21:52,辽宁省,大连市,金州区,
TAOBAO,ceres旗舰店,06a402407a147024ce9b42cebd1d924b,全能苏维埃,="1462685868335444561",普通订单,交易成功,,1,988.0,0.0,0.0,0.0,2486.0,70，70.000000;双旦礼遇购物券，30.000000;礼遇价，2386.000000,,买6瓶送1瓶【数云备注】,2020-12-24 10:42:59,2020-12-24 10:43:32,,,2020-12-24 15:20:41,2020-12-29 13:56:11,四川省,成都市,青羊区,
TAOBAO,ceres旗舰店,93c51dd2b3fd78549113aa751db56b03,面朝爱琴海zsj,="1463087952930841562",普通订单,交易成功,,1,286.22,0.0,0.0,0.0,871.78,taojinbi，9.780000;礼遇价，832.000000;双旦礼遇购物券，30.000000,,发顺丰！！！ 白1双支自饮套餐*1 动物酒塞*1 ,2020-12-24 13:11:28,2020-12-24 13:11:33,,,2020-12-24 15:14:58,2020-12-26 16:10:36,河南省,南阳市,内乡县,
TAOBAO,ceres旗舰店,4ce565d560cd29a2cfd35a1cc8b25771,加洛士,="1463121758829219165",普通订单,交易成功,,1,184.41,0.0,0.0,0.0,409.59,礼遇价，405.000000;taojinbi，4.590000,,,2020-12-23 21:52:35,2020-12-23 21:52:56,,,2020-12-24 10:28:39,2020-12-28 10:07:50,重庆市,市辖区,,
TAOBAO,ceres旗舰店,9a0f8264c01cd0c568eb0d558f697585,狄佳文,="1463137705792599616",普通订单,交易成功,,1,369.0,0.0,0.0,0.0,828.0,礼遇价，828.000000,,,2020-12-24 02:49:42,2020-12-24 02:49:46,,,2020-12-24 10:28:39,2021-01-03 10:28:46,浙江省,杭州市,西湖区,
TAOBAO,ceres旗舰店,739752fa97cc8014a709780ec1f2dfc7,刘鹏和刘玄,="1463372426531309071",普通订单,交易成功,,1,173.63,0.0,0.0,0.0,420.37,taojinbi，5.370000;礼遇价，415.000000,,,2020-12-24 00:08:37,2020-12-24 00:08:45,,,2020-12-24 10:28:42,2020-12-27 22:52:28,浙江省,杭州市,余杭区,
TAOBAO,ceres旗舰店,3cc89adf6a367de78c6d3b6718172e8b,鹰飞迷彩,="1463472938092387725",普通订单,交易成功,,1,298.83,0.0,0.0,0.0,898.17,taojinbi，10.170000;双旦礼遇购物券，30.000000;礼遇价，858.000000,,,2020-12-24 04:11:50,2020-12-24 04:11:55,,,2020-12-24 10:16:42,2021-01-03 10:16:44,吉林省,白城市,大安市,
TAOBAO,ceres旗舰店,ccc0f11c942ed577a13f380f78477cc2,tb5167787194,="1463680045549713121",普通订单,交易成功,,2,637.21,0.0,0.0,0.0,1756.79,礼遇价，1716.000000;taojinbi，10.790000;双旦礼遇购物券，30.000000,,白1红1甄选自饮套餐*2 动物酒塞*1,2020-12-24 11:35:56,2020-12-24 11:37:14,,,2020-12-24 15:20:42,2021-01-03 15:20:52,陕西省,安康市,旬阳县,
TAOBAO,ceres旗舰店,714ca0a37a43863eb46abbe80df5bb00,tb57344929,="1463685843302436578",普通订单,交易成功,,1,339.0,0.0,0.0,0.0,858.0,礼遇价，858.000000,,,2020-12-24 01:17:57,2020-12-24 01:18:07,,,2020-12-24 10:28:38,2021-01-03 10:28:47,河南省,驻马店市,新蔡县,
TAOBAO,ceres旗舰店,4327aa0f8088e56861d8765b6f2610b8,liang32173492125,="1464115430938943071",普通订单,交易成功,,1,339.0,0.0,0.0,0.0,858.0,双旦礼遇购物券，30.000000;礼遇价，828.000000,,,2020-12-24 12:20:08,2020-12-24 12:20:13,,,2020-12-24 15:20:43,2021-01-03 15:20:53,云南省,玉溪市,红塔区,
TAOBAO,ceres旗舰店,8aeeaf742bcaef0d2d71c5f4d4b2d218,树洞里的瑞德,="1464176486954219565",普通订单,交易成功,,1,294.28,0.0,0.0,0.0,863.72,礼遇价，832.000000;taojinbi，1.720000;双旦礼遇购物券，30.000000,,,2020-12-24 12:45:57,2020-12-24 12:46:01,,,2020-12-24 15:20:41,2020-12-26 22:43:23,四川省,德阳市,旌阳区,
TAOBAO,ceres旗舰店,6a3b7909f1ee94d173558c2a9592698a,albbkm曼曼,="1464193803377848377",普通订单,交易成功,,1,327.93,0.0,0.0,0.0,869.07,双旦礼遇购物券，30.000000;taojinbi，11.070000;礼遇价，828.000000,,,2020-12-24 11:15:06,2020-12-24 11:15:15,,,2020-12-24 15:20:41,2020-12-29 08:07:17,天津市,市辖区,津南区,
TAOBAO,ceres旗舰店,a9485d516e21feaef65f2304ff6575e2,creadly,="1464235380535455824",普通订单,交易成功,,1,294.43,0.0,0.0,0.0,863.57,taojinbi，6.100000;礼遇价，832.000000;双旦礼遇购物券，25.470000,,,2020-12-24 22:03:05,2020-12-24 22:03:12,,,2020-12-25 10:40:58,2021-01-04 10:41:04,浙江省,杭州市,萧山区,
TAOBAO,ceres旗舰店,c3ee39c3d62c85e2041546e22737d18b,13887379086天赐茶缘,="1464296940124016327",普通订单,交易成功,,1,1028.0,0.0,0.0,0.0,2536.0,70，70.000000;礼遇价，2436.000000;双旦礼遇购物券，30.000000,,白2*8   海马刀*3  报关单卫检  售后卡,2020-12-24 22:37:09,2020-12-24 22:37:14,,,2020-12-25 10:40:56,2020-12-30 01:49:33,云南省,红河哈尼族彝族自治州,蒙自市,
TAOBAO,ceres旗舰店,9264774230e8d2803bfa65d2651af11c,温哥华代充,="1464309252145022036",普通订单,交易成功,,1,306.76,0.0,0.0,0.0,890.24,taojinbi，2.240000;礼遇价，858.000000;双旦礼遇购物券，30.000000,,白1红1自饮套餐*1  白狗酒塞*1,2020-12-24 22:44:24,2020-12-24 22:44:30,,,2020-12-25 10:40:57,2021-01-04 10:41:04,四川省,成都市,武侯区,
TAOBAO,ceres旗舰店,066d7d5b160d760fe8c348df975b75f8,一路赢到底,="1464372578921249923",普通订单,交易成功,,1,296.0,0.0,0.0,0.0,862.0,双旦礼遇购物券，30.000000;礼遇价，832.000000,,,2020-12-24 14:21:43,2020-12-24 14:21:56,,,2020-12-24 17:35:12,2021-01-03 17:35:22,福建省,厦门市,思明区,
TAOBAO,ceres旗舰店,8ea24871872703c0a810abef868d8587,兜里的那些糖糖,="1464412644647018684",普通订单,交易成功,,1,288.59,0.0,0.0,0.0,869.41,taojinbi，9.780000;礼遇价，832.000000;双旦礼遇购物券，27.630000,,,2020-12-25 00:04:51,2020-12-25 00:05:16,,,2020-12-25 10:40:55,2021-01-04 10:41:04,湖南省,益阳市,安化县,
TAOBAO,ceres旗舰店,5029c87d4218afcb57a663fbbd32a1f3,xin861107,="1464529250602130768",普通订单,交易成功,,1,331.55,0.0,0.0,0.0,826.45,taojinbi，7.450000;礼遇价，819.000000,,白2红2双支自饮套餐*1 动物酒塞*1 ,2020-12-24 15:41:13,2020-12-24 15:41:26,,,2020-12-24 17:28:15,2021-01-03 17:28:24,河北省,衡水市,桃城区,
TAOBAO,ceres旗舰店,3481ecbc1ea7d55ce3c2cd7dd2ce40ab,icbcjt,="1464999841363704338",普通订单,交易成功,,1,359.0,0.0,0.0,0.0,838.0,礼遇价，808.000000;双旦礼遇购物券，30.000000,,,2020-12-24 21:28:46,2020-12-24 21:28:57,,,2020-12-25 10:40:56,2021-01-04 10:41:07,贵州省,遵义市,赤水市,
TAOBAO,ceres旗舰店,197ce4c45d6043c3bbb608c83979e641,tb2581420_88,="1465257963260444657",普通订单,交易成功,,1,341.98,0.0,0.0,0.0,814.02,双旦礼遇购物券，30.000000;taojinbi，4.020000;礼遇价，780.000000,,白1双支礼盒套餐*1  白猫酒塞*1 ,2020-12-24 19:01:56,2020-12-24 19:02:59,,,2020-12-25 10:40:56,2021-01-04 10:41:06,四川省,成都市,武侯区,
TAOBAO,ceres旗舰店,c13b923f0a4e198fbdaf30fe138f3d35,tb903151745,="1465356279435869129",普通订单,交易成功,,1,837.09,0.0,0.0,0.0,1946.91,70，70.000000;礼遇价，1866.000000;taojinbi，10.910000,,,2020-12-24 19:44:42,2020-12-24 19:45:10,,,2020-12-25 10:40:57,2021-01-04 10:41:03,云南省,玉溪市,红塔区,
TAOBAO,ceres旗舰店,89bd239b88af441e248eb488b5ba824c,杨力宁070207,="1465380038201345556",普通订单,交易成功,,3,886.49,0.0,0.0,0.0,2704.51,taojinbi，30.510000;双旦礼遇购物券，30.000000;礼遇价，2574.000000;70，70.000000,,白1红1自饮套餐*3 红1*1 香槟杯*4  ,2020-12-24 22:01:16,2020-12-24 23:13:56,,,2020-12-25 10:40:53,2021-01-04 10:41:09,山东省,青岛市,城阳区,
TAOBAO,ceres旗舰店,c3ee39c3d62c85e2041546e22737d18b,13887379086天赐茶缘,="1465446530160016327",普通订单,交易成功,,1,1028.0,0.0,0.0,0.0,2536.0,双旦礼遇购物券，30.000000;70，70.000000;礼遇价，2436.000000,,白2*8  香槟杯*6  海马刀*3  报关单卫检  售后卡,2020-12-24 22:37:36,2020-12-24 22:37:41,,,2020-12-25 10:40:56,2020-12-30 01:49:10,云南省,红河哈尼族彝族自治州,蒙自市,
TAOBAO,ceres旗舰店,b5b4ac32be871aa2867e8dbefa758c3c,御视眼镜,="1465475725807686054",普通订单,交易成功,,1,295.95,0.0,0.0,0.0,862.05,taojinbi，0.050000;礼遇价，832.000000;双旦礼遇购物券，30.000000,,,2020-12-25 09:15:23,2020-12-25 09:15:28,,,2020-12-25 15:25:19,2020-12-26 19:41:49,上海市,市辖区,静安区,
TAOBAO,ceres旗舰店,5aa7a2ce18e4c7a8a007a9e297b53cf8,水小婉82,="1465593120053789638",普通订单,交易成功,,1,337.5,0.0,0.0,0.0,859.5,taojinbi，1.500000;礼遇价，858.000000,,,2020-12-25 16:34:31,2020-12-25 16:34:38,,,2020-12-25 17:36:58,2020-12-27 22:33:42,江苏省,南京市,鼓楼区,
TAOBAO,ceres旗舰店,2dccdb7b7e5fa4ecd58be42441d977fd,qq2550249148,="1465695001120935954",普通订单,交易成功,,1,315.32,0.0,0.0,0.0,842.68,礼遇价，802.000000;双旦礼遇购物券，30.000000;taojinbi，10.680000,,,2020-12-25 11:01:33,2020-12-25 11:04:43,,,2020-12-25 15:20:38,2021-01-04 15:20:45,辽宁省,沈阳市,沈河区,
TAOBAO,ceres旗舰店,1d0e39c89c038943bd6273968265ca0d,我是我是我是二杰,="1465699356314946857",普通订单,交易成功,,3,906.96,0.0,0.0,0.0,2567.04,taojinbi，10.040000;礼遇价，2457.000000;双旦礼遇购物券，30.000000;70，70.000000,,白2红2双支典藏自饮套餐*3 红2*1 动物酒塞*1,2020-12-25 17:22:56,2020-12-25 17:25:09,,,2020-12-25 17:36:59,2021-01-04 17:37:05,山西省,太原市,小店区,
TAOBAO,ceres旗舰店,b93f54771a786a52a2ae32de9902fd60,斯塔克先生00,="1465734963812878366",普通订单,交易成功,,1,315.32,0.0,0.0,0.0,842.68,双旦礼遇购物券，30.000000;礼遇价，802.000000;taojinbi，10.680000,,,2020-12-24 22:57:28,2020-12-24 22:57:36,,,2020-12-25 10:40:58,2020-12-28 22:01:38,江苏省,徐州市,铜山区,
TAOBAO,ceres旗舰店,916df812464b862b8476581d52047678,陈肖陈肖,="1466173225731352970",普通订单,交易成功,,1,338.88,0.0,0.0,0.0,819.12,taojinbi，0.120000;礼遇价，819.000000,,,2020-12-25 14:26:20,2020-12-25 14:26:24,,,2020-12-25 17:36:59,2021-01-04 17:37:05,河北省,秦皇岛市,抚宁区,
TAOBAO,ceres旗舰店,9151281e77a6c4a40e112e7c1af2e1d0,彼此留不住繁华,="1466636688604782566",普通订单,交易成功,,1,327.93,0.0,0.0,0.0,869.07,30，30.000000;掌柜推荐，828.000000;taojinbi，11.070000,,,2020-12-26 05:40:12,2020-12-26 05:41:16,,,2020-12-26 10:26:10,2021-01-05 10:26:14,重庆市,市辖区,九龙坡区,
TAOBAO,ceres旗舰店,b2c1d66eabfb8cea1b00d0846796fc29,xiongxiaomin123,="1466664660361879686",普通订单,交易成功,,1,897.16,0.0,0.0,0.0,1886.84,掌柜推荐，1756.000000;100，100.000000;taojinbi，30.840000,,,2020-12-26 07:27:10,2020-12-26 07:27:19,,,2020-12-26 10:26:11,2020-12-29 09:09:27,浙江省,杭州市,滨江区,
TAOBAO,ceres旗舰店,b40c2563e80cee81919f55a90b4f67a8,tb748538814,="1466715422317057929",普通订单,交易成功,,1,357.18,0.0,0.0,0.0,1016.82,taojinbi，10.820000;礼遇价，976.000000;双旦礼遇购物券，30.000000,,红1双支甄选自饮套餐*1 动物酒塞*2确认收货退20   已退,2020-12-25 16:20:37,2020-12-25 16:20:44,,,2020-12-25 17:36:59,2020-12-30 03:48:36,海南省,省直辖县级行政区划,文昌市,
TAOBAO,ceres旗舰店,9018a3c77c695aaf196efbf413d22c62,yyzq20170601,="1466847936299817085",普通订单,交易成功,,1,317.33,0.0,0.0,0.0,840.67,30，30.000000;掌柜推荐，802.000000;taojinbi，8.670000,,,2020-12-26 09:59:44,2020-12-26 09:59:51,,,2020-12-26 15:20:29,2021-01-05 15:20:33,贵州省,贵阳市,乌当区,
TAOBAO,ceres旗舰店,fa975359ca40ef803033bd57c07e7bc5,种小王子洋仔,="1466881165810694027",普通订单,交易成功,,1,338.7,0.0,0.0,0.0,858.3,taojinbi，0.300000;礼遇价，828.000000;双旦礼遇购物券，30.000000,,白1红1礼盒套装*1 动物酒塞*1,2020-12-25 19:53:41,2020-12-25 19:53:45,,,2020-12-26 10:16:44,2020-12-28 17:01:12,辽宁省,盘锦市,双台子区,
TAOBAO,ceres旗舰店,0dbd403c972e823fc683dcb78d58ee03,这个球球啊,="1467013719639469130",普通订单,交易成功,,1,324.76,0.0,0.0,0.0,833.24,礼遇价，802.000000;taojinbi，1.240000;双旦礼遇购物券，30.000000,,,2020-12-25 16:43:21,2020-12-25 16:43:25,,,2020-12-25 17:36:59,2021-01-04 17:37:07,山东省,威海市,环翠区,
TAOBAO,ceres旗舰店,6a050bd59f8da93010eedc3d94761086,ss13904757554,="1467269029264403078",普通订单,交易成功,,1,363.06,0.0,0.0,0.0,1010.94,taojinbi，4.940000;双旦礼遇购物券，30.000000;礼遇价，976.000000,,,2020-12-25 22:57:09,2020-12-25 22:57:18,,,2020-12-26 10:16:45,2021-01-05 10:16:55,内蒙古自治区,通辽市,科尔沁区,
TAOBAO,ceres旗舰店,8a69f261c3b9516ba56ae824ec446484,单冰涛,="1467306469634693547",普通订单,交易成功,,1,304.38,0.0,0.0,0.0,853.62,双旦礼遇购物券，30.000000;taojinbi，4.620000;礼遇价，819.000000,,,2020-12-25 23:21:07,2020-12-25 23:21:13,,,2020-12-26 10:26:10,2020-12-31 10:16:49,江苏省,苏州市,吴中区,
TAOBAO,ceres旗舰店,5b6b9b0fb119bd30e54298a9c5ce7eaf,gangdanailingling,="1467374906999891169",普通订单,交易成功,,1,158.76,0.0,0.0,0.0,435.24,礼遇价，415.000000;双旦礼遇购物券，15.120000;taojinbi，5.120000,,,2020-12-25 21:10:16,2020-12-25 21:10:27,,,2020-12-26 10:16:45,2021-01-01 15:37:00,黑龙江省,哈尔滨市,平房区,
TAOBAO,ceres旗舰店,841affc5993eac621e066da1eb2dabaa,tb6631379,="1467557390024926922",普通订单,交易成功,,1,295.77,0.0,0.0,0.0,862.23,taojinbi，0.230000;双旦礼遇购物券，30.000000;礼遇价，832.000000,,,2020-12-25 22:36:18,2020-12-25 22:36:24,,,2020-12-26 10:26:09,2020-12-29 18:44:41,浙江省,宁波市,北仑区,
TAOBAO,ceres旗舰店,c8759fd83c3d0326fefbe962b15f065b,littlekola1,="1467607071537343537",普通订单,交易成功,,1,309.0,0.0,0.0,0.0,888.0,双旦礼遇购物券，30.000000;礼遇价，858.000000,,,2020-12-25 21:00:15,2020-12-25 21:00:23,,,2020-12-26 10:26:10,2021-01-05 10:26:12,广东省,深圳市,福田区,
TAOBAO,ceres旗舰店,7cd0c8775ac1304815e01d90421de2cb,第贰拾壹年,="1467713486546643426",普通订单,交易成功,,1,316.86,0.0,0.0,0.0,841.14,taojinbi，9.140000;30，30.000000;掌柜推荐，802.000000,,白2*2  香槟杯*2  海马刀*1  小鹿酒塞*1  报关单卫检  售后卡 ,2020-12-26 00:25:24,2020-12-26 00:26:12,,,2020-12-26 10:26:11,2021-01-05 10:26:22,湖南省,邵阳市,大祥区,
TAOBAO,ceres旗舰店,c90b32eeed156159088c5d86be3b4be7,tb0282892_88,="1467870048721918737",普通订单,交易成功,,1,360.03,0.0,0.0,0.0,836.97,30，30.000000;taojinbi，8.970000;掌柜推荐，798.000000,,发顺丰！白1红1礼盒套餐*1 小兔酒塞*1,2020-12-26 17:12:05,2020-12-26 17:12:09,,,2020-12-26 18:07:27,2021-01-05 18:07:37,广东省,深圳市,罗湖区,
TAOBAO,ceres旗舰店,092d0b5697a41a57c32cb670041a5d22,给根烟谢谢,="1468158912859973563",普通订单,交易成功,,1,366.17,0.0,0.0,0.0,791.83,taojinbi，2.830000;30，30.000000;掌柜推荐，759.000000,,,2020-12-26 19:06:28,2020-12-26 19:06:31,,,2020-12-27 10:24:38,2020-12-28 21:38:01,湖北省,孝感市,孝南区,
TAOBAO,ceres旗舰店,4765e6452c21053138b958aa4fb7cec4,沉默寡言的杜兰特,="1468307559639369720",普通订单,交易成功,,1,332.61,0.0,0.0,0.0,825.39,掌柜推荐，789.000000;30，30.000000;taojinbi，6.390000,,白2红2自饮套餐*1 小兔酒塞*1,2020-12-26 10:28:23,2020-12-26 10:28:29,,,2020-12-26 15:20:30,2021-01-05 15:20:37,浙江省,温州市,乐清市,
TAOBAO,ceres旗舰店,fa60aea9ec9d201235779bddcfbf7841,tb_5179151,="1468402849372388070",普通订单,交易成功,,1,345.56,0.0,0.0,0.0,812.44,taojinbi，10.440000;掌柜推荐，772.000000;30，30.000000,,白1双支礼盒套餐*1 小兔酒塞*1,2020-12-26 14:56:15,2020-12-26 14:57:41,,,2020-12-26 17:40:44,2021-01-05 17:40:52,江苏省,南京市,栖霞区,
TAOBAO,ceres旗舰店,6330595eb6945ec8edf469dc79b1ac3a,yzw19891003,="1468430964215355785",普通订单,交易成功,,1,333.34,0.0,0.0,0.0,824.66,30，30.000000;掌柜推荐，789.000000;taojinbi，5.660000,, 白2*1  红2*1  香槟杯*2  海马刀*1  黑猫酒塞*1  报关单卫检  售后卡 30差价   已退,2020-12-26 21:09:30,2020-12-26 21:10:37,,,2020-12-27 10:20:34,2020-12-31 17:58:37,湖南省,长沙市,岳麓区,
TAOBAO,ceres旗舰店,49e05d6aaa90778719b77a5e011fa626,tb023200666,="1468534428782137023",普通订单,交易成功,,2,685.54,0.0,0.0,0.0,30.0,30，30.000000,,白1*3 红1*1  香槟杯*4  海马刀*2  小狗酒塞*1  报关单卫检  售后卡 ,2020-12-26 22:04:19,2020-12-26 22:04:33,,,2020-12-27 10:24:37,2021-01-06 10:24:45,浙江省,温州市,苍南县,
TAOBAO,ceres旗舰店,75a8cac4f61620254a3ed613ca77fed1,蒋文杰宝贝,="1468565028738963036",普通订单,交易成功,,1,315.32,0.0,0.0,0.0,842.68,30，30.000000;taojinbi，10.680000;掌柜推荐，802.000000,,,2020-12-26 22:20:15,2020-12-26 22:20:21,,,2020-12-27 10:24:37,2020-12-30 09:23:03,浙江省,嘉兴市,南湖区,
TAOBAO,ceres旗舰店,58e4406263ea99d98f124980e00c4235,wtx36,="1468751691860614625",普通订单,交易成功,,1,928.0,0.0,0.0,0.0,1856.0,掌柜推荐，1756.000000;100，100.000000,,白3红3礼盒套装*1 黑猫酒塞*1,2020-12-26 13:07:24,2020-12-26 13:09:13,,,2020-12-26 15:20:29,2021-01-05 15:20:35,江苏省,盐城市,东台市,
TAOBAO,ceres旗舰店,c146c4b91864c5410d6d3d308a3275e4,sunnypiggy0425,="1469083394356416347",普通订单,交易成功,,1,327.93,0.0,0.0,0.0,830.07,掌柜推荐，789.000000;30，30.000000;taojinbi，11.070000,,,2020-12-26 17:36:31,2020-12-26 17:36:40,,,2020-12-27 10:18:58,2020-12-31 17:31:50,辽宁省,沈阳市,沈河区,
TAOBAO,ceres旗舰店,c01954fa3e491fc3bce8a8d454f3caf1,就是我没错了,="1469205216046943250",普通订单,交易成功,,1,321.86,0.0,0.0,0.0,836.14,taojinbi，4.140000;30，30.000000;掌柜推荐，802.000000,,发顺丰！！！白2*2  香槟杯*2  海马刀*1  报关单卫检  售后卡 退40差价（已退）,2020-12-27 11:16:26,2020-12-27 11:51:57,,,2020-12-27 15:16:07,2021-01-01 18:34:11,云南省,红河哈尼族彝族自治州,建水县,
TAOBAO,ceres旗舰店,6ec79b2f8518e56706807c53e8f42066,后来的我永远努力,="1469213787955080143",普通订单,交易成功,,1,909.99,0.0,0.0,0.0,1874.01,100，100.000000;掌柜推荐，1756.000000;taojinbi，18.010000,,白3红3双支礼盒套餐*1 动物酒塞*1,2020-12-26 16:44:04,2020-12-26 16:44:35,,,2020-12-26 17:40:45,2021-01-05 17:40:56,江苏省,苏州市,昆山市,
TAOBAO,ceres旗舰店,26e61b28835b92282e620f5fb51af481,玉带揽腰,="1469479140135388217",普通订单,交易成功,,1,1175.4,0.0,0.0,0.0,2688.6,taojinbi，12.600000;品牌促销，2576.000000;100，100.000000,,红1*8 海马刀*3 黑猫酒塞*1,2020-12-27 12:51:18,2020-12-27 12:51:24,,,2020-12-27 15:19:24,2020-12-30 10:12:42,浙江省,绍兴市,新昌县,
TAOBAO,ceres旗舰店,0b81e23101a86cf2a042ff3874b98961,tb614125392,="1469736109090601476",普通订单,交易成功,,1,327.93,0.0,0.0,0.0,869.07,30，30.000000;taojinbi，11.070000;掌柜推荐，828.000000,,白1红1甄选自饮套餐*1 动物酒塞*1,2020-12-27 08:53:23,2020-12-27 08:53:27,,,2020-12-27 10:24:37,2020-12-30 12:30:25,河北省,邢台市,宁晋县,
TAOBAO,ceres旗舰店,6ef68fca74863a9e271297526116a582,van_k82,="1469851740779719123",普通订单,交易成功,,1,339.0,0.0,0.0,0.0,858.0,30，30.000000;掌柜推荐，828.000000,,白1红1自饮套餐*1  爱心酒塞*1 差价20 （已退）,2020-12-27 15:44:54,2020-12-27 15:47:23,,,2020-12-27 17:36:34,2021-01-02 22:10:22,湖北省,武汉市,武昌区,
TAOBAO,ceres旗舰店,e990fdbc56610b54ff7d4527d9b61c0b,tb965211996,="1469883422570279759",普通订单,交易成功,,1,326.0,0.0,0.0,0.0,832.0,掌柜推荐，802.000000;30，30.000000,,,2020-12-27 00:18:08,2020-12-27 00:18:13,,,2020-12-27 10:24:38,2020-12-29 17:33:13,广东省,广州市,白云区,
TAOBAO,ceres旗舰店,83323ca377be7fa884d0ffa309474808,陈超9597,="1469936451432910736",普通订单,交易成功,,1,338.34,0.0,0.0,0.0,858.66,掌柜推荐，828.000000;taojinbi，0.660000;30，30.000000,,发顺丰  红1*1  白1*1  香槟杯*2  海马刀*1  黑猫酒塞*1  报关单卫检  售后卡 ,2020-12-26 21:53:59,2020-12-26 21:54:12,,,2020-12-27 10:18:10,2021-01-01 19:12:07,山东省,青岛市,市北区,
TAOBAO,ceres旗舰店,fca35384e05ced475cfabe65d835e125,tb6138599,="1469981160486591313",普通订单,交易成功,,1,327.93,0.0,0.0,0.0,869.07,taojinbi，11.070000;掌柜推荐，828.000000;30，30.000000,,发顺丰！！白1红1自饮套餐*1 白猫酒塞*1,2020-12-27 16:41:43,2020-12-27 16:41:47,,,2020-12-27 17:34:17,2020-12-30 21:41:05,湖北省,武汉市,洪山区,
TAOBAO,ceres旗舰店,615fb6a05ff209b77190b6ea2217b69e,guanjintaohk,="1470050282254777537",普通订单,交易成功,,1,248.0,0.0,0.0,0.0,346.0,掌柜推荐，346.000000,,,2020-12-27 08:35:52,2020-12-27 08:38:19,,,2020-12-27 10:24:36,2021-01-06 10:24:44,广东省,广州市,番禺区,
TAOBAO,ceres旗舰店,e57bd6bfc5efb4ccb3aadabbf30fa60f,rnase_29,="1470169515722604735",普通订单,交易成功,,1,339.0,0.0,0.0,0.0,858.0,掌柜推荐，828.000000;30，30.000000,,,2020-12-27 00:49:02,2020-12-27 00:49:10,,,2020-12-27 10:24:36,2020-12-31 21:03:43,北京市,市辖区,门头沟区,
TAOBAO,ceres旗舰店,b84afbee15eebd51c75b3e6deb1931ac,tb577386700,="1470715920768260471",普通订单,交易成功,,1,325.99,0.0,0.0,0.0,832.01,taojinbi，0.010000;30，30.000000;掌柜推荐，802.000000,,,2020-12-27 22:05:26,2020-12-27 22:05:32,,,2020-12-28 15:59:05,2021-01-07 15:59:13,四川省,乐山市,市中区,
TAOBAO,ceres旗舰店,42ca0a0b3c602a7d0a123094bf6f0463,warmth黄宁,="1470811464110077818",普通订单,交易成功,,1,824.99,0.0,0.0,0.0,1959.01,掌柜推荐，1856.000000;taojinbi，3.010000;100，100.000000,,白3双支礼盒套餐*1 动物酒塞*1 ,2020-12-27 22:59:05,2020-12-27 22:59:11,,,2020-12-28 15:59:06,2021-01-07 15:59:17,广东省,梅州市,丰顺县,
TAOBAO,ceres旗舰店,b3b4cf649736c1fb1bf24783cfdc3bd9,t_1493891710628_0600,="1470940452086817467",普通订单,交易成功,,1,183.33,0.0,0.0,0.0,410.67,狂欢价，405.000000;taojinbi，5.670000,,,2020-12-28 00:26:48,2020-12-28 00:26:55,,,2020-12-28 15:48:28,2021-01-01 09:18:00,江苏省,南京市,鼓楼区,
TAOBAO,ceres旗舰店,fb0c11adff3c2e8d87d9c547fc5a37d5,夏雪303,="1471601412200178084",普通订单,交易成功,,1,303.08,0.0,0.0,0.0,893.92,服饰百货购物券，30.000000;taojinbi，5.920000;狂欢价，858.000000,,白1红1自饮套餐*1 白狗酒塞*1,2020-12-28 12:12:38,2020-12-28 12:13:21,,,2020-12-28 15:59:06,2021-01-07 15:59:12,海南省,省直辖县级行政区划,,
TAOBAO,ceres旗舰店,4936769508a02bf6a64528f8803729d0,yamldoyouknow,="1471745882143822067",普通订单,交易成功,,1,358.73,0.0,0.0,0.0,799.27,30，30.000000;taojinbi，10.270000;掌柜推荐，759.000000,,,2020-12-27 20:55:59,2020-12-27 20:56:09,,,2020-12-28 15:48:28,2021-01-07 15:48:35,上海市,市辖区,闵行区,
TAOBAO,ceres旗舰店,66195271eac37a7ba674bd7c9ba05716,liangliangkeai,="1471791528872228416",普通订单,交易成功,,1,327.93,0.0,0.0,0.0,869.07,狂欢价，828.000000;服饰百货购物券，30.000000;taojinbi，11.070000,,,2020-12-28 13:39:46,2020-12-28 13:39:51,,,2020-12-28 15:48:29,2021-01-07 09:29:50,安徽省,合肥市,巢湖市,
TAOBAO,ceres旗舰店,4ea0a0729ba020675d398018847c36c9,小妮n,="1471918537011595416",普通订单,交易成功,,1,315.32,0.0,0.0,0.0,842.68,狂欢价，802.000000;taojinbi，10.680000;服饰百货购物券，30.000000,,,2020-12-28 08:13:08,2020-12-28 08:13:16,,,2020-12-28 15:48:28,2021-01-07 15:48:37,上海市,市辖区,杨浦区,
TAOBAO,ceres旗舰店,7c5044a670bbcbdb0347118984c5ec9c,st189590309,="1471995253157213143",普通订单,交易成功,,1,741.96,0.0,0.0,0.0,2042.04,服饰百货购物券，30.000000;taojinbi，26.040000;70，70.000000;狂欢价，1916.000000,,白3双支自饮套餐*1 白狗酒塞*1,2020-12-28 09:15:08,2020-12-28 09:15:15,,,2020-12-28 15:48:28,2021-01-07 15:48:35,上海市,市辖区,黄浦区,
TAOBAO,ceres旗舰店,534b4287346d705ffe4519ed510d118d,真汉子110,="1472049684911223585",普通订单,交易成功,,3,848.66,0.0,0.0,0.0,70.0,70，70.000000,,白2*4  白1*2  红2*1 香槟杯*6  海马刀*3 黑钻酒塞*1 报关单卫检  售后卡,2020-12-28 15:52:01,2020-12-28 15:52:08,,,2020-12-28 17:17:38,2021-01-07 17:17:47,河南省,郑州市,金水区,
TAOBAO,ceres旗舰店,a59c74803a82343273fa8160aa037f3d,焦翀啊,="1472062105875138968",普通订单,交易成功,,1,300.94,0.0,0.0,0.0,857.06,taojinbi，8.060000;服饰百货购物券，30.000000;狂欢价，819.000000,,,2020-12-28 09:58:53,2020-12-28 09:58:56,,,2020-12-28 15:48:28,2021-01-01 18:37:07,上海市,市辖区,浦东新区,
TAOBAO,ceres旗舰店,635fd7c3a431878f91a132390b236c45,姚添510421,="1472111714475696775",普通订单,交易成功,,1,293.3,0.0,0.0,0.0,864.7,taojinbi，2.700000;狂欢价，832.000000;服饰百货购物券，30.000000,,发顺丰,2020-12-28 00:44:16,2020-12-28 00:46:49,,,2020-12-28 09:14:51,2020-12-30 08:30:29,四川省,成都市,龙泉驿区,
TAOBAO,ceres旗舰店,c72084851b8a3fc0faabbfd465edbb8b,明月映天下,="1472112290889926547",普通订单,交易成功,,1,305.95,0.0,0.0,0.0,891.05,狂欢价，858.000000;服饰百货购物券，30.000000;taojinbi，3.050000,,,2020-12-28 00:47:47,2020-12-28 00:47:53,,,2020-12-28 15:59:03,2021-01-07 15:59:13,广东省,深圳市,龙岗区,
TAOBAO,ceres旗舰店,bf13d3648511f8c062d0d28188d6d88d,恋韵小隆,="1472160134627383858",普通订单,交易成功,,2,1254.54,0.0,0.0,0.0,70.0,70，70.000000,,白2红3礼盒套餐*1 白1红1自饮套餐*1 爱心酒塞*1,2020-12-28 02:38:18,2020-12-28 02:38:22,,,2020-12-28 15:48:28,2020-12-31 11:58:47,上海市,市辖区,宝山区,
TAOBAO,ceres旗舰店,abcdbc9f74ab88fda6d9558b706e1cb5,zcy向前冲,="1472344635215324677",普通订单,交易成功,,3,1005.98,0.0,0.0,0.0,70.0,70，70.000000,,买6瓶送1瓶【数云备注】 确认收货退30差价,2020-12-28 00:04:48,2020-12-28 00:04:55,,,2020-12-28 15:59:09,2021-01-07 15:59:14,四川省,泸州市,龙马潭区,
TAOBAO,ceres旗舰店,1d7a5621b3016e07d9ff6bc9025002a6,自习室的猴子,="1472366702939952013",普通订单,交易成功,,1,322.5,0.0,0.0,0.0,835.5,taojinbi，3.500000;狂欢价，802.000000;服饰百货购物券，30.000000,,白1双支礼盒套餐*1 黑猫酒塞*1,2020-12-28 09:37:54,2020-12-28 09:38:04,,,2020-12-28 15:59:09,2020-12-31 09:34:06,湖北省,武汉市,江夏区,
TAOBAO,ceres旗舰店,9034edd40163556f82c003ae5f407454,tb459077434,="1472664351020908628",普通订单,交易成功,,1,299.81,0.0,0.0,0.0,897.19,taojinbi，9.190000;狂欢价，858.000000;服饰百货购物券，30.000000,,白1红1甄选自饮套餐*1 动物酒塞*1,2020-12-28 09:46:23,2020-12-28 09:46:37,,,2020-12-28 15:59:10,2020-12-30 12:20:29,广东省,深圳市,坪山区,
TAOBAO,ceres旗舰店,b1b545f46b9ccfc731f749a72517dbb7,tb218346998,="1472931289981971275",普通订单,交易成功,,1,339.0,0.0,0.0,0.0,858.0,狂欢价，828.000000;服饰百货购物券，30.000000,,白1红1礼盒套餐*1 小狗酒塞*1,2020-12-28 16:23:15,2020-12-28 16:23:22,,,2020-12-28 17:17:38,2021-01-07 17:17:49,广东省,东莞市,,
TAOBAO,ceres旗舰店,c13fc842f550025dfe3375f1d8448e63,tb176403_22,="1472979168915883654",普通订单,交易成功,,1,189.0,0.0,0.0,0.0,405.0,狂欢价，405.000000,,,2020-12-28 22:59:31,2020-12-28 22:59:37,,,2020-12-29 16:32:26,2021-01-01 12:03:31,重庆市,市辖区,永川区,
TAOBAO,ceres旗舰店,664e84408a083a2978764052e07a32c0,我有孤独和雪儿,="1473128568017325753",普通订单,交易成功,,1,296.0,0.0,0.0,0.0,862.0,狂欢价，832.000000;服饰百货购物券，30.000000,,白1*2  香槟杯*2  海马刀*1  白狗酒塞*1  报关单卫检  售后卡 ,2020-12-29 01:22:43,2020-12-29 01:22:50,,,2020-12-29 16:32:26,2021-01-08 16:32:33,安徽省,合肥市,包河区,
TAOBAO,ceres旗舰店,5a01dcf756f2d10cc539067ae16335e8,犯贱爱上猪,="1473306195223372378",普通订单,交易成功,,1,295.78,0.0,0.0,0.0,862.22,taojinbi，0.220000;狂欢价，832.000000;服饰百货购物券，30.000000,,,2020-12-28 14:12:49,2020-12-28 14:12:56,,,2020-12-28 17:35:50,2021-01-07 17:35:57,江苏省,无锡市,江阴市,
TAOBAO,ceres旗舰店,3cc89adf6a367de78c6d3b6718172e8b,鹰飞迷彩,="1473367683338387725",普通订单,交易成功,,2,602.76,0.0,0.0,0.0,1791.24,taojinbi，15.240000;30，30.000000;狂欢价，1716.000000;服饰百货购物券，30.000000,,,2020-12-28 14:46:33,2020-12-28 14:46:38,,,2020-12-28 17:38:51,2021-01-07 17:38:58,吉林省,白城市,大安市,
TAOBAO,ceres旗舰店,b1b545f46b9ccfc731f749a72517dbb7,tb218346998,="1473533751389971275",普通订单,交易成功,,2,653.06,0.0,0.0,0.0,30.0,30，30.000000,,,2020-12-28 16:14:47,2020-12-28 16:14:57,,,2020-12-28 17:38:12,2021-01-07 17:38:18,广东省,东莞市,,
TAOBAO,ceres旗舰店,3c09a1e68751f6131e2eb1c3b9cd5a1b,taolhp,="1473825638230554735",普通订单,交易成功,,1,294.86,0.0,0.0,0.0,863.14,taojinbi，1.140000;服饰百货购物券，30.000000;狂欢价，832.000000,,白1双支自饮套餐*1 动物酒塞*1 报关单卫检 售后卡,2020-12-28 20:21:18,2020-12-28 20:21:22,,,2020-12-29 16:32:26,2021-01-08 16:32:32,广东省,广州市,越秀区,
TAOBAO,ceres旗舰店,4a43be52540f8563a0a7ca862861e176,qujunlin522,="1473834744073268764",普通订单,交易成功,,1,173.63,0.0,0.0,0.0,420.37,狂欢价，415.000000;taojinbi，5.370000,,,2020-12-29 12:40:15,2020-12-29 12:40:20,,,2020-12-29 16:32:25,2021-01-06 23:46:14,广东省,深圳市,南山区,
TAOBAO,ceres旗舰店,00a7db2157160d8ea8145aa2f3509333,littlefly_de,="1473893532338931962",普通订单,交易成功,,1,286.9,0.0,0.0,0.0,871.1,服饰百货购物券，30.000000;taojinbi，9.100000;狂欢价，832.000000,,发顺丰！！ 白1双支自饮套餐*1 动物酒塞*1,2020-12-29 13:08:25,2020-12-29 13:08:33,,,2020-12-29 16:28:39,2021-01-08 16:28:45,北京市,市辖区,丰台区,
TAOBAO,ceres旗舰店,14a910d63b011c5dece4c7c2f2f9fa8e,徒手破西瓜,="1473942313467978338",普通订单,交易成功,,1,308.73,0.0,0.0,0.0,888.27,taojinbi，0.270000;服饰百货购物券，30.000000;狂欢价，858.000000,,发顺丰  白1*1  红1*1  香槟杯*2  海马刀*1  兔子酒塞*1  报关单卫检  售后卡 ,2020-12-29 01:04:50,2020-12-29 01:04:58,,,2020-12-29 16:28:39,2021-01-02 16:02:00,北京市,市辖区,朝阳区,
TAOBAO,ceres旗舰店,39fd9501a5c23214213898163809cc7f,leiqianyuhui,="1474020936706337948",普通订单,交易成功,,1,175.89,0.0,0.0,0.0,418.11,taojinbi，3.110000;狂欢价，415.000000,,,2020-12-29 14:13:07,2020-12-29 14:13:18,,,2020-12-29 17:42:07,2021-01-01 11:58:58,湖南省,长沙市,浏阳市,
TAOBAO,ceres旗舰店,05bba8564fe16663e3bf68e201a341e6,hgh200829,="1474090707757458039",普通订单,交易成功,,1,286.22,0.0,0.0,0.0,871.78,taojinbi，9.780000;服饰百货购物券，30.000000;狂欢价，832.000000,,,2020-12-28 20:23:09,2020-12-28 20:23:21,,,2020-12-29 16:32:26,2021-01-08 16:32:35,浙江省,宁波市,鄞州区,
TAOBAO,ceres旗舰店,868832424c03e25d4e45e45c5a971b17,liyi19930814,="1474095241273558453",普通订单,交易成功,,1,298.83,0.0,0.0,0.0,898.17,服饰百货购物券，30.000000;狂欢价，858.000000;taojinbi，10.170000,,白1红1自饮*1   兔子酒塞*1  报关单卫检  售后卡 ,2020-12-29 08:47:03,2020-12-29 08:47:14,,,2020-12-29 16:32:25,2021-01-08 16:32:36,江苏省,苏州市,苏州工业园区,
TAOBAO,ceres旗舰店,bec9cb3f4242310cfd87ba963c50a714,tb910556_11,="1474303323786680919",普通订单,交易成功,,1,905.52,0.0,0.0,0.0,1878.48,70，70.000000;狂欢价，1766.000000;taojinbi，12.480000;服饰百货购物券，30.000000,,发顺丰 白3红3双支礼盒装*1 白狗酒塞*1 报关单卫检 售后卡,2020-12-28 21:59:57,2020-12-28 22:00:05,,,2020-12-29 16:28:39,2021-01-08 16:28:48,北京市,市辖区,朝阳区,
TAOBAO,ceres旗舰店,05e3721a04e0a7c7b98dc90568abdfdb,晴哥小zora,="1474306452630473179",普通订单,交易成功,,1,904.29,0.0,0.0,0.0,1879.71,狂欢价，1776.000000;服饰百货购物券，30.000000;70，70.000000;taojinbi，3.710000,,,2020-12-29 16:35:21,2020-12-29 16:35:24,,,2020-12-29 17:42:07,2020-12-31 16:06:41,浙江省,杭州市,萧山区,
TAOBAO,ceres旗舰店,b428ac504597872608f5c4c1088c859b,melteor,="1474407001281073565",普通订单,交易成功,,1,327.93,0.0,0.0,0.0,830.07,狂欢价，789.000000;服饰百货购物券，30.000000;taojinbi，11.070000,,白2*1  红2*1  白2礼盒*1  红2礼盒*1 香槟杯*2  海马刀*1  冰酒礼袋*1   黑狗酒塞*1  报关单卫检  售后卡 ,2020-12-29 11:14:18,2020-12-29 11:14:22,,,2020-12-29 16:32:26,2021-01-08 16:32:37,北京市,市辖区,西城区,
TAOBAO,ceres旗舰店,05c9b275797a54d82f7680659d737fa3,cathwushu,="1474452867254023270",普通订单,交易成功,,1,157.21,0.0,0.0,0.0,436.79,狂欢价，415.000000;taojinbi，5.370000;服饰百货购物券，16.420000,,白1单支自饮套餐*1 动物酒塞*1 报关单卫检 售后卡,2020-12-28 23:18:20,2020-12-28 23:18:25,,,2020-12-29 16:32:26,2020-12-31 00:04:44,安徽省,合肥市,蜀山区,
TAOBAO,ceres旗舰店,e73f1410ec2398c089b7dc29488ba011,liuhuo1239,="1474562017392488735",普通订单,交易成功,,1,327.93,0.0,0.0,0.0,869.07,taojinbi，11.070000;服饰百货购物券，30.000000;狂欢价，828.000000,,,2020-12-29 12:02:43,2020-12-29 12:02:47,,,2020-12-29 16:32:27,2021-01-01 14:40:32,江苏省,常州市,溧阳市,
TAOBAO,ceres旗舰店,691f2d47dddff02fecb18a5f599a771b,小杰杰爱吃蛋糕噢,="1474702957553338864",普通订单,交易成功,,1,351.99,0.0,0.0,0.0,806.01,狂欢价，802.000000;taojinbi，4.010000,,,2020-12-29 13:02:00,2020-12-29 13:02:10,,,2020-12-29 16:32:26,2021-01-04 20:13:54,湖南省,衡阳市,衡东县,
TAOBAO,ceres旗舰店,ce3a9d45463d6552f9497cbde7ef4095,晨小妞66,="1474902794396431437",普通订单,交易成功,,1,298.83,0.0,0.0,0.0,898.17,狂欢价，858.000000;taojinbi，10.170000;服饰百货购物券，30.000000,,发顺丰 红1*1  白1*1  香槟杯*2  海马刀*1  白狗酒塞*1  报关单卫检  售后卡 ,2020-12-29 11:59:29,2020-12-29 11:59:33,,,2020-12-29 16:28:39,2021-01-01 19:57:05,上海市,市辖区,宝山区,
TAOBAO,ceres旗舰店,9850a89b77115f7a627fcdeca65cfd60,tb61922874,="1474983183740010532",普通订单,交易成功,,1,327.93,0.0,0.0,0.0,869.07,服饰百货购物券，30.000000;狂欢价，828.000000;taojinbi，11.070000,,,2020-12-29 11:02:15,2020-12-29 11:02:22,,,2020-12-29 16:32:26,2021-01-08 16:32:38,山东省,济宁市,邹城市,
TAOBAO,ceres旗舰店,ff0a1ca6bb328b8a98c6d8e61f6ad40d,haruhi828,="1475008525840626037",普通订单,交易成功,,1,301.98,0.0,0.0,0.0,856.02,taojinbi，7.020000;服饰百货购物券，30.000000;狂欢价，819.000000,,,2020-12-29 15:36:49,2020-12-29 15:36:54,,,2020-12-29 17:42:06,2021-01-08 17:42:16,上海市,市辖区,浦东新区,
TAOBAO,ceres旗舰店,552467d88347fec2eb0d624668aed332,婷儿124500099,="1475076457757422074",普通订单,交易成功,,2,733.51,0.0,0.0,0.0,30.0,30，30.000000,,发顺丰 白1双支自饮套餐*1  红1双支自饮套餐*1  香槟杯*4  海马刀*2  黑狗酒塞*1  报关单卫检  售后卡 ,2020-12-29 16:08:56,2020-12-29 16:09:00,,,2020-12-29 17:38:30,2021-01-04 14:41:41,山西省,太原市,小店区,
TAOBAO,ceres旗舰店,c28436a90fc9131567c071ce0fed3586,tb633333_2013,="1475095359579292972",普通订单,交易成功,,1,359.0,0.0,0.0,0.0,838.0,狂欢价，838.000000,,,2020-12-29 11:34:09,2020-12-29 11:34:15,,,2020-12-29 16:32:26,2021-01-04 09:16:52,福建省,泉州市,洛江区,
TAOBAO,ceres旗舰店,9179961e20e93daccecbe4fece98f986,damon_lei123,="1475195150998123640",普通订单,交易成功,,1,416.41,0.0,0.0,0.0,957.59,taojinbi，11.590000;狂欢价，946.000000,,,2020-12-29 14:16:44,2020-12-29 14:17:13,,,2020-12-29 17:42:06,2021-01-08 17:42:13,上海市,市辖区,徐汇区,
TAOBAO,ceres旗舰店,0f7285b44b860442cd1948c9fab63986,陶子hhh,="1475285292267062150",普通订单,交易成功,,1,338.2,0.0,0.0,0.0,858.8,狂欢价，828.000000;taojinbi，0.800000;服饰百货购物券，30.000000,,发顺丰,2020-12-30 02:29:52,2020-12-30 02:29:55,,,2020-12-30 16:22:21,2020-12-31 22:12:29,江西省,鹰潭市,月湖区,
TAOBAO,ceres旗舰店,e447419b49d5e4e8a9168a0ebe7d19f4,朴灿咸_朵,="1475348906420271223",普通订单,交易成功,,1,327.93,0.0,0.0,0.0,830.07,狂欢价，789.000000;taojinbi，11.070000;服饰百货购物券，30.000000,,发顺丰,2020-12-29 15:29:11,2020-12-29 15:29:14,,,2020-12-29 15:53:23,2021-01-06 17:07:16,上海市,市辖区,杨浦区,
TAOBAO,ceres旗舰店,092d0b5697a41a57c32cb670041a5d22,给根烟谢谢,="1475379433263973563",普通订单,交易成功,,1,339.0,0.0,0.0,0.0,858.0,狂欢价，828.000000;服饰百货购物券，30.000000,,,2020-12-29 18:19:19,2020-12-29 18:19:23,,,2020-12-30 16:25:13,2021-01-09 16:25:22,河北省,邢台市,桥东区,
TAOBAO,ceres旗舰店,7343aee70fceeec266736838775207e6,无趣变趣,="1475461765395852531",普通订单,交易成功,,2,672.28,0.0,0.0,0.0,30.0,30，30.000000,,,2020-12-29 18:55:34,2020-12-29 18:55:38,,,2020-12-30 16:25:13,2021-01-02 09:30:08,江苏省,南通市,崇川区,
TAOBAO,ceres旗舰店,454fddf271b54c18e261e35962021760,晶patricia,="1475563107777282729",普通订单,交易成功,,1,327.93,0.0,0.0,0.0,869.07,服饰百货购物券，30.000000;taojinbi，11.070000;狂欢价，828.000000,,,2020-12-29 15:02:38,2020-12-29 15:02:42,,,2020-12-29 17:42:06,2021-01-08 10:01:31,河北省,廊坊市,香河县,
TAOBAO,ceres旗舰店,55d7a82ce49c0d1ff46ec70293454344,tao5924395,="1475594858032550517",普通订单,交易成功,,3,917.0,0.0,0.0,0.0,2557.0,服饰百货购物券，30.000000;70，70.000000;狂欢价，2457.000000,,发顺丰！！！白2*3 红2*4 报关单卫检 售后卡 确认收货退差价47元  已退,2020-12-29 17:21:27,2020-12-29 17:33:18,,,2020-12-29 17:44:20,2021-01-04 18:16:03,海南省,省直辖县级行政区划,陵水黎族自治县,
TAOBAO,ceres旗舰店,34de7a8658e777438477bd7b59ed8859,tb336754656,="1475662034717536323",普通订单,交易成功,,1,327.93,0.0,0.0,0.0,869.07,服饰百货购物券，30.000000;taojinbi，11.070000;狂欢价，828.000000,,白1红1双支礼盒套餐*1 香槟杯*2  动物酒塞*1 ,2020-12-29 17:49:59,2020-12-29 17:50:03,,,2020-12-30 09:15:36,2021-01-09 09:15:41,湖南省,长沙市,岳麓区,
TAOBAO,ceres旗舰店,d0ad7ee32f8e4954e444b641d76beca2,dy310310,="1475667324688766263",普通订单,交易成功,,1,303.38,0.0,0.0,0.0,854.62,狂欢价，819.000000;服饰百货购物券，30.000000;taojinbi，5.620000,,白2红2自饮套餐*1 兔子酒塞*1,2020-12-30 11:04:35,2020-12-30 11:04:47,,,2020-12-30 16:25:13,2021-01-02 17:11:59,山东省,潍坊市,寿光市,
TAOBAO,ceres旗舰店,1dabb28784967bc4ca38ed45ef5aafad,pinkiemma,="1475819064420514262",普通订单,交易成功,,1,286.22,0.0,0.0,0.0,871.78,taojinbi，9.780000;服饰百货购物券，30.000000;狂欢价，832.000000,,白1双支自饮套餐*1  爱心酒塞*1,2020-12-30 11:52:01,2020-12-30 11:52:05,,,2020-12-30 16:25:13,2021-01-09 16:25:28,重庆市,市辖区,渝北区,
TAOBAO,ceres旗舰店,c505ab97221261edcfa3ff51c89c02b9,sjl15206213700,="1475833179368411183",普通订单,交易成功,,1,305.25,0.0,0.0,0.0,891.75,狂欢价，858.000000;服饰百货购物券，30.000000;taojinbi，3.750000,,,2020-12-29 17:12:00,2020-12-29 17:12:03,,,2020-12-29 17:42:06,2021-01-08 17:42:17,江苏省,苏州市,苏州工业园区,
TAOBAO,ceres旗舰店,55d7a82ce49c0d1ff46ec70293454344,tao5924395,="1475851791725550517",普通订单,交易成功,,3,877.5,0.0,0.0,0.0,2596.5,狂欢价，2496.000000;服饰百货购物券，30.000000;70，70.000000;taojinbi，0.500000,,发顺丰！！白1*7  香槟杯*6 海马刀*3 动物酒塞*1 报关单卫检 售后卡,2020-12-29 17:20:19,2020-12-29 17:20:24,,,2020-12-29 17:38:31,2021-01-04 18:16:15,广东省,中山市,,
TAOBAO,ceres旗舰店,a34284edb60f6d5088f2ad8bee05c063,tb604152921,="1475925517331787217",普通订单,交易成功,,1,326.0,0.0,0.0,0.0,832.0,狂欢价，832.000000,,发顺丰！！！白1双支自饮套餐*1  白狗酒塞*1,2020-12-29 22:40:22,2020-12-29 22:40:29,,,2020-12-30 16:22:21,2021-01-03 13:05:12,广东省,广州市,荔湾区,
TAOBAO,ceres旗舰店,9465e6b83a464f81bfb44b5470bbcccc,yuki_ren1208,="1476067430083377654",普通订单,交易成功,,1,306.66,0.0,0.0,0.0,890.34,服饰百货购物券，30.000000;taojinbi，2.340000;狂欢价，858.000000,,发顺丰！！！白1红1自饮套餐*1 白猫酒塞*1,2020-12-29 20:45:29,2020-12-29 20:45:35,,,2020-12-30 16:22:21,2021-01-01 16:21:05,上海市,市辖区,浦东新区,
TAOBAO,ceres旗舰店,46238afe4cac359b72cc52984564b048,富贵竹19800829,="1476077113345687223",普通订单,交易成功,,2,1834.42,0.0,0.0,0.0,3733.58,服饰百货购物券，30.000000;taojinbi，1.580000;狂欢价，3632.000000;70，70.000000,,,2020-12-30 00:52:35,2020-12-30 00:52:47,,,2020-12-30 16:25:13,2021-01-02 21:43:46,山东省,青岛市,胶州市,
TAOBAO,ceres旗舰店,a7710005fa3239e124c213ed29c3c5c8,guojun1105,="1476092811653567985",普通订单,交易成功,,1,295.83,0.0,0.0,0.0,862.17,狂欢价，832.000000;taojinbi，0.170000;服饰百货购物券，30.000000,,,2020-12-29 19:01:03,2020-12-29 19:01:07,,,2020-12-30 16:25:13,2021-01-03 18:01:29,广东省,深圳市,龙华区,
TAOBAO,ceres旗舰店,ab061a6cda34133143609793dcbbcab5,tb271331298,="1476155667890857776",普通订单,交易成功,,1,298.83,0.0,0.0,0.0,898.17,服饰百货购物券，30.000000;狂欢价，858.000000;taojinbi，10.170000,,白1红1双支自饮套餐*1  白猫酒塞*1 ,2020-12-29 19:29:22,2020-12-29 19:29:30,,,2020-12-30 16:23:16,2021-01-09 16:23:26,辽宁省,沈阳市,大东区,
TAOBAO,ceres旗舰店,b785a7a856d6c20db37fab596fc3088b,tt18385037711,="1476223166739090261",普通订单,交易成功,,1,289.06,0.0,0.0,0.0,868.94,taojinbi，6.940000;狂欢价，832.000000;服饰百货购物券，30.000000,,发顺丰！！！,2020-12-29 22:05:15,2020-12-29 22:05:22,,,2020-12-30 16:22:21,2021-01-03 13:14:28,广东省,广州市,海珠区,
TAOBAO,ceres旗舰店,65c40651c5fcf94d33a16dc017a994ae,xxd6880,="1476280947360679768",普通订单,交易成功,,1,968.27,0.0,0.0,0.0,2505.73,狂欢价，2386.000000;服饰百货购物券，30.000000;70，70.000000;taojinbi，19.730000,,白1*8  海马刀*1  动物酒塞*1 报关单卫检 售后卡,2020-12-29 20:27:45,2020-12-29 20:28:11,,,2020-12-30 16:25:14,2021-01-03 20:09:17,江苏省,无锡市,滨湖区,
TAOBAO,ceres旗舰店,923073f0633f5ecb5f13af24d28b7998,墨青1992,="1476916347727652232",普通订单,交易成功,,1,788.04,0.0,0.0,0.0,1995.96,狂欢价，1916.000000;70，70.000000;taojinbi，9.960000,,白3双支自饮套餐*1  黑狗酒塞*1,2020-12-30 09:30:48,2020-12-30 09:30:53,,,2020-12-30 16:25:13,2021-01-09 16:25:23,陕西省,西安市,雁塔区,
TAOBAO,ceres旗舰店,91ff89793dcf429dca5902e4c4d2ed74,william907,="1477055988767892064",普通订单,交易成功,,2,648.0,0.0,0.0,0.0,1746.0,狂欢价，1716.000000;30，30.000000,,发顺丰！！！,2020-12-30 21:18:19,2020-12-30 21:18:25,,,2020-12-31 09:26:04,2021-01-01 14:27:42,浙江省,宁波市,余姚市,
TAOBAO,ceres旗舰店,91ff89793dcf429dca5902e4c4d2ed74,william907,="1477062828907892064",普通订单,交易成功,,1,309.0,0.0,0.0,0.0,888.0,狂欢价，858.000000;服饰百货购物券，30.000000,,发顺丰！！！白1红1自饮双支套餐*1 红1*1 动物酒塞*1 报关单卫检 售后卡,2020-12-30 21:22:22,2020-12-30 21:22:29,,,2020-12-31 09:25:12,2021-01-01 14:27:49,浙江省,宁波市,余姚市,
TAOBAO,ceres旗舰店,16070c929d342fd16b345f7547afb112,xfrs666,="1477068662151479044",普通订单,交易成功,,1,286.22,0.0,0.0,0.0,871.78,狂欢价，832.000000;taojinbi，9.780000;服饰百货购物券，30.000000,,,2020-12-30 12:12:19,2020-12-30 12:12:26,,,2020-12-30 16:25:14,2021-01-06 20:43:37,安徽省,合肥市,蜀山区,
TAOBAO,ceres旗舰店,6432a3018789c298d9dafed497212fe2,听音乐不要摇摆,="1477237464682799856",普通订单,交易成功,,1,296.0,0.0,0.0,0.0,862.0,狂欢价，832.000000;服饰百货购物券，30.000000,,白1双支自饮套餐*1  黑猫酒塞*1,2020-12-30 22:59:32,2020-12-30 23:01:05,,,2020-12-31 16:30:29,2021-01-10 16:30:35,陕西省,西安市,灞桥区,
TAOBAO,ceres旗舰店,e3aaa552be2888d1f7ba944b879a5c11,tb40665087,="1477315008857353063",普通订单,交易成功,,1,286.85,0.0,0.0,0.0,871.15,taojinbi，9.150000;服饰百货购物券，30.000000;狂欢价，832.000000,,,2020-12-31 00:00:07,2020-12-31 00:00:14,,,2020-12-31 16:30:29,2021-01-10 16:30:37,山东省,莱芜市,莱城区,
TAOBAO,ceres旗舰店,760f64aa4d50e27ce9240999f1943d6f,lorawang23,="1477568846138862014",普通订单,交易成功,,1,308.37,0.0,0.0,0.0,888.63,服饰百货购物券，30.000000;狂欢价，858.000000;taojinbi，0.630000,,白1红1自饮双支套餐*1 爱心酒塞*1 报关单卫检 售后卡,2020-12-30 16:20:02,2020-12-30 16:20:13,,,2020-12-30 17:45:26,2021-01-04 11:47:33,甘肃省,天水市,秦州区,
TAOBAO,ceres旗舰店,a758c1280ed8ea0a68baa0b596d2d22e,hugh791119,="1477577126098184668",普通订单,交易成功,,1,300.26,0.0,0.0,0.0,857.74,狂欢价，819.000000;服饰百货购物券，30.000000;taojinbi，8.740000,,,2020-12-30 16:24:13,2020-12-30 16:24:17,,,2020-12-30 17:45:27,2021-01-09 17:45:35,上海市,市辖区,杨浦区,
TAOBAO,ceres旗舰店,f3ffcb4ac240562a15bb30368805ffaf,颖惑宠儿,="1477623818096818178",普通订单,交易成功,,2,2700.0,769.87,0.0,0.0,3637.87,狂欢价，3532.000000;服饰百货购物券，30.000000;taojinbi，5.870000;70，70.000000,,发顺丰！！！白3*4  红3*3  白3礼盒*4 红3礼盒*3  海马刀*4  香槟杯*2 冰酒礼袋*4,2020-12-30 16:45:15,2020-12-30 16:45:43,,,2020-12-30 17:40:34,2021-01-09 17:40:48,上海市,市辖区,徐汇区,
TAOBAO,ceres旗舰店,ce0469c863c8c3e23f886fc3dc153f87,轶轶alicia,="1478001999881077079",普通订单,交易成功,,1,302.86,0.0,0.0,0.0,894.14,狂欢价，858.000000;服饰百货购物券，30.000000;taojinbi，6.140000,,,2020-12-30 17:36:32,2020-12-30 17:36:38,,,2020-12-31 16:30:28,2021-01-04 19:10:25,重庆市,市辖区,铜梁区,
TAOBAO,ceres旗舰店,4a82ed64a3011bf3dd8e8c3b27a1e5cc,tb_5721250,="1478105208052541530",普通订单,交易成功,,3,945.15,0.0,0.0,0.0,2528.85,taojinbi，1.850000;70，70.000000;狂欢价，2457.000000,两个冰白冰红双支发到北京，其余发到黑龙江黑河包括送的那支，期望今天发货,白2红2自饮套餐*2,2020-12-31 13:19:00,2020-12-31 13:19:16,,,2020-12-31 16:30:29,2021-01-10 16:30:36,北京市,市辖区,朝阳区,
TAOBAO,ceres旗舰店,26e869dcfcf8c310b9893e044d3584e9,林震2250438006,="1478179908975134735",普通订单,交易成功,,3,878.0,0.0,0.0,0.0,2596.0,狂欢价，2496.000000;服饰百货购物券，30.000000;70，70.000000,,白1双支自饮套餐*3 白1*1 白狗酒塞*1,2020-12-31 14:01:29,2020-12-31 14:01:37,,,2020-12-31 16:30:28,2021-01-10 16:30:34,湖北省,省直辖县级行政区划,天门市,
TAOBAO,ceres旗舰店,29788536097a5cd15532d2f0d5ede783,王超111111111,="1478183294922949343",普通订单,交易成功,,1,323.35,0.0,0.0,0.0,834.65,taojinbi，2.650000;服饰百货购物券，30.000000;狂欢价，802.000000,,发顺丰,2020-12-30 20:43:31,2020-12-30 20:43:35,,,2020-12-31 09:20:33,2021-01-10 09:20:44,浙江省,绍兴市,越城区,
TAOBAO,ceres旗舰店,7c6106e9a481f7df6fcfa981f6c55cc8,土豆变王子,="1478295360741937734",普通订单,交易成功,,1,296.0,0.0,0.0,0.0,862.0,服饰百货购物券，30.000000;狂欢价，832.000000,,,2020-12-31 15:01:48,2020-12-31 15:01:52,,,2020-12-31 17:37:54,2021-01-10 17:38:08,浙江省,丽水市,莲都区,
TAOBAO,ceres旗舰店,a62ef4aab5967c82dca7cd08dee35467,hugfr2011,="1478335286690147947",普通订单,交易成功,,1,173.63,0.0,0.0,0.0,420.37,taojinbi，5.370000;狂欢价，415.000000,,发顺丰  白2单支自饮套餐*1 动物酒塞*1 报关单卫检 售后卡,2020-12-30 21:56:06,2020-12-30 21:56:12,,,2020-12-31 09:20:33,2021-01-01 19:35:22,江苏省,常州市,溧阳市,
TAOBAO,ceres旗舰店,dee352c6e336961a86a04ad21d4a81d6,朱千峰88,="1478421218397692649",普通订单,交易成功,,1,295.17,0.0,0.0,0.0,862.83,服饰百货购物券，30.000000;taojinbi，0.830000;狂欢价，832.000000,,发顺丰  白1自饮双支套餐*1   黑钻酒塞*1 报关单卫检 售后卡,2020-12-30 22:43:39,2020-12-30 22:55:03,,,2020-12-31 16:28:25,2021-01-10 16:28:32,浙江省,湖州市,南浔区,
TAOBAO,ceres旗舰店,def038d6d0a413965ebfe1c820721992,最漂亮的蓝孩子,="1478550602167953364",普通订单,交易成功,,1,178.75,0.0,0.0,0.0,415.25,狂欢价，415.000000;taojinbi，0.250000,,,2020-12-31 00:30:06,2020-12-31 00:30:16,,,2020-12-31 09:20:33,2021-01-10 09:20:47,浙江省,杭州市,萧山区,
TAOBAO,ceres旗舰店,0a06a78d4a0fad49312f9d108bb8c61f,小黄豆zjz,="1478686610369185569",普通订单,交易成功,,1,307.83,0.0,0.0,0.0,850.17,taojinbi，1.170000;狂欢价，819.000000;服饰百货购物券，30.000000,,,2020-12-31 08:22:22,2020-12-31 08:22:27,,,2020-12-31 16:30:29,2021-01-10 16:30:32,山东省,济南市,市中区,
TAOBAO,ceres旗舰店,31713713570378b013b575e546d629f3,cavellx,="1478797599903053434",普通订单,交易成功,,1,286.22,0.0,0.0,0.0,871.78,狂欢价，832.000000;服饰百货购物券，30.000000;taojinbi，9.780000,发顺丰,发顺丰 白2双支自饮套餐*1 动物酒塞*1 报关单卫检 售后卡,2020-12-31 00:42:11,2020-12-31 00:42:19,,,2020-12-31 09:20:33,2021-01-10 09:20:47,浙江省,宁波市,鄞州区,
TAOBAO,ceres旗舰店,4a82ed64a3011bf3dd8e8c3b27a1e5cc,tb_5721250,="1478930941430541530",普通订单,交易成功,,1,1.0,0.0,0.0,0.0,,,一个工白双支加赠品,白2*1  红2*2  香槟杯*4  海马刀*1 ,2020-12-31 13:20:16,2020-12-31 13:20:28,,,2020-12-31 16:28:00,2021-01-10 16:28:04,黑龙江省,黑河市,爱辉区,
TAOBAO,ceres旗舰店,68e141af932152ab3c31a31612e08c9c,kkkkkx1,="1479020655120810947",普通订单,交易成功,,1,348.23,0.0,0.0,0.0,848.77,狂欢价，838.000000;taojinbi，10.770000,,白1红1自饮套餐*1 动物酒塞*1,2020-12-31 09:30:32,2020-12-31 09:30:37,,,2020-12-31 16:30:29,2021-01-10 16:30:36,山西省,大同市,浑源县,
TAOBAO,ceres旗舰店,be062947393543c64cf24994ffcd74d1,我失落的思念,="1479258432839484175",普通订单,交易成功,,1,298.83,0.0,0.0,0.0,898.17,狂欢价，858.000000;taojinbi，10.170000;服饰百货购物券，30.000000,,,2020-12-31 22:45:32,2020-12-31 22:45:47,,,2021-01-01 16:51:22,2021-01-04 12:50:36,江苏省,宿迁市,宿城区,
TAOBAO,ceres旗舰店,1f3fbb925726bdfa3a17b2ee72b8bc9c,yuandi1983,="1479296772148786636",普通订单,交易成功,,1,307.47,0.0,0.0,0.0,889.53,狂欢价，858.000000;taojinbi，1.530000;服饰百货购物券，30.000000,,,2020-12-31 23:08:30,2020-12-31 23:08:35,,,2021-01-01 16:51:22,2021-01-11 16:51:38,四川省,成都市,武侯区,
TAOBAO,ceres旗舰店,95a2d3f6240bd2cea172ef044b112a7d,戴伟琴1,="1479490380012006838",普通订单,交易成功,,1,298.83,0.0,0.0,0.0,859.17,狂欢价，819.000000;服饰百货购物券，30.000000;taojinbi，10.170000,,,2021-01-01 04:42:08,2021-01-01 04:42:22,,,2021-01-01 16:51:22,2021-01-11 16:51:36,浙江省,温州市,永嘉县,
TAOBAO,ceres旗舰店,99d0b2cf9a0f507ed23af656673ba2dd,宝导工作室,="1479702564451500086",普通订单,交易成功,,3,1037.89,0.0,0.0,0.0,2436.11,taojinbi，30.110000;狂欢价，2406.000000,,白1双支礼盒套餐*3  白1*1  白1礼盒*1  白狗酒塞*1,2021-01-01 09:37:29,2021-01-01 09:37:35,,,2021-01-01 16:52:22,2021-01-11 16:52:36,辽宁省,沈阳市,浑南区,
TAOBAO,ceres旗舰店,0652b641a1d475153e905fa36935ec1a,niyapr茗,="1479741841784062487",普通订单,交易成功,,1,184.08,0.0,0.0,0.0,409.92,狂欢价，405.000000;taojinbi，4.920000,,,2020-12-31 19:48:05,2020-12-31 19:48:09,,,2021-01-01 16:51:22,2021-01-04 17:51:46,福建省,三明市,尤溪县,
TAOBAO,ceres旗舰店,9bff295f70e8a18757ca87dc6302ddfa,tb6960680_11,="1479871587560556767",普通订单,交易成功,,1,299.99,0.0,0.0,0.0,858.01,taojinbi，9.010000;服饰百货购物券，30.000000;狂欢价，819.000000,请尽快发货，谢谢。,,2020-12-31 16:02:04,2020-12-31 16:02:07,,,2020-12-31 17:37:54,2021-01-10 17:38:04,上海市,市辖区,浦东新区,
TAOBAO,ceres旗舰店,bf8bd8abe08a65f06ec7802bf719ff29,yyqpuma,="1480274463117774478",普通订单,交易成功,,1,841.38,0.0,0.0,0.0,1942.62,服饰百货购物券，30.000000;狂欢价，1816.000000;70，70.000000;taojinbi，26.620000,,,2020-12-31 19:05:14,2020-12-31 19:05:20,,,2021-01-01 16:51:22,2021-01-02 17:39:55,江苏省,徐州市,泉山区,
TAOBAO,ceres旗舰店,53bf9fecfef8cb99c90d8a54a6fb0705,kevin_tengn,="1481499684948320532",普通订单,交易成功,,3,913.24,0.0,0.0,0.0,2560.76,70，70.000000;狂欢价，2457.000000;服饰百货购物券，30.000000;taojinbi，3.760000,,白2红2自饮套餐*3  白2*1  动物酒塞*1,2021-01-01 20:36:46,2021-01-01 20:36:52,,,2021-01-02 16:27:17,2021-01-12 16:27:28,浙江省,温州市,龙湾区,
TAOBAO,ceres旗舰店,de06419983c882d3ed877507d8b114d1,tb9201178,="1481725836438646066",普通订单,交易成功,,1,296.0,0.0,0.0,0.0,862.0,服饰百货购物券，30.000000;狂欢价，832.000000,,白1自饮双支套餐*1 红1*1 报关单卫检 售后卡,2021-01-01 22:11:57,2021-01-01 22:12:01,,,2021-01-02 16:20:17,2021-01-12 16:20:24,山东省,青岛市,市南区,
TAOBAO,ceres旗舰店,87275ff09e2002cb52df98affcb4c2b7,嘟嘟小李子1125,="1481765978821617658",普通订单,交易成功,,1,339.0,0.0,0.0,0.0,819.0,狂欢价，789.000000;服饰百货购物券，30.000000,,,2021-01-01 14:30:47,2021-01-01 14:30:58,,,2021-01-01 17:39:38,2021-01-05 18:20:50,北京市,市辖区,大兴区,
TAOBAO,ceres旗舰店,640a8527cf2c611e93bb555645464081,nimo俞可心,="1481874876049778056",普通订单,交易成功,,1,356.06,0.0,0.0,0.0,1017.94,狂欢价，976.000000;taojinbi，11.940000;服饰百货购物券，30.000000,,,2021-01-01 23:39:17,2021-01-01 23:39:28,,,2021-01-02 16:20:17,2021-01-08 19:27:22,浙江省,衢州市,衢江区,
TAOBAO,ceres旗舰店,d3a6716c25643e710e68e3a915cfb5a2,missmisseric,="1481919049328924240",普通订单,交易成功,,1,175.76,0.0,0.0,0.0,418.24,taojinbi，3.240000;狂欢价，415.000000,,白1*1 香槟杯*2  海马刀*1  动物酒塞*1  ,2021-01-01 17:55:55,2021-01-01 17:56:01,,,2021-01-02 16:20:16,2021-01-04 18:25:34,山东省,青岛市,即墨区,
TAOBAO,ceres旗舰店,eaebaa8474596695086e2daf40ecb32f,木木和太太,="1482104487706208150",普通订单,交易成功,,1,302.17,0.0,0.0,0.0,855.83,服饰百货购物券，30.000000;taojinbi，6.830000;狂欢价，819.000000,,,2021-01-01 15:23:13,2021-01-01 15:23:19,,,2021-01-01 17:39:38,2021-01-11 17:39:42,北京市,市辖区,朝阳区,
TAOBAO,ceres旗舰店,e41834ef69d6865df37f04532fba5ee1,huangcan黄灿88,="1482250393397239678",普通订单,交易成功,,1,428.0,0.0,0.0,0.0,730.0,狂欢价，730.000000,,,2021-01-01 20:00:45,2021-01-01 20:15:51,,,2021-01-02 16:20:17,2021-01-11 09:52:48,浙江省,丽水市,青田县,
TAOBAO,ceres旗舰店,7f05e31521dd12e3d158abbff4b7e5d1,teng95718,="1482552470634561465",普通订单,交易成功,,1,309.0,0.0,0.0,0.0,849.0,狂欢价，819.000000;服饰百货购物券，30.000000,,,2021-01-01 19:21:37,2021-01-01 19:21:40,,,2021-01-02 16:20:17,2021-01-12 09:45:45,浙江省,台州市,温岭市,
TAOBAO,ceres旗舰店,de06419983c882d3ed877507d8b114d1,tb9201178,="1482562405666646066",普通订单,交易成功,,2,660.96,0.0,0.0,0.0,30.0,30，30.000000,,,2021-01-01 22:09:43,2021-01-01 22:09:48,,,2021-01-02 16:20:17,2021-01-12 16:20:23,山东省,青岛市,市南区,
TAOBAO,ceres旗舰店,933919c2f257668a268d338115bce252,lcd990828,="1483077314395582977",普通订单,交易成功,,1,298.97,0.0,0.0,0.0,898.03,taojinbi，10.030000;服饰百货购物券，30.000000;狂欢价，858.000000,,,2021-01-01 23:06:45,2021-01-01 23:06:49,,,2021-01-02 16:20:16,2021-01-12 16:20:24,江苏省,扬州市,邗江区,
TAOBAO,ceres旗舰店,ed6457d5ba05d3b4a42b64fd2b358b1a,dennisduanran,="1483120117593859869",普通订单,交易成功,,2,730.72,0.0,0.0,0.0,1663.28,taojinbi，7.280000;掌柜推荐，1596.000000;60，60.000000,,,2021-01-02 10:09:50,2021-01-02 10:10:03,,,2021-01-02 16:20:17,2021-01-12 16:20:27,北京市,市辖区,西城区,
TAOBAO,ceres旗舰店,6c15149c0c0abd8d2a79708f5deac8aa,知好色则慕少艾丶,="1483189670500773083",普通订单,交易成功,,1,366.31,0.0,0.0,0.0,830.69,taojinbi，2.690000;掌柜推荐，798.000000;30，30.000000,,,2021-01-02 00:39:23,2021-01-02 00:39:27,,,2021-01-02 16:20:17,2021-01-12 16:20:26,湖南省,株洲市,攸县,
TAOBAO,ceres旗舰店,e94663ac0f090f2f28a074cf5a8fbc14,蓝海弑心,="1483575121320751681",普通订单,交易成功,,1,344.42,0.0,0.0,0.0,813.58,掌柜推荐，772.000000;30，30.000000;taojinbi，11.580000,,,2021-01-02 12:34:49,2021-01-02 12:35:14,,,2021-01-02 16:20:17,2021-01-09 10:18:36,甘肃省,天水市,秦州区,
TAOBAO,ceres旗舰店,ed5022d152a65272abae436f42592d13,买家娜娜07,="1484067603026037939",普通订单,交易成功,,1,185.75,0.0,0.0,0.0,408.25,taojinbi，3.250000;掌柜推荐，405.000000,,,2021-01-02 12:04:34,2021-01-02 12:04:38,,,2021-01-02 16:15:24,2021-01-12 16:15:33,黑龙江省,哈尔滨市,道里区,
TAOBAO,ceres旗舰店,4efccb279a0484fd32db2ffdb06431d1,yu20886401,="1484418852018139178",普通订单,交易成功,,1,878.0,0.0,0.0,0.0,1906.0,100，100.000000;掌柜推荐，1806.000000,,,2021-01-03 01:01:45,2021-01-03 01:01:58,,,2021-01-03 16:11:49,2021-01-13 16:11:56,上海市,市辖区,虹口区,
TAOBAO,ceres旗舰店,26fcc87d9751dd14898c6ecd62cea3c2,t_1584610729266_0954,="1484432424136074777",普通订单,交易成功,,1,339.0,0.0,0.0,0.0,819.0,掌柜推荐，789.000000;30，30.000000,,白2红2双支自饮套餐*1  白狗酒塞*1,2021-01-03 01:30:29,2021-01-03 01:30:36,,,2021-01-03 16:11:50,2021-01-13 16:11:55,北京市,市辖区,朝阳区,
TAOBAO,ceres旗舰店,8a1a2f2b1f479cdb2a0db03fb48ed346,tb64901430,="1484571745564669152",普通订单,交易成功,,1,339.0,0.0,0.0,0.0,819.0,掌柜推荐，789.000000;30，30.000000,,,2021-01-02 18:48:15,2021-01-02 18:48:19,,,2021-01-03 16:11:50,2021-01-12 16:53:27,贵州省,贵阳市,观山湖区,
TAOBAO,ceres旗舰店,921c64f9494dd4711f960e4c3f034478,qdd王洪俊,="1484591869311775943",普通订单,交易成功,,1,315.32,0.0,0.0,0.0,842.68,掌柜推荐，802.000000;30，30.000000;taojinbi，10.680000,,,2021-01-02 18:55:21,2021-01-02 18:55:31,,,2021-01-03 16:11:50,2021-01-13 16:11:56,山东省,青岛市,崂山区,
TAOBAO,ceres旗舰店,8d5d75ff568786c96c5a3b04b319c2fd,锦鲤鱼饲料,="1484756244515335979",普通订单,交易成功,,1,428.0,0.0,0.0,0.0,730.0,30，30.000000;掌柜推荐，700.000000,,,2021-01-03 10:18:26,2021-01-03 10:18:37,,,2021-01-03 16:11:50,2021-01-13 16:11:52,四川省,内江市,东兴区,
TAOBAO,ceres旗舰店,00ee0ee8f58ee2bf475f9ddb6640be3a,丽特fang,="1484870330115008456",普通订单,交易成功,,1,871.32,0.0,0.0,0.0,1912.68,100，100.000000;taojinbi，6.680000;掌柜推荐，1806.000000,,,2021-01-02 18:09:43,2021-01-02 18:09:46,,,2021-01-03 16:11:50,2021-01-13 16:11:54,广东省,广州市,荔湾区,
TAOBAO,ceres旗舰店,7c9e6a2a5a7ef09ab990360e481fdb13,snowy890523,="1485119738435599072",普通订单,交易成功,,1,327.93,0.0,0.0,0.0,830.07,30，30.000000;掌柜推荐，789.000000;taojinbi，11.070000,,,2021-01-02 19:44:56,2021-01-02 19:54:13,,,2021-01-03 16:11:49,2021-01-13 16:11:55,安徽省,宣城市,宣州区,
TAOBAO,ceres旗舰店,79cb57b9a62fcab3ab3c366fbe79c792,忘了流泪88,="1485447842787211443",普通订单,交易成功,,1,327.93,0.0,0.0,0.0,869.07,taojinbi，11.070000;30，30.000000;掌柜推荐，828.000000,,,2021-01-02 22:04:01,2021-01-02 22:04:07,,,2021-01-03 16:11:50,2021-01-05 19:58:30,山东省,东营市,东营区,
TAOBAO,ceres旗舰店,af7a46226b6ba67f4a796a6196d674b3,xiaonanhaiya,="1485651350233079643",普通订单,交易成功,,1,359.28,0.0,0.0,0.0,837.72,taojinbi，9.720000;掌柜推荐，798.000000;30，30.000000,,,2021-01-03 00:12:02,2021-01-03 00:12:09,,,2021-01-03 16:11:50,2021-01-10 15:03:54,河南省,三门峡市,灵宝市,
TAOBAO,ceres旗舰店,8d5d75ff568786c96c5a3b04b319c2fd,锦鲤鱼饲料,="1485664958316335979",普通订单,交易成功,,1,427.22,0.0,0.0,0.0,730.78,30，30.000000;掌柜推荐，700.000000;taojinbi，0.780000,,,2021-01-03 00:28:26,2021-01-03 00:28:33,,,2021-01-03 16:11:51,2021-01-13 16:11:53,四川省,内江市,东兴区,
TAOBAO,ceres旗舰店,7ee62f34dce1d409d71a4622ed6da404,crz小年,="1485811764257601576",普通订单,交易成功,,1,323.36,0.0,0.0,0.0,834.64,30，30.000000;taojinbi，2.640000;掌柜推荐，802.000000,,,2021-01-03 16:38:16,2021-01-03 16:38:21,,,2021-01-03 17:40:33,2021-01-10 08:47:29,山东省,淄博市,张店区,
TAOBAO,ceres旗舰店,6b6727d7922b5d36ec5078df57439923,jsbyysheng,="1485843806576456924",普通订单,交易成功,,1,875.93,0.0,0.0,0.0,1908.07,掌柜推荐，1806.000000;taojinbi，2.070000;100，100.000000,,,2021-01-03 08:41:40,2021-01-03 08:41:46,,,2021-01-03 16:11:50,2021-01-06 11:57:24,北京市,市辖区,海淀区,
TAOBAO,ceres旗舰店,39ef6573ee4c120910f749854ec9403a,yyj850310,="1486047960753129559",普通订单,交易成功,,1,816.82,0.0,0.0,0.0,1967.18,100，100.000000;taojinbi，11.180000;掌柜推荐，1856.000000,,,2021-01-03 17:59:28,2021-01-03 17:59:32,,,2021-01-04 16:16:23,2021-01-11 08:39:56,四川省,成都市,,
TAOBAO,ceres旗舰店,6330595eb6945ec8edf469dc79b1ac3a,yzw19891003,="1486199271000355785",普通订单,交易成功,,1,338.14,0.0,0.0,0.0,819.86,掌柜推荐，789.000000;taojinbi，0.860000;30，30.000000,,,2021-01-03 11:18:13,2021-01-03 11:18:18,,,2021-01-03 16:11:50,2021-01-05 16:38:45,河南省,信阳市,,
TAOBAO,ceres旗舰店,04cb5dd2a7d9dbeeeff5ee0379f67e5d,t_1503213228512_0127,="1486638468900456235",普通订单,交易成功,,1,322.94,0.0,0.0,0.0,835.06,taojinbi，3.060000;掌柜推荐，802.000000;30，30.000000,,,2021-01-03 21:50:28,2021-01-03 21:50:38,,,2021-01-04 16:16:24,2021-01-07 14:53:16,四川省,乐山市,市中区,
TAOBAO,ceres旗舰店,6e1a9e999191fd92962a516428423021,veidt1988,="1487059130260928518",普通订单,交易成功,,1,965.06,0.0,0.0,0.0,2508.94,品牌促销，2376.000000;100，100.000000;taojinbi，32.940000,,白1*8 海马刀*1  白狗酒塞*1 ,2021-01-03 16:28:30,2021-01-03 16:28:34,,,2021-01-03 17:40:34,2021-01-04 19:23:39,浙江省,杭州市,滨江区,
TAOBAO,ceres旗舰店,9e61b51f72e1d48afee64d3612889fd0,tb1765148_2011,="1487269550872505546",普通订单,交易成功,,1,336.96,0.0,0.0,0.0,821.04,30，30.000000;掌柜推荐，789.000000;taojinbi，2.040000,,,2021-01-03 17:44:08,2021-01-03 17:44:19,,,2021-01-04 16:16:23,2021-01-13 19:48:42,上海市,市辖区,杨浦区,
TAOBAO,ceres旗舰店,dd2b02dc89678db64fa3be2c9db26af4,jellyli425,="1487545202662154427",普通订单,交易成功,,1,327.93,0.0,0.0,0.0,869.07,taojinbi，11.070000;掌柜推荐，828.000000;30，30.000000,,,2021-01-03 19:25:30,2021-01-03 19:25:36,,,2021-01-04 16:16:24,2021-01-14 16:16:37,浙江省,杭州市,余杭区,
TAOBAO,ceres旗舰店,b012a4ac362f7e6ad5ccce16fd88f5a1,心晴gg,="1487585449660115636",普通订单,交易成功,,3,1097.0,0.0,0.0,0.0,2377.0,100，100.000000;掌柜推荐，2277.000000,亲，请赠一瓶冰白，谢谢,白2红2礼盒装*3  白2*1 白狗酒塞*1,2021-01-03 22:35:17,2021-01-03 22:35:28,,,2021-01-04 16:12:25,2021-01-14 16:12:37,黑龙江省,哈尔滨市,南岗区,
TAOBAO,ceres旗舰店,dd854e47053b279424f4ed6ce8e98503,蓝调心情1124,="1487613529135047326",普通订单,交易成功,,1,338.79,0.0,0.0,0.0,858.21,掌柜推荐，828.000000;taojinbi，0.210000;30，30.000000,,,2021-01-03 22:48:48,2021-01-03 22:48:54,,,2021-01-04 16:16:23,2021-01-14 16:16:33,浙江省,杭州市,余杭区,
TAOBAO,ceres旗舰店,a71800161410b66e7bf55052087e272e,风雨雷电天地仁和,="1487616120502084836",普通订单,交易成功,,1,315.32,0.0,0.0,0.0,842.68,掌柜推荐，802.000000;30，30.000000;taojinbi，10.680000,,白1双支自饮套餐*1  黑猫酒塞*1 ,2021-01-04 12:34:16,2021-01-04 12:34:22,,,2021-01-04 16:16:23,2021-01-08 14:24:01,浙江省,杭州市,滨江区,
TAOBAO,ceres旗舰店,eca539de5db41773b2ed28a0d27d1d3a,星子g20021008,="1487730243537409515",普通订单,交易成功,,1,388.09,0.0,0.0,0.0,769.91,taojinbi，9.910000;30，30.000000;掌柜推荐，730.000000,,,2021-01-03 19:26:12,2021-01-03 19:26:26,,,2021-01-04 16:16:23,2021-01-06 21:50:03,重庆市,市辖区,沙坪坝区,
TAOBAO,ceres旗舰店,36d029d88324177b122850c7b51c5367,海娃030819,="1487762064373617486",普通订单,交易成功,,1,327.93,0.0,0.0,0.0,830.07,掌柜推荐，789.000000;30，30.000000;taojinbi，11.070000,,,2021-01-04 13:40:10,2021-01-04 13:40:32,,,2021-01-04 16:16:23,2021-01-09 15:45:19,北京市,市辖区,丰台区,
TAOBAO,ceres旗舰店,6995696767553feeec9d6a3b14052cb4,tb2817565278,="1487916254554962035",普通订单,交易成功,,1,339.0,0.0,0.0,0.0,819.0,掌柜推荐，789.000000;30，30.000000,,,2021-01-03 21:55:32,2021-01-03 22:03:43,,,2021-01-04 16:16:54,2021-01-14 16:17:03,江西省,赣州市,章贡区,
TAOBAO,ceres旗舰店,a777d1bb5d6b31bb8c66997c371fc240,刘岳军944,="1488168507302578739",普通订单,交易成功,,3,1038.0,0.0,0.0,0.0,2436.0,100，100.000000;taojinbi，20.000000;掌柜推荐，2316.000000,,买6瓶送1瓶【数云备注】,2021-01-03 22:24:11,2021-01-03 22:24:58,,,2021-01-04 16:16:24,2021-01-14 16:16:34,浙江省,舟山市,普陀区,
TAOBAO,ceres旗舰店,d57ec144f932657aabc8907b48fc2b24,迅哥1978,="1488243603368285339",普通订单,交易成功,,1,333.14,0.0,0.0,0.0,863.86,掌柜推荐，828.000000;taojinbi，5.860000;30，30.000000,,白1红1自饮套餐*1 黑猫酒塞*1,2021-01-03 23:06:38,2021-01-03 23:06:43,,,2021-01-04 16:16:24,2021-01-05 17:40:50,安徽省,合肥市,瑶海区,
TAOBAO,ceres旗舰店,4f2733d9839a09ab1da0d64e337fc31b,wyvernwangwei,="1488403658372411146",普通订单,交易成功,,1,344.42,0.0,0.0,0.0,813.58,掌柜推荐，772.000000;30，30.000000;taojinbi，11.580000,,发顺丰！！！ 白1双支礼盒套餐*1  动物酒塞*1 ,2021-01-04 09:34:27,2021-01-04 09:34:37,,,2021-01-04 16:13:24,2021-01-14 16:13:40,天津市,市辖区,河西区,
TAOBAO,ceres旗舰店,daecdf81d6678094018fd55d0c83c149,a1013814479,="1488873062819017261",普通订单,交易成功,,1,320.45,0.0,0.0,0.0,837.55,taojinbi，5.550000;掌柜推荐，802.000000;30，30.000000,,白2双支自饮套餐*1   白狗酒塞*1 ,2021-01-04 12:28:07,2021-01-04 12:28:13,,,2021-01-04 16:12:25,2021-01-07 18:34:24,辽宁省,大连市,甘井子区,
TAOBAO,ceres旗舰店,8d4de4ee543684f81177a80f88e20520,cheche19940617,="1488962448484954062",普通订单,交易成功,,1,385.16,0.0,0.0,0.0,988.84,30，30.000000;taojinbi，12.840000;掌柜推荐，946.000000,,,2021-01-04 22:25:55,2021-01-04 22:26:00,,,2021-01-05 16:09:56,2021-01-15 16:10:06,江苏省,南京市,秦淮区,
TAOBAO,ceres旗舰店,4e4f35211f081e1b5fff451cd951bf05,我是光棍007,="1489224745570782777",普通订单,交易成功,,1,328.38,0.0,0.0,0.0,868.62,taojinbi，10.620000;30，30.000000;掌柜推荐，828.000000,,,2021-01-04 18:02:14,2021-01-04 18:02:24,,,2021-01-05 16:09:55,2021-01-15 16:10:07,浙江省,杭州市,西湖区,
TAOBAO,ceres旗舰店,f4c87d0945668d50173db90d46d65fd3,tb787978062,="1489529629564344867",普通订单,交易成功,,1,339.0,0.0,0.0,0.0,858.0,30，30.000000;掌柜推荐，828.000000,,,2021-01-04 20:08:22,2021-01-04 20:08:27,,,2021-01-05 16:09:56,2021-01-07 14:44:44,上海市,市辖区,奉贤区,
TAOBAO,ceres旗舰店,da74f45f6c58d846b254756660408e0c,落花0667,="1489910762900744449",普通订单,交易成功,,1,369.0,0.0,0.0,0.0,789.0,30，30.000000;掌柜推荐，759.000000,,发顺丰  写贺卡,2021-01-04 19:54:02,2021-01-04 19:54:20,,,2021-01-05 09:06:53,2021-01-15 09:07:04,江苏省,连云港市,赣榆区,
TAOBAO,ceres旗舰店,c63866dad14954e689971555b1ed87c4,t_1485781140313_0499,="1489911445273187033",普通订单,交易成功,,1,319.74,0.0,0.0,0.0,838.26,taojinbi，6.260000;掌柜推荐，802.000000;30，30.000000,,白1双支自饮套餐*1  动物酒塞*1 ,2021-01-04 23:09:03,2021-01-04 23:09:07,,,2021-01-05 16:09:56,2021-01-15 16:10:05,湖北省,武汉市,黄陂区,
TAOBAO,ceres旗舰店,2eaa017c0d871c4ccba3b5847ac92895,吴仕渝,="1490175650570388756",普通订单,交易成功,,1,339.0,0.0,0.0,0.0,819.0,掌柜推荐，789.000000;30，30.000000,,白2红自饮套餐*1 动物酒塞*1,2021-01-04 21:48:57,2021-01-04 21:49:01,,,2021-01-05 16:09:56,2021-01-08 19:23:24,浙江省,温州市,乐清市,
TAOBAO,ceres旗舰店,b40c2563e80cee81919f55a90b4f67a8,tb748538814,="1490200524504057929",普通订单,交易成功,,1,396.62,0.0,0.0,0.0,977.38,30，30.000000;掌柜推荐，946.000000;taojinbi，1.380000,,差价50 ytceres1已退,2021-01-05 14:58:49,2021-01-05 15:03:29,,,2021-01-05 18:02:06,2021-01-09 08:12:29,湖南省,株洲市,天元区,
TAOBAO,ceres旗舰店,583cd01258687d83e20844c239f487de,稳操胜券xx,="1490202504380268435",普通订单,交易成功,,1,353.88,0.0,0.0,0.0,804.12,掌柜推荐，772.000000;30，30.000000;taojinbi，2.120000,,白2双支礼盒套餐*1  动物酒塞*1 ,2021-01-05 14:59:18,2021-01-05 14:59:21,,,2021-01-05 18:02:06,2021-01-15 18:02:14,山东省,青岛市,平度市,
TAOBAO,ceres旗舰店,341c7767f4f9ae994a5107f94a23f4db,富达宝贝之一,="1490209634964523459",普通订单,交易成功,,1,358.66,0.0,0.0,0.0,799.34,taojinbi，10.340000;30，30.000000;掌柜推荐，759.000000,,,2021-01-04 22:06:22,2021-01-04 22:06:30,,,2021-01-05 16:09:55,2021-01-15 16:10:06,浙江省,温州市,鹿城区,
TAOBAO,ceres旗舰店,218cf49e25533e30a4cadbc486c4ae59,海鸥丶海鸥,="1490341106931473940",普通订单,交易成功,,1,331.73,0.0,0.0,0.0,865.27,掌柜推荐，828.000000;taojinbi，7.270000;30，30.000000,,,2021-01-04 23:21:50,2021-01-04 23:21:53,,,2021-01-05 16:09:55,2021-01-15 16:10:03,江苏省,南京市,秦淮区,
TAOBAO,ceres旗舰店,37fbc6a3c0a2e332056927b7e452e417,熊熊家族316822287,="1490705067311155782",普通订单,交易成功,,1,338.77,0.0,0.0,0.0,819.23,taojinbi，0.230000;30，30.000000;掌柜推荐，789.000000,,,2021-01-05 07:24:33,2021-01-05 07:24:39,,,2021-01-05 16:09:55,2021-01-11 11:12:13,北京市,市辖区,海淀区,
TAOBAO,ceres旗舰店,1850db40fb2bb18a49d94e971920b09e,t_1501487217225_0258,="1490759316762324267",普通订单,交易成功,,1,359.0,0.0,0.0,0.0,838.0,30，30.000000;聚划算，808.000000,,20差价,2021-01-05 18:55:44,2021-01-05 18:55:52,,,2021-01-06 16:47:13,2021-01-16 16:47:23,山东省,青岛市,李沧区,
TAOBAO,ceres旗舰店,f1886c2241531f9dbb418d58170a43c9,古月青青青910804,="1490969953484996449",普通订单,交易成功,,1,329.68,0.0,0.0,0.0,867.32,30，30.000000;taojinbi，9.320000;掌柜推荐，828.000000,,白1红1双支自饮套餐*1  香槟杯*2 ,2021-01-05 14:10:36,2021-01-05 14:10:43,,,2021-01-05 16:09:55,2021-01-15 16:10:05,河南省,郑州市,新郑市,
TAOBAO,ceres旗舰店,cc983247a042d24f8e0b8bd80b2d0798,96neko澜,="1491434676562990973",普通订单,交易成功,,1,407.63,0.0,0.0,0.0,960.37,30，30.000000;聚划算，922.000000;taojinbi，8.370000,,发顺丰！！！,2021-01-06 00:45:39,2021-01-06 00:45:45,,,2021-01-06 16:44:28,2021-01-16 16:44:36,河北省,沧州市,盐山县,
TAOBAO,ceres旗舰店,56fae09644487644515d798a0569068d,骏哥96,="1491465423230710233",普通订单,交易成功,,1,322.08,0.0,0.0,0.0,835.92,taojinbi，3.920000;30，30.000000;掌柜推荐，802.000000,,差价30！！  已退,2021-01-05 13:19:22,2021-01-05 13:19:33,,,2021-01-05 16:09:56,2021-01-12 09:44:12,广东省,佛山市,顺德区,
TAOBAO,ceres旗舰店,99e42a73fc4a4c1a16c71ab66279acb1,郭方舟668,="1491525219597138268",普通订单,交易成功,,1,188.76,0.0,0.0,0.0,405.24,taojinbi，0.240000;聚划算，405.000000,,白1单支礼盒套餐*1  动物酒塞*1 ,2021-01-05 13:47:51,2021-01-05 13:48:05,,,2021-01-05 16:09:55,2021-01-15 16:10:05,湖南省,株洲市,荷塘区,
TAOBAO,ceres旗舰店,e90fb0feb8249d32b12b53f1bd2c73f2,dajiangkey,="1491571407667360660",普通订单,交易成功,,1,987.21,0.0,0.0,0.0,2486.79,taojinbi，0.790000;聚划算，2386.000000;100，100.000000,,白1*7  白1礼盒*7  海马刀*3  冰酒礼袋*4  香槟杯*6,2021-01-05 14:08:54,2021-01-05 14:08:59,,,2021-01-05 16:09:56,2021-01-08 04:36:13,山东省,青岛市,市北区,
TAOBAO,ceres旗舰店,96210f1bc79a35d3a61b317897cd5477,tb_3244305,="1491633975950857628",普通订单,交易成功,,1,362.35,0.0,0.0,0.0,834.65,30，30.000000;掌柜推荐，798.000000;taojinbi，6.650000,顺丰尽快发哦，谢谢啦,发顺丰！！！ 白1红1双支礼盒套餐*1  动物酒塞*1 ,2021-01-05 14:42:34,2021-01-05 14:42:58,,,2021-01-05 18:11:52,2021-01-15 18:12:08,重庆市,市辖区,北碚区,
TAOBAO,ceres旗舰店,f09288a5bd24652b91fae78b290bf3d5,小霞mwx,="1491760154247179151",普通订单,交易成功,,1,325.95,0.0,0.0,0.0,832.05,taojinbi，0.050000;30，30.000000;掌柜推荐，802.000000,,,2021-01-05 17:00:54,2021-01-05 17:01:04,,,2021-01-05 18:02:05,2021-01-15 18:02:16,河南省,郑州市,二七区,
TAOBAO,ceres旗舰店,17743168b8ae1db7e5997aa3fae54930,浪漫同享,="1491821496424440866",普通订单,交易成功,,2,637.74,0.0,0.0,0.0,1756.26,taojinbi，20.260000;聚划算，1676.000000;60，60.000000,,白1红1自饮套餐*2 动物酒塞*1 报关单卫检售后卡,2021-01-06 10:33:43,2021-01-06 10:33:57,,,2021-01-06 16:45:27,2021-01-10 12:16:11,辽宁省,辽阳市,灯塔市,
TAOBAO,ceres旗舰店,dce102dc7cc355e3d6a932d5b0f28049,openspace123,="1491947532917571360",普通订单,交易成功,,1,298.83,0.0,0.0,0.0,898.17,聚划算，858.000000;30，30.000000;taojinbi，10.170000,,,2021-01-06 11:14:41,2021-01-06 11:14:46,,,2021-01-06 16:47:14,2021-01-08 19:46:41,湖北省,武汉市,武昌区,
TAOBAO,ceres旗舰店,3ae7db2238579651e52cfef389a3bc04,黑月奴林塔瑞,="1492083576108907143",普通订单,交易成功,,1,443.36,0.0,0.0,0.0,1050.64,30，30.000000;聚划算，1006.000000;taojinbi，14.640000,,,2021-01-06 11:54:06,2021-01-06 11:54:16,,,2021-01-06 16:47:13,2021-01-16 16:47:23,北京市,市辖区,海淀区,
TAOBAO,ceres旗舰店,000a256787f2b70515a637294696d39a,左思倩123,="1492094593666842831",普通订单,交易成功,,1,327.93,0.0,0.0,0.0,869.07,taojinbi，11.070000;聚划算，828.000000;30，30.000000,,,2021-01-05 22:16:33,2021-01-05 22:16:37,,,2021-01-06 16:47:14,2021-01-08 16:33:05,湖北省,武汉市,汉南区,
TAOBAO,ceres旗舰店,a0abb9120305249ed9e2b3e0d6859acf,刘倩tt,="1492118461374478240",普通订单,交易成功,,1,301.34,0.0,0.0,0.0,895.66,30，30.000000;聚划算，858.000000;taojinbi，7.660000,,白1红1自饮套餐*1  动物酒塞*1,2021-01-05 22:28:27,2021-01-05 22:29:03,,,2021-01-06 16:47:14,2021-01-16 16:47:21,河南省,郑州市,管城回族区,
TAOBAO,ceres旗舰店,e74b9988a2b70e7b5d465cdd3f12c5e8,luciapeyton,="1492246873208363128",普通订单,交易成功,,1,309.0,0.0,0.0,0.0,849.0,聚划算，819.000000;30，30.000000,,,2021-01-05 23:54:23,2021-01-05 23:54:29,,,2021-01-06 16:47:13,2021-01-16 16:47:28,北京市,市辖区,海淀区,
TAOBAO,ceres旗舰店,151c8e865e5dab17827daabc292c3ba6,laodong059,="1492377555090292062",普通订单,交易成功,,1,766.0,0.0,0.0,0.0,2018.0,100，100.000000;聚划算，1916.000000;taojinbi，2.000000,,发顺丰！！！,2021-01-05 19:46:48,2021-01-05 19:46:58,,,2021-01-06 16:44:27,2021-01-16 16:44:34,北京市,市辖区,海淀区,
TAOBAO,ceres旗舰店,05e3721a04e0a7c7b98dc90568abdfdb,晴哥小zora,="1492578327644473179",普通订单,交易成功,,1,3048.0,0.0,0.0,0.0,5574.0,100，100.000000;聚划算，5474.000000,,买6瓶送1瓶【数云备注】,2021-01-05 21:11:21,2021-01-05 21:11:28,,,2021-01-06 16:47:14,2021-01-16 16:47:24,浙江省,杭州市,萧山区,
TAOBAO,ceres旗舰店,1b38f3b5f9e8d7bca4fbbb3e40609f68,雕刻时光刘晓江,="1492802713092218613",普通订单,交易成功,,2,518.1,0.0,0.0,0.0,30.0,30，30.000000,,,2021-01-06 11:10:30,2021-01-06 11:11:20,,,2021-01-06 16:47:13,2021-01-16 16:47:26,河南省,郑州市,中原区,
TAOBAO,ceres旗舰店,aed4d1e84c99239ccf663beb3a3982db,tb777582259,="1492868846789729125",普通订单,交易成功,,1,356.06,0.0,0.0,0.0,801.94,聚划算，760.000000;30，30.000000;taojinbi，11.940000,,,2021-01-06 08:17:44,2021-01-06 08:20:17,,,2021-01-06 16:47:13,2021-01-08 08:33:16,江苏省,无锡市,梁溪区,
TAOBAO,ceres旗舰店,aed4d1e84c99239ccf663beb3a3982db,tb777582259,="1493054067287729125",普通订单,交易成功,,1,356.06,0.0,0.0,0.0,801.94,taojinbi，11.940000;30，30.000000;聚划算，760.000000,,,2021-01-06 08:18:27,2021-01-06 08:20:17,,,2021-01-06 16:47:14,2021-01-08 08:33:02,江苏省,无锡市,梁溪区,
TAOBAO,ceres旗舰店,aed4d1e84c99239ccf663beb3a3982db,tb777582259,="1493162534750729125",普通订单,交易成功,,1,358.88,0.0,0.0,0.0,1015.12,30，30.000000;聚划算，976.000000;taojinbi，9.120000,,红2*3 香槟杯*2 海马刀*1 ,2021-01-06 10:52:54,2021-01-06 10:52:59,,,2021-01-06 16:47:13,2021-01-08 08:32:35,江苏省,无锡市,梁溪区,
TAOBAO,ceres旗舰店,c62ff7149abdeddc85c2716dbff7c66f,麦波蛋糕since1996,="1493230537636800958",普通订单,交易成功,,1,296.0,0.0,0.0,0.0,862.0,30，30.000000;聚划算，832.000000,,,2021-01-06 13:49:40,2021-01-06 13:50:08,,,2021-01-06 16:47:14,2021-01-16 16:47:24,广东省,深圳市,,
TAOBAO,ceres旗舰店,7950f9ebeef3a0e786070969aabbd776,yansuncheng,="1493640036633464074",普通订单,交易成功,,4,673.32,0.0,0.0,0.0,1702.68,聚划算，1620.000000;taojinbi，22.680000;60，60.000000,,,2021-01-06 23:11:57,2021-01-06 23:12:01,,,2021-01-07 16:32:30,2021-01-12 12:36:54,上海市,市辖区,闵行区,
TAOBAO,ceres旗舰店,7259369e1ed4b087fa07e3d75b5f6fe4,山花小玲,="1493652206419054563",普通订单,交易成功,,1,339.0,0.0,0.0,0.0,819.0,30，30.000000;聚划算，789.000000,,,2021-01-06 13:43:27,2021-01-06 13:43:40,,,2021-01-06 16:47:13,2021-01-16 16:47:24,四川省,绵阳市,江油市,
TAOBAO,ceres旗舰店,b7aaec03de0af69bc1b0420cb20a73f3,小小的rewall,="1493679060295168886",普通订单,交易成功,,1,337.4,0.0,0.0,0.0,820.6,taojinbi，1.600000;聚划算，789.000000;30，30.000000,,,2021-01-06 23:37:27,2021-01-06 23:37:32,,,2021-01-07 16:32:31,2021-01-17 16:32:42,广东省,广州市,番禺区,
TAOBAO,ceres旗舰店,05b676ea8781ce3c9926a4d62d3d0d0c,liuqingyiqi,="1494142779595159874",普通订单,交易成功,,1,299.61,0.0,0.0,0.0,858.39,30，30.000000;taojinbi，9.390000;聚划算，819.000000,,,2021-01-06 16:09:29,2021-01-06 16:10:02,,,2021-01-06 17:35:41,2021-01-16 17:35:57,广东省,深圳市,坪山区,
TAOBAO,ceres旗舰店,5bc55362c4d9f6505266f5c7e67742ac,tb358977825,="1494451874588059358",普通订单,交易成功,,1,183.33,0.0,0.0,0.0,410.67,taojinbi，5.670000;聚划算，405.000000,,白1单支礼盒套餐*1 小鹿酒塞*1,2021-01-06 19:28:05,2021-01-06 19:28:09,,,2021-01-07 16:32:31,2021-01-09 17:49:13,山东省,淄博市,临淄区,
TAOBAO,ceres旗舰店,df5acf71f58a4f4bcc73c223063ca9c5,从此一切空白12138,="1494618661114433563",普通订单,交易成功,,1,327.93,0.0,0.0,0.0,869.07,聚划算，828.000000;taojinbi，11.070000;30，30.000000,,发顺丰！！！白1红1礼盒套餐*1  黑狗酒塞*1 ,2021-01-07 00:42:50,2021-01-07 00:42:59,,,2021-01-07 14:25:43,2021-01-10 11:48:24,吉林省,长春市,绿园区,
TAOBAO,ceres旗舰店,d66bcfc1b6df6e4f358d0a35ddf97242,tb60143971,="1494627733596332186",普通订单,交易成功,,1,320.29,0.0,0.0,0.0,837.71,30，30.000000;聚划算，802.000000;taojinbi，5.710000,,,2021-01-07 01:01:45,2021-01-07 01:01:55,,,2021-01-07 16:29:36,2021-01-17 16:29:45,黑龙江省,哈尔滨市,五常市,
TAOBAO,ceres旗舰店,bbfe89ed48344a99d636527efd2f1cb7,czy1242125,="1494660423930340844",普通订单,交易成功,,1,308.68,0.0,0.0,0.0,849.32,taojinbi，0.320000;30，30.000000;聚划算，819.000000,,,2021-01-06 19:36:01,2021-01-06 19:36:14,,,2021-01-07 16:32:31,2021-01-17 16:32:42,广东省,深圳市,福田区,
TAOBAO,ceres旗舰店,ec6e45662298ef3f02e1b731b6b879a3,热情的达芬奇,="1494903242781146380",普通订单,交易成功,,1,286.22,0.0,0.0,0.0,871.78,聚划算，832.000000;30，30.000000;taojinbi，9.780000,,,2021-01-06 22:52:44,2021-01-06 22:52:51,,,2021-01-07 16:29:36,2021-01-11 16:09:24,辽宁省,鞍山市,海城市,
TAOBAO,ceres旗舰店,51b28d1796f2d07c4c45548b0c254dd7,永远的小强2014,="1494977148505184544",普通订单,交易成功,,1,1868.97,860.0,0.0,0.0,2555.03,taojinbi，19.030000;聚划算，2436.000000;100，100.000000,,发顺丰！！！白1*6  白1礼盒*6 冰酒礼袋*2 海马刀*1   报关单售后卡不放,2021-01-07 15:54:26,2021-01-07 15:58:49,,,2021-01-07 16:54:31,2021-01-17 16:54:34,上海市,市辖区,闵行区,
TAOBAO,ceres旗舰店,6bbb0c834e3524588c7d00274be617b7,angelting0115,="1495245349296406633",普通订单,交易成功,,3,944.69,0.0,0.0,0.0,100.0,100，100.000000,,发顺丰 白1红1礼盒套餐*2 白1红1自饮套餐*1 红1*1,2021-01-07 11:46:03,2021-01-07 11:46:07,,,2021-01-07 16:23:36,2021-01-10 15:51:52,山西省,太原市,尖草坪区,
TAOBAO,ceres旗舰店,978872ad1d2ba3281d0a8e425c639d17,我在受伤害,="1495251831615101263",普通订单,交易成功,,1,304.11,0.0,0.0,0.0,892.89,30，30.000000;聚划算，858.000000;taojinbi，4.890000,,,2021-01-07 01:07:44,2021-01-07 01:07:51,,,2021-01-07 16:32:31,2021-01-17 16:32:36,浙江省,宁波市,宁海县,
TAOBAO,ceres旗舰店,eb42c314ba4b70edaa3b5b960f2b7860,快乐无限购物2012,="1495361341496157371",普通订单,交易成功,,1,809.92,0.0,0.0,0.0,1974.08,聚划算，1866.000000;taojinbi，8.080000;100，100.000000,,,2021-01-07 12:25:51,2021-01-07 12:25:54,,,2021-01-07 16:32:31,2021-01-17 16:32:45,浙江省,杭州市,桐庐县,
TAOBAO,ceres旗舰店,8c12ca24c6b804f523d686975d2ef885,lilychen0315,="1495993968811150218",普通订单,交易成功,,1,338.7,0.0,0.0,0.0,858.3,taojinbi，0.300000;聚划算，828.000000;30，30.000000,,白1红1礼盒套餐*1 白猫酒塞*1,2021-01-07 23:11:31,2021-01-07 23:12:05,,,2021-01-08 16:12:05,2021-01-11 15:31:37,北京市,市辖区,西城区,
TAOBAO,ceres旗舰店,b25917f26035a422698c48b3c0a3e0f5,外踢痞,="1496007325525740447",普通订单,交易成功,,1,298.83,0.0,0.0,0.0,859.17,taojinbi，10.170000;聚划算，819.000000;30，30.000000,,白2红2自饮套餐*1 白猫酒塞*1,2021-01-07 17:04:17,2021-01-07 17:04:19,,,2021-01-07 17:37:15,2021-01-10 07:33:27,广东省,广州市,番禺区,
TAOBAO,ceres旗舰店,1c6366cbc6b85ceea38527ae4accee84,黄晓眠,="1496115902019493165",普通订单,交易成功,,1,286.22,0.0,0.0,0.0,871.78,聚划算，832.000000;taojinbi，9.780000;30，30.000000,,白1双支自饮套餐*1  白狗酒塞*1 ,2021-01-07 14:43:44,2021-01-07 14:43:51,,,2021-01-07 16:29:37,2021-01-10 19:44:03,辽宁省,铁岭市,调兵山市,
TAOBAO,ceres旗舰店,7545cf692590559bec70ad3c16817863,摩卡咖啡0126,="1496298637197453134",普通订单,交易成功,,1,308.51,0.0,0.0,0.0,888.49,聚划算，858.000000;taojinbi，0.490000;30，30.000000,,白1红1双支自饮套餐*1  白猫酒塞*1 ,2021-01-07 18:52:14,2021-01-07 18:52:32,,,2021-01-08 16:12:05,2021-01-18 16:12:14,天津市,市辖区,滨海新区,
TAOBAO,ceres旗舰店,63a5306bc4c18336fe5d27ad719672e7,帝都洛洛,="1496460817433757518",普通订单,交易成功,,1,286.22,0.0,0.0,0.0,871.78,聚划算，832.000000;30，30.000000;taojinbi，9.780000,,白1双支自饮套餐*1  小鹿酒塞*1,2021-01-07 19:59:17,2021-01-07 19:59:57,,,2021-01-08 16:12:07,2021-01-18 16:12:16,北京市,市辖区,东城区,
TAOBAO,ceres旗舰店,b19b89bc3dd476ea9c1ab974ae0bfd4c,新网数据,="1496742193774406974",普通订单,交易成功,,1,292.37,0.0,0.0,0.0,865.63,30，30.000000;taojinbi，3.630000;聚划算，832.000000,,,2021-01-07 22:02:31,2021-01-07 22:02:34,,,2021-01-08 16:12:08,2021-01-18 16:12:14,广东省,广州市,天河区,
TAOBAO,ceres旗舰店,c62ff7149abdeddc85c2716dbff7c66f,麦波蛋糕since1996,="1496776358674800958",普通订单,交易成功,,1,296.0,0.0,0.0,0.0,862.0,聚划算，832.000000;30，30.000000,,,2021-01-07 19:17:05,2021-01-07 19:17:31,,,2021-01-08 16:12:05,2021-01-18 16:12:15,湖南省,株洲市,芦淞区,
TAOBAO,ceres旗舰店,f1bbe7e765036a1bf5fa7bcbe2b8a1c1,tohoshinki楠楠,="1496845692111936852",普通订单,交易成功,,1,357.4,0.0,0.0,0.0,839.6,taojinbi，11.600000;掌柜推荐，798.000000;30，30.000000,,顺丰！！白1红1双支礼盒套餐*1  白狗酒塞*1 ,2021-01-08 12:31:15,2021-01-08 12:31:25,,,2021-01-08 16:06:44,2021-01-18 16:06:56,黑龙江省,哈尔滨市,道里区,
TAOBAO,ceres旗舰店,11b38e8297af682dfd85fcab69b4344c,写日记的青蛙,="1496922050133697225",普通订单,交易成功,,1,300.09,0.0,0.0,0.0,896.91,聚划算，858.000000;taojinbi，8.910000;30，30.000000,,,2021-01-07 20:15:20,2021-01-07 20:15:41,,,2021-01-08 16:12:07,2021-01-18 16:12:18,山西省,太原市,尖草坪区,
TAOBAO,ceres旗舰店,d62983efc0a96274cf05a98f40d42f09,huannice1984,="1497025263184084354",普通订单,交易成功,,1,306.85,0.0,0.0,0.0,890.15,30，30.000000;聚划算，858.000000;taojinbi，2.150000,,,2021-01-07 19:30:48,2021-01-07 19:31:19,,,2021-01-08 16:12:06,2021-01-18 16:12:15,四川省,德阳市,旌阳区,
TAOBAO,ceres旗舰店,1c2259d77701726c81a87458e69f7d8e,tb743360290,="1497048410884298368",普通订单,交易成功,,1,309.0,0.0,0.0,0.0,849.0,30，30.000000;聚划算，819.000000,,白2红2自饮套餐*1 黑猫酒塞*1,2021-01-07 21:10:55,2021-01-07 21:10:59,,,2021-01-08 16:12:08,2021-01-18 16:12:15,湖北省,武汉市,洪山区,
TAOBAO,ceres旗舰店,f5b59c3b650f0a5b62985e5434c46421,张yylove,="1497133154580768086",普通订单,交易成功,,1,333.06,0.0,0.0,0.0,863.94,聚划算，828.000000;30，30.000000;taojinbi，5.940000,,,2021-01-07 21:49:09,2021-01-07 21:49:17,,,2021-01-08 16:12:08,2021-01-13 13:36:03,北京市,市辖区,门头沟区,
TAOBAO,ceres旗舰店,76f8f51b13e27cea972ffc6272037922,lvyu19870813,="1497291408279573047",普通订单,交易成功,,4,1790.86,304.0,0.0,0.0,3301.14,掌柜推荐，3192.000000;100，100.000000;taojinbi，9.140000,,白1红1双支礼盒套餐*5   白1*1  白猫酒塞*1 ,2021-01-08 15:43:07,2021-01-08 15:45:52,,,2021-01-08 17:44:24,2021-01-18 17:44:36,陕西省,榆林市,榆阳区,
TAOBAO,ceres旗舰店,4608950e5c2f6beb61007a4eb129db03,yxp9234,="1497299222605650433",普通订单,交易成功,,1,301.89,0.0,0.0,0.0,895.11,聚划算，858.000000;30，30.000000;taojinbi，7.110000,,,2021-01-07 23:16:52,2021-01-07 23:16:54,,,2021-01-08 16:12:05,2021-01-18 16:12:18,贵州省,黔西南布依族苗族自治州,兴义市,
TAOBAO,ceres旗舰店,4608950e5c2f6beb61007a4eb129db03,yxp9234,="1497301130203650433",普通订单,交易成功,,1,309.0,0.0,0.0,0.0,888.0,30，30.000000;聚划算，858.000000,,,2021-01-07 23:16:25,2021-01-07 23:16:34,,,2021-01-08 16:12:05,2021-01-18 16:12:18,贵州省,黔西南布依族苗族自治州,兴义市,
TAOBAO,ceres旗舰店,cc9d93d0cc9c2a8ac6966ed2c825a5b6,jasminexinyunwang6993,="1497369855346306041",普通订单,交易成功,,1,330.6,0.0,0.0,0.0,866.4,聚划算，828.000000;30，30.000000;taojinbi，8.400000,,发顺丰！！！白1红1礼盒套餐*1  白猫酒塞*1,2021-01-07 21:59:12,2021-01-07 22:00:01,,,2021-01-08 09:08:14,2021-01-10 18:12:55,湖南省,长沙市,雨花区,
TAOBAO,ceres旗舰店,326222be0dccf457f7f7aec8e815c8f2,a13905021118,="1497370574628745338",普通订单,交易成功,,1,243.34,0.0,0.0,0.0,350.66,taojinbi，4.660000;聚划算，346.000000,,红2单支礼盒套餐*1 黑猫酒塞*1,2021-01-08 00:13:09,2021-01-08 00:13:16,,,2021-01-08 16:12:07,2021-01-14 00:50:22,福建省,福州市,福清市,
TAOBAO,ceres旗舰店,5d65a4178941ef10c5fd391c7edd6132,tb31708_99,="1497520766956509429",普通订单,交易成功,,1,183.33,0.0,0.0,0.0,410.67,聚划算，405.000000;taojinbi，5.670000,,,2021-01-08 08:12:29,2021-01-08 08:12:35,,,2021-01-08 16:12:07,2021-01-18 16:12:14,湖北省,武汉市,,
TAOBAO,ceres旗舰店,9ba398b387d46397ecbbbcd415d3d197,tb916729408,="1498276659660457719",普通订单,交易成功,,1,335.65,0.0,0.0,0.0,822.35,掌柜推荐，789.000000;taojinbi，3.350000;30，30.000000,,白2红2双支自饮套餐*1  白狗酒塞*1 ,2021-01-08 12:01:39,2021-01-08 12:01:44,,,2021-01-08 16:12:05,2021-01-18 16:12:18,陕西省,西安市,雁塔区,
TAOBAO,ceres旗舰店,1224df338e20ad10a7474905b0a68282,百合雪梨0,="1498352076437247128",普通订单,交易成功,,1,357.93,0.0,0.0,0.0,839.07,掌柜推荐，828.000000;taojinbi，11.070000,,,2021-01-08 23:35:59,2021-01-08 23:36:01,,,2021-01-09 16:37:43,2021-01-13 15:43:25,广东省,江门市,鹤山市,
TAOBAO,ceres旗舰店,78f815de1e9145d0662dd06b4e89cb72,逍遥爽6,="1498406688970941525",普通订单,交易成功,,1,338.76,0.0,0.0,0.0,858.24,30，30.000000;掌柜推荐，828.000000;taojinbi，0.240000,,,2021-01-08 23:49:14,2021-01-08 23:49:16,,,2021-01-09 16:37:43,2021-01-11 21:01:23,福建省,厦门市,集美区,
TAOBAO,ceres旗舰店,9c020931ca28ce78273e23a26f1ac7ed,淘淘_zmx,="1498635649307458944",普通订单,交易成功,,3,1043.1,0.0,0.0,0.0,2430.9,taojinbi，14.900000;掌柜推荐，2316.000000;100，100.000000,,白1双支礼盒套餐*3 白1*1 报关单卫检售后卡,2021-01-08 18:48:07,2021-01-08 18:48:35,,,2021-01-09 16:37:43,2021-01-11 07:24:39,上海市,市辖区,浦东新区,
TAOBAO,ceres旗舰店,db884603126f0fcf4cc38f089f167d01,无知即罪,="1498837106136737772",普通订单,交易成功,,1,353.88,0.0,0.0,0.0,804.12,掌柜推荐，772.000000;taojinbi，2.120000;30，30.000000,,,2021-01-08 17:32:39,2021-01-08 17:32:43,,,2021-01-09 16:37:42,2021-01-11 19:48:51,北京市,市辖区,丰台区,
TAOBAO,ceres旗舰店,6a3d0e75ff86d2cd61e917643c9bfa48,淮城一梦,="1498916772181290153",普通订单,交易成功,,1,355.79,0.0,0.0,0.0,802.21,掌柜推荐，772.000000;taojinbi，0.210000;30，30.000000,,白1双支礼盒装*1  白猫酒塞*1 ,2021-01-09 11:06:08,2021-01-09 11:06:14,,,2021-01-09 16:37:43,2021-01-16 20:13:28,陕西省,西安市,雁塔区,
TAOBAO,ceres旗舰店,a52f94f1a3c077493d21b80a08bd6622,yuxintian_jan1ce,="1499015162483860181",普通订单,交易成功,,1,356.0,0.0,0.0,0.0,802.0,掌柜推荐，772.000000;30，30.000000,,,2021-01-08 18:42:29,2021-01-08 18:42:34,,,2021-01-09 16:37:42,2021-01-14 11:15:43,浙江省,杭州市,余杭区,
TAOBAO,ceres旗舰店,2a661415dd1c73639caa981619d40e78,加菲猫眼123,="1499202181196692422",普通订单,交易成功,,1,828.0,0.0,0.0,0.0,1956.0,掌柜推荐，1856.000000;100，100.000000,礼盒别损坏了,,2021-01-08 22:59:02,2021-01-08 22:59:08,,,2021-01-09 16:37:42,2021-01-19 16:37:54,重庆市,市辖区,渝中区,
TAOBAO,ceres旗舰店,9589963c8eef679f52fc938597ef5da5,萨摩萨摩你真丑,="1499258307510102555",普通订单,交易成功,,1,339.0,0.0,0.0,0.0,858.0,掌柜推荐，828.000000;30，30.000000,,,2021-01-08 18:46:41,2021-01-08 18:46:48,,,2021-01-09 16:37:43,2021-01-12 15:02:51,山西省,太原市,小店区,
TAOBAO,ceres旗舰店,29edf35e1055a2f99b9622a5aa80bf74,cindyman,="1499292291076362039",普通订单,交易成功,,1,369.0,0.0,0.0,0.0,789.0,掌柜推荐，759.000000;30，30.000000,,,2021-01-08 18:59:26,2021-01-08 18:59:36,,,2021-01-09 16:37:43,2021-01-13 19:08:21,广东省,东莞市,,
TAOBAO,ceres旗舰店,4cf25eda05ff7a5d815ab75f837c49cf,丨ekv丨,="1499634146949905015",普通订单,交易成功,,1,778.0,0.0,0.0,0.0,2006.0,掌柜推荐，1906.000000;100，100.000000,,发顺丰,2021-01-09 00:04:04,2021-01-09 00:04:08,,,2021-01-09 16:33:55,2021-01-19 16:34:06,重庆市,市辖区,九龙坡区,
TAOBAO,ceres旗舰店,2a661415dd1c73639caa981619d40e78,加菲猫眼123,="1499870883497692422",普通订单,交易成功,,1,360.66,0.0,0.0,0.0,797.34,taojinbi，8.340000;掌柜推荐，759.000000;30，30.000000,,,2021-01-09 00:17:31,2021-01-09 00:18:46,,,2021-01-09 16:37:42,2021-01-19 16:37:54,重庆市,市辖区,渝中区,
TAOBAO,ceres旗舰店,5689bf2e47bb9f3088155b8b48afd303,葫芦娃杨毓麟,="1500171336224794430",普通订单,交易成功,,1,338.6,0.0,0.0,0.0,819.4,30，30.000000;掌柜推荐，789.000000;taojinbi，0.400000,,,2021-01-09 18:43:40,2021-01-09 18:43:56,,,2021-01-10 16:11:05,2021-01-16 08:06:54,贵州省,贵阳市,云岩区,
TAOBAO,ceres旗舰店,67e02a19f0c78a4fe9e1609621d81492,amber891021,="1500171518172342520",普通订单,交易成功,,1,356.0,0.0,0.0,0.0,802.0,掌柜推荐，772.000000;30，30.000000,,,2021-01-09 10:58:22,2021-01-09 10:58:28,,,2021-01-09 16:37:43,2021-01-19 14:08:30,江苏省,盐城市,盐都区,
TAOBAO,ceres旗舰店,a490d5a9f2f3fbcbaa7361ba437b014f,gaorui8677,="1500176163225610470",普通订单,交易成功,,1,398.0,0.0,0.0,0.0,760.0,30，30.000000;掌柜推荐，730.000000,,,2021-01-09 09:23:49,2021-01-09 09:23:59,,,2021-01-09 16:37:43,2021-01-19 16:37:54,山东省,济南市,历下区,
TAOBAO,ceres旗舰店,94a4b1c2e7c29ab92a9b77602faf4483,猪猪在睡,="1500220226260950075",普通订单,交易成功,,1,327.93,0.0,0.0,0.0,869.07,掌柜推荐，828.000000;taojinbi，11.070000;30，30.000000,,白1红1自饮套餐*1  白狗酒塞*1,2021-01-09 11:12:44,2021-01-09 11:12:58,,,2021-01-09 16:37:42,2021-01-11 22:24:27,广东省,深圳市,福田区,
TAOBAO,ceres旗舰店,e5cf82d5f40ca0edcac8f24c5e428751,叶溪wendy,="1500361490971922642",普通订单,交易成功,,1,187.11,0.0,0.0,0.0,406.89,taojinbi，1.890000;掌柜推荐，405.000000,,,2021-01-09 11:53:55,2021-01-09 11:53:58,,,2021-01-09 16:37:42,2021-01-19 16:37:53,北京市,市辖区,朝阳区,
TAOBAO,ceres旗舰店,35a35ef99811883e6eec9b0406d9952b,革命友谊998,="1500491304608451586",普通订单,交易成功,,1,327.93,0.0,0.0,0.0,869.07,30，30.000000;掌柜推荐，828.000000;taojinbi，11.070000,,白1红1双支自饮套餐*1 小鹿酒塞*1   差价40元  已退,2021-01-09 20:44:30,2021-01-09 20:44:36,,,2021-01-10 15:25:05,2021-01-18 17:13:21,四川省,自贡市,富顺县,
TAOBAO,ceres旗舰店,4f495bd9fece8c8096f2d3970e647fde,sunwy_jsxz,="1500728292829141915",普通订单,交易成功,,1,369.0,0.0,0.0,0.0,828.0,30，30.000000;掌柜推荐，798.000000,顺丰，已和客服协商,,2021-01-09 22:22:04,2021-01-09 22:22:58,,,2021-01-10 15:19:48,2021-01-14 19:08:55,江苏省,徐州市,泉山区,
TAOBAO,ceres旗舰店,5d02f7ae72a497bcc45ba89acf197d46,克莱斯德儿,="1501251122629124331",普通订单,交易成功,,1,368.88,0.0,0.0,0.0,828.12,掌柜推荐，798.000000;30，30.000000;taojinbi，0.120000,,,2021-01-09 17:28:57,2021-01-09 17:29:17,,,2021-01-09 18:01:27,2021-01-19 18:01:37,四川省,成都市,锦江区,
TAOBAO,ceres旗舰店,62dab22e58439dab42502f8bcfa2c865,行走的椅子,="1501677721854526215",普通订单,交易成功,,2,1247.0,0.0,0.0,0.0,100.0,100，100.000000,,,2021-01-09 23:00:20,2021-01-09 23:00:27,,,2021-01-10 16:11:05,2021-01-20 16:11:17,广东省,汕尾市,海丰县,
TAOBAO,ceres旗舰店,b7b34ebe859152a3f88e52a03d5ccf17,lq308taobao,="1501678153285701719",普通订单,交易成功,,1,325.49,0.0,0.0,0.0,832.51,掌柜推荐，802.000000;taojinbi，0.510000;30，30.000000,,,2021-01-09 22:59:03,2021-01-09 22:59:09,,,2021-01-10 16:11:06,2021-01-20 16:11:15,福建省,厦门市,思明区,
TAOBAO,ceres旗舰店,84229f5e0c10bee0887f60a00183ff22,阿刚不再,="1501959710759738653",普通订单,交易成功,,1,327.93,0.0,0.0,0.0,830.07,taojinbi，11.070000;掌柜推荐，789.000000;30，30.000000,,差价30元  已退,2021-01-09 21:56:23,2021-01-09 21:56:29,,,2021-01-10 16:11:06,2021-01-17 17:57:29,广东省,惠州市,惠阳区,
TAOBAO,ceres旗舰店,bbb021cbbb0f91522b62ef95774b33cf,zoeyzzzz,="1502337241900285820",普通订单,交易成功,,1,368.68,0.0,0.0,0.0,789.32,taojinbi，0.320000;掌柜推荐，759.000000;30，30.000000,,,2021-01-10 11:25:20,2021-01-10 11:25:24,,,2021-01-10 16:11:06,2021-01-20 16:11:12,上海市,市辖区,闵行区,
TAOBAO,ceres旗舰店,62dab22e58439dab42502f8bcfa2c865,行走的椅子,="1502345775856526215",普通订单,交易成功,,1,918.0,0.0,0.0,0.0,1866.0,100，100.000000;掌柜推荐，1766.000000,,红3自饮双支套餐*1 白3*1 ,2021-01-09 23:09:03,2021-01-09 23:09:10,,,2021-01-10 15:25:05,2021-01-20 15:25:16,广东省,汕尾市,海丰县,
TAOBAO,ceres旗舰店,2543c8fa67bbc6a974c639c746b8f3e2,tb520384245,="1502670243785985379",普通订单,交易成功,,1,355.25,0.0,0.0,0.0,802.75,taojinbi，0.750000;30，30.000000;掌柜推荐，772.000000,,,2021-01-10 09:13:06,2021-01-10 09:13:11,,,2021-01-10 16:11:05,2021-01-20 16:11:16,湖北省,荆州市,松滋市,
TAOBAO,ceres旗舰店,a65120e7c992ed270379f435d3a84d71,k承诺动人,="1502821188276897252",普通订单,交易成功,,1,360.27,0.0,0.0,0.0,797.73,taojinbi，8.730000;30，30.000000;掌柜推荐，759.000000,,,2021-01-10 19:31:00,2021-01-10 19:31:04,,,2021-01-11 16:15:52,2021-01-21 16:16:07,山东省,威海市,荣成市,
TAOBAO,ceres旗舰店,834d40fced98cfd57a662e6dc24c4eaa,龙少爷8218,="1502971020730369737",普通订单,交易成功,,3,1023.26,0.0,0.0,0.0,2450.74,掌柜推荐，2316.000000;100，100.000000;taojinbi，34.740000,,白1双支礼盒套餐*3 白1*1  白狗酒塞*1  95差价ytceres1已退,2021-01-10 20:31:16,2021-01-10 20:33:39,,,2021-01-11 16:12:29,2021-01-14 09:36:54,吉林省,长春市,二道区,
TAOBAO,ceres旗舰店,c1e6f20c4ad42dca2985dd0bf4b49f46,chenbaitogether,="1503024732977197323",普通订单,交易成功,,9,3948.0,399.93,0.0,0.0,7224.93,掌柜推荐，7182.000000;30，30.000000;taojinbi，12.930000,,发顺丰 白1*2 红1*2 白1礼盒*2 红1礼盒*2 海马刀倒酒器*2 冰酒礼袋*2  白1*2 红1*2 白猫酒塞*1,2021-01-10 20:52:44,2021-01-10 20:54:36,,,2021-01-11 09:08:47,2021-01-20 13:22:35,上海市,市辖区,闵行区,
TAOBAO,ceres旗舰店,71db6b5e7700a21f00c863d17352d7e5,amy_xiang216,="1503121718642702682",普通订单,交易成功,,1,183.33,0.0,0.0,0.0,410.67,掌柜推荐，405.000000;taojinbi，5.670000,,白1单支自饮套餐*1 黑狗酒塞*1,2021-01-10 13:25:14,2021-01-10 13:25:18,,,2021-01-10 16:42:25,2021-01-20 16:42:34,浙江省,杭州市,西湖区,
TAOBAO,ceres旗舰店,eb296a7ae69d3547e037c0f2dfd11a39,你猜你猜你猜你,="1503177264788922460",普通订单,交易成功,,1,357.03,0.0,0.0,0.0,839.97,掌柜推荐，798.000000;30，30.000000;taojinbi，11.970000,,白1红1双支礼盒套餐*1  黑砖酒塞*1 ,2021-01-10 21:54:25,2021-01-10 21:54:36,,,2021-01-11 16:14:10,2021-01-21 16:14:14,福建省,福州市,晋安区,
TAOBAO,ceres旗舰店,77fca113cf75f7887d04e520f43d6581,陌上微凉momo,="1503407196442602665",普通订单,交易成功,,1,164.0,0.0,0.0,0.0,430.0,吃货节，415.000000;吃货购物券，15.000000,,,2021-01-11 00:02:53,2021-01-11 00:02:57,,,2021-01-11 16:15:52,2021-01-21 16:16:03,浙江省,杭州市,萧山区,
TAOBAO,ceres旗舰店,bf7ca80176b67b39272375bff7f95478,微尘飞飞扬扬,="1503538488327660239",普通订单,交易成功,,1,308.81,0.0,0.0,0.0,888.19,15，15.000000;吃货购物券，15.000000;吃货节，858.000000;taojinbi，0.190000,,白1红1自饮套餐*1 白兔酒塞*1,2021-01-11 07:11:53,2021-01-11 07:12:00,,,2021-01-11 16:14:10,2021-01-15 21:09:49,北京市,市辖区,西城区,
TAOBAO,ceres旗舰店,864b6cac92ada9a4d6a38fa3d31f69ec,vivian17688,="1503583272721675074",普通订单,交易成功,,1,313.83,0.0,0.0,0.0,844.17,吃货节，819.000000;15，15.000000;taojinbi，10.170000,,,2021-01-11 08:17:54,2021-01-11 08:18:10,,,2021-01-11 16:15:51,2021-01-15 06:36:10,上海市,市辖区,松江区,
TAOBAO,ceres旗舰店,7b10456175bdcfcc01831e098b09a433,wypjhfwypjhf,="1503964010902281555",普通订单,交易成功,,1,357.03,0.0,0.0,0.0,839.97,30，30.000000;taojinbi，11.970000;掌柜推荐，798.000000,,,2021-01-10 18:41:56,2021-01-10 18:42:07,,,2021-01-11 16:15:51,2021-01-21 16:15:54,上海市,市辖区,闵行区,
TAOBAO,ceres旗舰店,cc9d93d0cc9c2a8ac6966ed2c825a5b6,jasminexinyunwang6993,="1504126443755306041",普通订单,交易成功,,1,356.0,0.0,0.0,0.0,802.0,30，30.000000;掌柜推荐，772.000000,,,2021-01-10 18:14:15,2021-01-10 18:14:21,,,2021-01-11 16:15:51,2021-01-21 16:15:55,广东省,深圳市,龙岗区,
TAOBAO,ceres旗舰店,4b4079bd5e8607f67d6431fb1bb0c1c1,风花雪夜5566,="1504306803058355960",普通订单,交易成功,,1,385.16,0.0,0.0,0.0,811.84,30，30.000000;taojinbi，12.840000;掌柜推荐，769.000000,,红1自饮双支套餐*1 白狗酒塞*1,2021-01-10 19:21:14,2021-01-10 19:21:18,,,2021-01-11 16:14:10,2021-01-13 23:42:59,广东省,深圳市,福田区,
TAOBAO,ceres旗舰店,46b434879e897e670ac678582b5add85,tb420410063,="1504335529400300628",普通订单,交易成功,,1,334.32,0.0,0.0,0.0,823.68,吃货节，789.000000;吃货购物券，15.000000;taojinbi，4.680000;15，15.000000,,,2021-01-11 01:46:32,2021-01-11 01:46:38,,,2021-01-11 16:15:51,2021-01-21 16:16:05,云南省,昆明市,官渡区,
TAOBAO,ceres旗舰店,53f1a61f188366e0ab9923932f86714d,所以快乐i,="1504424810917018371",普通订单,交易成功,,1,362.02,0.0,0.0,0.0,795.98,掌柜推荐，759.000000;30，30.000000;taojinbi，6.980000,,发顺丰,2021-01-10 21:47:54,2021-01-10 21:47:59,,,2021-01-11 16:06:09,2021-01-21 16:06:16,内蒙古自治区,呼伦贝尔市,根河市,
TAOBAO,ceres旗舰店,0f1e44ddb4f63415dc8af184d5070cb1,houfang_01,="1504493532332843775",普通订单,交易成功,,1,326.0,0.0,0.0,0.0,832.0,15，15.000000;吃货购物券，15.000000;吃货节，802.000000,,,2021-01-11 14:46:07,2021-01-11 14:46:12,,,2021-01-11 17:52:33,2021-01-21 17:52:45,江苏省,徐州市,云龙区,
TAOBAO,ceres旗舰店,4128c3862cce47f56ef8ae8337d9f89d,h8316158,="1504553833620239452",普通订单,交易成功,,1,308.31,0.0,0.0,0.0,888.69,吃货节，858.000000;吃货购物券，15.000000;15，15.000000;taojinbi，0.690000,,白1红1双支自饮套餐*1  黑猫酒塞*1 ,2021-01-11 09:38:41,2021-01-11 09:38:52,,,2021-01-11 16:14:10,2021-01-18 14:10:27,贵州省,黔南布依族苗族自治州,都匀市,
TAOBAO,ceres旗舰店,b06340ab3006ecd1812079b5e4bc6bf8,vick宝宝,="1504601751386504282",普通订单,交易成功,,1,325.2,0.0,0.0,0.0,832.8,掌柜推荐，802.000000;30，30.000000;taojinbi，0.800000,,,2021-01-10 21:21:30,2021-01-10 21:21:36,,,2021-01-11 16:15:51,2021-01-15 18:49:53,广东省,中山市,,
TAOBAO,ceres旗舰店,54a432b007a143e745a3d54ea0ede81a,tb786665496,="1504629147472545520",普通订单,交易成功,,1,391.34,0.0,0.0,0.0,805.66,30，30.000000;taojinbi，4.660000;掌柜推荐，771.000000,,,2021-01-10 21:33:08,2021-01-10 21:33:13,,,2021-01-11 16:15:51,2021-01-13 14:32:46,福建省,福州市,台江区,
TAOBAO,ceres旗舰店,1850db40fb2bb18a49d94e971920b09e,t_1501487217225_0258,="1504638001976324267",普通订单,交易成功,,1,326.0,0.0,0.0,0.0,832.0,15，15.000000;吃货节，802.000000;吃货购物券，15.000000,,发顺丰 白1双支礼盒装*1 白1*1 白猫酒塞*1,2021-01-11 10:21:28,2021-01-11 10:21:34,,,2021-01-11 16:06:09,2021-01-21 16:06:13,山东省,青岛市,李沧区,
TAOBAO,ceres旗舰店,524f4403c50683f846a4b381c68d2e47,tb672445634,="1504730520475924232",普通订单,交易成功,,1,326.0,0.0,0.0,0.0,832.0,吃货节，802.000000;15，15.000000;吃货购物券，15.000000,,,2021-01-11 16:19:11,2021-01-11 16:19:17,,,2021-01-11 17:52:33,2021-01-21 17:52:42,山东省,潍坊市,青州市,
TAOBAO,ceres旗舰店,1850db40fb2bb18a49d94e971920b09e,t_1501487217225_0258,="1504800038502324267",普通订单,交易成功,,2,651.98,0.0,0.0,0.0,1664.02,吃货购物券，15.000000;吃货节，1604.000000;taojinbi，0.020000;45，45.000000,,发顺丰,2021-01-11 07:13:21,2021-01-11 07:13:28,,,2021-01-11 16:06:09,2021-01-21 16:06:19,山东省,青岛市,李沧区,
TAOBAO,ceres旗舰店,f1d9e5c2bbc73ae6f1cdb029f1b61975,张茜茜19890219,="1505084437069653313",普通订单,交易成功,,3,1007.0,0.0,0.0,0.0,2467.0,85，85.000000;吃货节，2367.000000;吃货购物券，15.000000,,发顺丰！！！ 白2红2双支礼盒套餐*3  白2*1  白狗酒塞*1 ,2021-01-11 12:47:49,2021-01-11 12:51:53,,,2021-01-11 16:06:08,2021-01-12 10:50:18,浙江省,杭州市,余杭区,
TAOBAO,ceres旗舰店,d8c2931f4376b90852ea4cee7a69d31f,超越中青年,="1505158202960358825",普通订单,交易成功,,2,816.48,0.0,0.0,0.0,1919.52,taojinbi，15.520000;吃货节，1844.000000;吃货购物券，15.000000;45，45.000000,,白2红2礼盒套餐*2 黑钻酒塞*2   40差价  已退,2021-01-11 11:04:46,2021-01-11 11:04:57,,,2021-01-11 16:14:10,2021-01-20 19:42:15,安徽省,合肥市,瑶海区,
TAOBAO,ceres旗舰店,0f8d1b1c9fe175ed972d69a27af9ad07,友谊daibin,="1505212994096338048",普通订单,交易成功,,1,307.58,0.0,0.0,0.0,850.42,吃货节，819.000000;吃货购物券，15.000000;15，15.000000;taojinbi，1.420000,,,2021-01-11 11:18:05,2021-01-11 11:18:09,,,2021-01-11 16:15:51,2021-01-21 16:16:07,广东省,中山市,,
TAOBAO,ceres旗舰店,0c1c422ba648a213602c436a8a8e97bd,tb_1777667,="1505223792509728233",普通订单,交易成功,,3,876.42,0.0,0.0,0.0,2597.58,taojinbi，16.580000;吃货节，2496.000000;85，85.000000,,买6瓶送1瓶【数云备注】  差价15元  已退,2021-01-11 19:09:09,2021-01-11 19:09:13,,,2021-01-12 16:22:20,2021-01-15 09:44:26,辽宁省,大连市,普兰店区,
TAOBAO,ceres旗舰店,f41737139b8dedbae87cb2cd73e2067c,艾文hong,="1505399149948190106",普通订单,交易成功,,1,309.0,0.0,0.0,0.0,888.0,吃货购物券，15.000000;15，15.000000;吃货节，858.000000,,白1红1双支自饮套餐*1  白狗酒塞*1 ,2021-01-11 15:02:05,2021-01-11 15:02:08,,,2021-01-11 17:52:35,2021-01-21 17:52:44,河南省,郑州市,管城回族区,
TAOBAO,ceres旗舰店,3acbc7990fe8b761be5d8809431a7470,kristynadal,="1505471546446324043",普通订单,交易成功,,1,300.32,0.0,0.0,0.0,857.68,吃货节，802.000000;taojinbi，10.680000;吃货购物券，15.000000;30，30.000000,,,2021-01-11 12:44:31,2021-01-11 12:44:36,,,2021-01-11 16:15:51,2021-01-17 21:42:40,广东省,广州市,海珠区,
TAOBAO,ceres旗舰店,36829ceb0142c6a99b0e582bac996cf2,cqsteven2008,="1505506070076426643",普通订单,交易成功,,1,988.0,0.0,0.0,0.0,2486.0,吃货购物券，15.000000;85，85.000000;吃货节，2386.000000,,发顺丰！！！ 白1*8 海马刀*1 ,2021-01-11 12:57:44,2021-01-11 12:57:58,,,2021-01-11 16:06:09,2021-01-21 16:06:12,江苏省,南京市,玄武区,
TAOBAO,ceres旗舰店,f4081c981bd9a043923fa7c691b72b61,夜l你醉不醉,="1505598084678582903",普通订单,交易成功,,1,295.83,0.0,0.0,0.0,862.17,15，15.000000;吃货购物券，15.000000;taojinbi，0.170000;吃货节，832.000000,,顺丰！！,2021-01-11 21:26:02,2021-01-11 21:26:08,,,2021-01-12 09:16:12,2021-01-22 09:16:29,四川省,成都市,青羊区,
TAOBAO,ceres旗舰店,71476f579e7cdf8f37d46370095e2972,tb4934015,="1505648089701241823",普通订单,交易成功,,3,984.98,0.0,0.0,0.0,2606.02,吃货购物券，15.000000;taojinbi，2.020000;15，15.000000;吃货节，2574.000000,,白1红1双支自饮套餐*3  白1*1  白猫酒塞*1 ,2021-01-11 16:40:16,2021-01-11 16:40:21,,,2021-01-11 17:52:32,2021-01-14 00:06:05,福建省,宁德市,寿宁县,
TAOBAO,ceres旗舰店,e781fe97a65b5a418b03d88111f6e791,ayuan02459390,="1505664255098904251",普通订单,交易成功,,3,956.89,0.0,0.0,0.0,85.0,85，85.000000,,发顺丰！！白1红1双支礼盒套餐*2   白1红1双支自饮套餐*1  红1*1  冰酒礼袋*1  单支礼袋*2  差价20  已退,2021-01-11 12:23:18,2021-01-11 12:23:27,,,2021-01-11 16:07:32,2021-01-24 16:07:43,广东省,珠海市,香洲区,
TAOBAO,ceres旗舰店,d1f3a32247a4b0c761848be9104521d2,luc1fer10133,="1505759724502506544",普通订单,交易成功,,1,295.99,0.0,0.0,0.0,862.01,taojinbi，0.010000;吃货节，832.000000;吃货购物券，15.000000;15，15.000000,,白1自饮双支套餐*1 爱心酒塞*1,2021-01-11 22:31:08,2021-01-11 22:31:17,,,2021-01-12 16:22:20,2021-01-25 16:22:26,黑龙江省,绥化市,海伦市,
TAOBAO,ceres旗舰店,a02c73bcce560820a561abd2263dacae,t_1486775910174_0524,="1505781218478248433",普通订单,交易成功,,1,290.79,0.0,0.0,0.0,867.21,taojinbi，5.210000;15，15.000000;吃货节，832.000000;吃货购物券，15.000000,,白2双支自饮套餐*1   白兔酒塞*1 ,2021-01-11 14:57:42,2021-01-11 14:57:53,,,2021-01-11 17:52:34,2021-01-18 09:43:30,山东省,临沂市,兰山区,
TAOBAO,ceres旗舰店,e769367579aee1c68997c1d66de05bd3,罗妖夭,="1505885436620001654",普通订单,交易成功,,1,286.22,0.0,0.0,0.0,871.78,吃货节，832.000000;15，15.000000;吃货购物券，15.000000;taojinbi，9.780000,,白1自饮双支套餐*1 小鹿酒塞*1,2021-01-11 23:49:24,2021-01-11 23:49:31,,,2021-01-12 16:24:04,2021-01-22 16:24:19,湖北省,武汉市,武昌区,
TAOBAO,ceres旗舰店,9694fb516414d5a2f946167d4fd4673d,sunwen1995,="1505905956642615084",普通订单,交易成功,,1,315.32,0.0,0.0,0.0,842.68,吃货购物券，15.000000;15，15.000000;吃货节，802.000000;taojinbi，10.680000,,顺丰 白1双支礼盒套餐*1 小鹿酒塞*1,2021-01-12 00:06:32,2021-01-12 00:06:39,,,2021-01-12 09:16:12,2021-01-22 09:16:22,甘肃省,武威市,凉州区,
TAOBAO,ceres旗舰店,524f4403c50683f846a4b381c68d2e47,tb672445634,="1505987390105924232",普通订单,交易成功,,1,321.55,0.0,0.0,0.0,836.45,taojinbi，4.450000;吃货节，802.000000;吃货购物券，15.000000;15，15.000000,,,2021-01-11 16:17:24,2021-01-11 16:17:31,,,2021-01-11 17:52:33,2021-01-21 17:52:41,山东省,潍坊市,青州市,
TAOBAO,ceres旗舰店,524f4403c50683f846a4b381c68d2e47,tb672445634,="1505989550010924232",普通订单,交易成功,,1,398.0,0.0,0.0,0.0,760.0,吃货购物券，15.000000;15，15.000000;吃货节，730.000000,,红2双支礼盒套餐*1  红2*1 ,2021-01-11 16:18:01,2021-01-11 16:18:12,,,2021-01-11 17:52:33,2021-01-21 17:52:42,山东省,潍坊市,青州市,
TAOBAO,ceres旗舰店,6a6a42ad674022bb746200d3745110fc,东九痕,="1506107413787310241",普通订单,交易成功,,1,338.37,0.0,0.0,0.0,858.63,taojinbi，0.630000;吃货节，858.000000,,白1红1自饮双支套餐*1 小路酒塞*1,2021-01-11 19:17:26,2021-01-11 19:17:35,,,2021-01-12 16:24:04,2021-01-15 10:19:24,广东省,深圳市,南山区,
TAOBAO,ceres旗舰店,5872bd34b658ebbb4d7543dc5da1b6df,张家火斤,="1506141541225789301",普通订单,交易成功,,1,303.18,0.0,0.0,0.0,893.82,吃货购物券，15.000000;吃货节，858.000000;taojinbi，5.820000;15，15.000000,,顺丰 白1红1自饮双支套餐*1 白猫酒塞*1,2021-01-11 19:28:10,2021-01-11 19:28:16,,,2021-01-12 09:16:12,2021-01-22 09:16:25,广东省,广州市,海珠区,
TAOBAO,ceres旗舰店,9f6f2991a869a5ee552cb9d85f770680,ajsuj,="1506195866771100426",普通订单,交易成功,,1,308.4,0.0,0.0,0.0,888.6,taojinbi，0.600000;吃货购物券，15.000000;15，15.000000;吃货节，858.000000,,,2021-01-11 17:32:44,2021-01-11 17:32:54,,,2021-01-12 16:24:03,2021-01-16 13:02:53,贵州省,贵阳市,南明区,
TAOBAO,ceres旗舰店,ed29ba76b31b41975edf6a9424a26abb,蓝丝屋,="1506203103887080781",普通订单,交易成功,,1,307.89,0.0,0.0,0.0,889.11,taojinbi，1.110000;15，15.000000;吃货节，858.000000;吃货购物券，15.000000,,,2021-01-11 16:07:27,2021-01-11 16:07:42,,,2021-01-11 17:52:35,2021-01-21 17:52:48,上海市,市辖区,长宁区,
TAOBAO,ceres旗舰店,9d7ba3fcf72139cfcf7b72af955eb7af,幽生兰草,="1506257028514379678",普通订单,交易成功,,1,346.73,0.0,0.0,0.0,850.27,taojinbi，7.270000;15，15.000000;吃货节，828.000000,,白1红1双支礼盒套餐*1 白兔酒塞1,2021-01-12 10:08:32,2021-01-12 10:08:40,,,2021-01-12 16:24:04,2021-01-15 21:02:37,山东省,烟台市,莱山区,
TAOBAO,ceres旗舰店,0ad9b10df262e7f2fabd49b2b9a47167,tb0041116_2012,="1506275100031726125",普通订单,交易成功,,1,322.6,0.0,0.0,0.0,835.4,15，15.000000;吃货节，802.000000;吃货购物券，15.000000;taojinbi，3.400000,,,2021-01-12 10:15:14,2021-01-12 10:15:22,,,2021-01-12 16:24:04,2021-01-15 15:35:58,北京市,市辖区,西城区,
TAOBAO,ceres旗舰店,51f8bfcebb5b0b2dd09bcf3bcaf84902,mx丶王道,="1506292308721995541",普通订单,交易成功,,1,329.16,0.0,0.0,0.0,867.84,15，15.000000;吃货节，828.000000;吃货购物券，15.000000;taojinbi，9.840000,,,2021-01-12 10:24:15,2021-01-12 10:24:19,,,2021-01-12 16:24:03,2021-01-22 16:24:12,贵州省,黔西南布依族苗族自治州,兴义市,
TAOBAO,ceres旗舰店,e2158cd57ad2a2ef9ce4027e55a232c0,湖水清清abc,="1506429253966875339",普通订单,交易成功,,1,286.22,0.0,0.0,0.0,871.78,taojinbi，9.780000;吃货节，832.000000;15，15.000000;吃货购物券，15.000000,,白1双支自饮套餐*1 白狗酒塞*1,2021-01-11 21:11:32,2021-01-11 21:11:39,,,2021-01-12 16:24:05,2021-01-14 15:10:45,广东省,广州市,越秀区,
TAOBAO,ceres旗舰店,89ecf8fb645157d57b17340e066e59d7,susanfxy,="1506595212232031827",普通订单,交易成功,,1,768.0,0.0,0.0,0.0,2016.0,吃货购物券，15.000000;85，85.000000;吃货节，1916.000000,,发顺丰 中文标贴底部   白3*2  香槟杯*2  海马刀*1  ,2021-01-12 11:58:28,2021-01-12 12:09:37,,,2021-01-12 16:17:04,2021-01-22 16:17:15,江苏省,苏州市,吴中区,
TAOBAO,ceres旗舰店,67bce97d7b4c922b07ded10b848e1534,t_1497071035304_0570,="1506935811166271275",普通订单,交易成功,,1,329.48,0.0,0.0,0.0,828.52,吃货购物券，15.000000;15，15.000000;吃货节，789.000000;taojinbi，9.520000,,,2021-01-11 20:25:23,2021-01-11 20:25:34,,,2021-01-12 16:24:04,2021-01-22 16:24:17,江苏省,苏州市,苏州工业园区,
TAOBAO,ceres旗舰店,66db3fce846dacad81314ca5f4b583d6,cuixiangxu123,="1506968967603858642",普通订单,交易成功,,1,286.59,0.0,0.0,0.0,871.41,taojinbi，9.410000;15，15.000000;吃货节，832.000000;吃货购物券，15.000000,,,2021-01-11 20:38:34,2021-01-11 20:38:46,,,2021-01-12 16:22:20,2021-01-22 16:22:26,内蒙古自治区,呼和浩特市,赛罕区,
TAOBAO,ceres旗舰店,dd1bbd7e851bb68515d5b618866b73ae,201508170216a,="1506980990559431664",普通订单,交易成功,,1,327.93,0.0,0.0,0.0,869.07,吃货购物券，15.000000;吃货节，828.000000;taojinbi，11.070000;15，15.000000,,白1红1双支礼盒套餐*1 白狗酒塞*1,2021-01-11 22:10:39,2021-01-11 22:10:45,,,2021-01-12 16:24:03,2021-01-22 16:24:19,山东省,泰安市,泰山区,
TAOBAO,ceres旗舰店,b1f1b5ea31ea4b84e4097f8963f82ea8,linkin421,="1507106197671743147",普通订单,交易成功,,1,308.68,0.0,0.0,0.0,888.32,15，15.000000;吃货购物券，15.000000;吃货节，858.000000;taojinbi，0.320000,,,2021-01-12 09:54:45,2021-01-12 09:55:18,,,2021-01-12 16:24:04,2021-01-22 16:24:12,上海市,市辖区,浦东新区,
TAOBAO,ceres旗舰店,62d07c6e73787f11d871cf2bde68ee23,无落丶,="1507170746252382558",普通订单,交易成功,,1,173.47,0.0,0.0,0.0,420.53,taojinbi，0.530000;吃货购物券，15.000000;吃货节，405.000000,,白1单只礼盒套装*1 黑猫酒塞*1,2021-01-11 23:55:26,2021-01-11 23:55:32,,,2021-01-12 16:24:03,2021-01-20 14:37:27,广东省,惠州市,惠阳区,
TAOBAO,ceres旗舰店,2e3dc4f805ea0b9159d6a157c80022c7,冰清妖精,="1507269459893897308",普通订单,交易成功,,1,298.83,0.0,0.0,0.0,898.17,15，15.000000;吃货节，858.000000;吃货购物券，15.000000;taojinbi，10.170000,,白1红1双支自饮套餐*1 爱心酒塞*1,2021-01-11 22:34:24,2021-01-11 22:34:39,,,2021-01-12 16:24:04,2021-01-13 19:08:55,上海市,市辖区,浦东新区,
TAOBAO,ceres旗舰店,9a85ce4f1ec758d17341c0e61ac2e7c1,1332650213yyt,="1507282275783955186",普通订单,交易成功,,1,932.98,0.0,0.0,0.0,1851.02,taojinbi，0.020000;85，85.000000;吃货节，1766.000000,,,2021-01-11 22:40:47,2021-01-11 22:40:53,,,2021-01-12 16:24:04,2021-01-22 16:24:17,湖南省,株洲市,石峰区,
TAOBAO,ceres旗舰店,8b21b556c4bc9d2df4b70ed31b1a1609,a爱小琦a,="1507430629710791069",普通订单,交易成功,,1,340.42,0.0,0.0,0.0,817.58,15，15.000000;taojinbi，0.580000;吃货节，802.000000,,,2021-01-12 11:44:18,2021-01-12 11:44:23,,,2021-01-12 16:24:04,2021-01-17 11:13:50,甘肃省,酒泉市,肃州区,
TAOBAO,ceres旗舰店,34def88f8d31977a722a6fc986de6b2a,canvashouse,="1507444128613629229",普通订单,交易成功,,1,302.71,0.0,0.0,0.0,894.29,15，15.000000;吃货节，858.000000;taojinbi，6.290000;吃货购物券，15.000000,,,2021-01-12 18:08:12,2021-01-12 18:08:29,,,2021-01-13 15:47:44,2021-01-23 15:47:55,广东省,广州市,番禺区,
TAOBAO,ceres旗舰店,89ecf8fb645157d57b17340e066e59d7,susanfxy,="1507469401998031827",普通订单,交易成功,,1,1168.55,0.0,0.0,0.0,2695.45,吃货节，2586.000000;taojinbi，9.450000;吃货购物券，15.000000;85，85.000000,,发顺丰 红1*8  海马刀*1   中文标铁底部,2021-01-12 11:57:46,2021-01-12 12:09:14,,,2021-01-12 16:17:04,2021-01-22 16:17:15,江苏省,苏州市,吴中区,
TAOBAO,ceres旗舰店,cafdf6802112d571125661e8016facdf,lsyxxy0,="1507497193088398221",普通订单,交易成功,,1,338.57,0.0,0.0,0.0,858.43,15，15.000000;taojinbi，0.430000;吃货购物券，15.000000;吃货节，828.000000,,发顺丰  白1红1礼盒装*1  白猫酒塞*1,2021-01-12 12:05:33,2021-01-12 12:05:37,,,2021-01-12 16:17:04,2021-01-22 16:17:14,上海市,市辖区,宝山区,
TAOBAO,ceres旗舰店,64eb0f003040cc628b2c3bf73edb920c,哦哦哦哦哦哦08059,="1507502304115721323",普通订单,交易成功,,1,294.05,0.0,0.0,0.0,863.95,taojinbi，1.950000;吃货购物券，15.000000;吃货节，832.000000;15，15.000000,,,2021-01-12 18:29:11,2021-01-12 18:29:22,,,2021-01-13 15:47:45,2021-01-15 17:31:28,浙江省,金华市,浦江县,
TAOBAO,ceres旗舰店,87fd00869de010fee898c0be9cd0dabf,t_1501730227015_0126,="1508067110193372843",普通订单,交易成功,,1,295.93,0.0,0.0,0.0,862.07,吃货节，832.000000;15，15.000000;taojinbi，0.070000;吃货购物券，15.000000,,发顺丰,2021-01-12 13:15:55,2021-01-12 13:16:06,,,2021-01-12 16:17:04,2021-01-15 12:11:54,广东省,梅州市,梅江区,
TAOBAO,ceres旗舰店,48f8e452af31e19168739b9796a9f52a,t_1503208522014_0725,="1508398742276619684",普通订单,交易成功,,1,768.0,0.0,0.0,0.0,2016.0,吃货购物券，15.000000;吃货节，1916.000000;85，85.000000,,白3双支自饮套餐*1,2021-01-12 15:54:14,2021-01-12 15:54:46,,,2021-01-12 18:12:36,2021-01-14 20:16:59,江苏省,南京市,雨花台区,
TAOBAO,ceres旗舰店,2ec7fc1078f1b7c73ccbe5b32d3838bb,asaderywcm,="1508416202374950830",普通订单,交易成功,,1,308.95,0.0,0.0,0.0,888.05,吃货节，858.000000;15，15.000000;taojinbi，0.050000;吃货购物券，15.000000,,发顺丰 ,2021-01-12 16:02:51,2021-01-12 16:02:58,,,2021-01-12 17:59:44,2021-01-22 17:59:53,上海市,市辖区,嘉定区,
TAOBAO,ceres旗舰店,824df745dc06b32444d7ca166329c649,成程珠,="1508433625029861446",普通订单,交易成功,,1,327.93,0.0,0.0,0.0,869.07,吃货购物券，15.000000;吃货节，828.000000;taojinbi，11.070000;15，15.000000,,,2021-01-12 18:51:17,2021-01-12 18:51:21,,,2021-01-13 15:47:46,2021-01-14 20:36:56,上海市,市辖区,长宁区,
TAOBAO,ceres旗舰店,48f8e452af31e19168739b9796a9f52a,t_1503208522014_0725,="1508612079834619684",普通订单,交易成功,,2,1219.96,0.0,0.0,0.0,85.0,85，85.000000,,白2红2自饮套餐*1 白3红3自饮套餐*1  红3*1 差价85已退,2021-01-12 15:45:53,2021-01-12 15:46:58,,,2021-01-12 18:07:34,2021-01-14 20:16:48,江苏省,南京市,雨花台区,
TAOBAO,ceres旗舰店,fe4b93ad1a4c40b60200dc7b1b28b30c,tb66668098,="1508657835448820725",普通订单,交易成功,,1,338.97,0.0,0.0,0.0,858.03,吃货购物券，15.000000;taojinbi，0.030000;吃货节，828.000000;15，15.000000,,,2021-01-12 16:06:07,2021-01-12 16:06:16,,,2021-01-12 18:20:19,2021-01-17 15:33:01,上海市,市辖区,崇明区,
TAOBAO,ceres旗舰店,800979b31d37a5d3a0878ec481d4191b,夜月雪无痕,="1508754927967209575",普通订单,交易成功,,1,301.22,0.0,0.0,0.0,856.78,15，15.000000;吃货节，832.000000;taojinbi，9.780000,,白2双支自饮套餐*1  白猫酒塞*1,2021-01-12 16:49:38,2021-01-12 16:49:44,,,2021-01-12 18:07:34,2021-01-22 18:07:45,湖北省,宜昌市,夷陵区,
TAOBAO,ceres旗舰店,03855422aff56558432c57bd4040ec62,xbcghfxy2011,="1508783510659421576",普通订单,交易成功,,1,768.0,0.0,0.0,0.0,2016.0,吃货节，1916.000000;85，85.000000;吃货购物券，15.000000,,发顺丰！！！白3双支自饮套餐*1  白猫酒塞*1,2021-01-12 18:36:18,2021-01-12 18:36:23,,,2021-01-13 09:09:21,2021-01-14 19:23:14,浙江省,杭州市,下城区,
TAOBAO,ceres旗舰店,f5b02207936c24503a435766c3a72d4a,tb44875743,="1509004226436247382",普通订单,交易成功,,1,328.26,0.0,0.0,0.0,829.74,吃货节，789.000000;15，15.000000;taojinbi，10.740000;吃货购物券，15.000000,,,2021-01-12 20:10:14,2021-01-12 20:10:34,,,2021-01-13 15:47:46,2021-01-15 12:31:30,天津市,市辖区,南开区,
TAOBAO,ceres旗舰店,8e53980695174174c105358a809a7f7f,tb576325_00,="1509010992946476328",普通订单,交易成功,,1,986.83,0.0,0.0,0.0,2487.17,100，100.000000;品牌促销，2376.000000;taojinbi，11.170000,,白1七只装自饮套餐*1 白1*1 黑猫酒塞*1 ,2021-01-13 12:51:08,2021-01-13 12:51:23,,,2021-01-13 15:47:47,2021-01-23 15:47:56,贵州省,毕节市,七星关区,
TAOBAO,ceres旗舰店,c916af03ffb96f09d7f9f2547491b9ac,tb664559112,="1509231637971109650",普通订单,交易成功,,12,4172.0,0.0,0.0,0.0,9724.0,掌柜推荐，9624.000000;100，100.000000,,买6瓶送1瓶【数云备注】   发顺丰   差价760已退,2021-01-13 08:06:20,2021-01-13 08:08:19,,,2021-01-13 15:39:34,2021-01-23 15:55:42,黑龙江省,鹤岗市,向阳区,
TAOBAO,ceres旗舰店,c57efaecc39801049969136107680478,lb15339778895,="1509317966557920825",普通订单,交易成功,,1,287.38,0.0,0.0,0.0,870.62,15，15.000000;吃货购物券，15.000000;吃货节，832.000000;taojinbi，8.620000,,白2双支自饮套餐*1  白狗酒塞*1,2021-01-12 22:35:26,2021-01-12 22:35:32,,,2021-01-13 15:47:48,2021-01-23 15:47:52,甘肃省,酒泉市,敦煌市,
TAOBAO,ceres旗舰店,0f6c6ddf9e36b052e10fecf3bb5b1f53,tb33621282,="1509388130368143140",普通订单,交易成功,,1,325.52,0.0,0.0,0.0,871.48,taojinbi，3.480000;吃货购物券，15.000000;吃货节，838.000000;15，15.000000,,,2021-01-12 23:14:28,2021-01-12 23:14:36,,,2021-01-13 15:47:48,2021-01-23 15:47:52,北京市,市辖区,朝阳区,
TAOBAO,ceres旗舰店,9d6f40ac830be0a91e5bb513b1f913e8,冰雪珞霏霏,="1509602043673529755",普通订单,交易成功,,1,286.22,0.0,0.0,0.0,871.78,吃货节，832.000000;15，15.000000;吃货购物券，15.000000;taojinbi，9.780000,,,2021-01-12 22:58:17,2021-01-12 22:58:31,,,2021-01-13 15:47:48,2021-01-23 15:47:55,河南省,许昌市,魏都区,
TAOBAO,ceres旗舰店,d6ba3c47af1094ac3e33a859aa00a793,t_1495807403386_0652,="1509742405497110625",普通订单,交易成功,,1,359.85,0.0,0.0,0.0,798.15,30，30.000000;掌柜推荐，759.000000;taojinbi，9.150000,,白2红2双支礼盒套餐*1 爱心酒塞*1,2021-01-13 11:52:26,2021-01-13 11:52:36,,,2021-01-13 15:47:47,2021-01-23 15:47:53,福建省,福州市,福清市,
TAOBAO,ceres旗舰店,fee8c558ae9557d574ff2712cc7113fe,tomoriarty,="1509787910648772570",普通订单,交易成功,,1,357.93,0.0,0.0,0.0,800.07,taojinbi，11.070000;掌柜推荐，789.000000,,发顺丰    白2红2双支自饮套餐*1  小鹿酒塞*1,2021-01-13 10:06:14,2021-01-13 10:06:19,,,2021-01-13 15:36:38,2021-01-21 20:48:26,河北省,秦皇岛市,抚宁区,
TAOBAO,ceres旗舰店,31ac3675c5acaf654ac7521f9cb739a1,王珞珈19,="1509890115579009459",普通订单,交易成功,,1,185.43,0.0,0.0,0.0,408.57,掌柜推荐，405.000000;taojinbi，3.570000,,,2021-01-13 08:37:25,2021-01-13 08:37:30,,,2021-01-13 15:47:45,2021-01-16 09:03:55,北京市,市辖区,昌平区,
TAOBAO,ceres旗舰店,e8866cd0026e887c1d7fa2d95ab91722,陈大龙chl,="1510051754919059250",普通订单,交易成功,,1,363.05,0.0,0.0,0.0,833.95,30，30.000000;掌柜推荐，798.000000;taojinbi，5.950000,,发顺丰 白1红1双支礼盒装*1  爱心酒塞*1(30差价)  已退,2021-01-13 11:34:01,2021-01-13 11:34:09,,,2021-01-13 15:36:38,2021-01-16 22:10:00,辽宁省,沈阳市,大东区,
TAOBAO,ceres旗舰店,778b622372261974f9403d984079afc0,tb76991636,="1510153059639807830",普通订单,交易成功,,1,368.82,0.0,0.0,0.0,789.18,掌柜推荐，759.000000;taojinbi，0.180000;30，30.000000,,白2红2双支礼盒套餐*1 白猫酒塞*1,2021-01-13 10:53:51,2021-01-13 10:53:56,,,2021-01-13 15:47:48,2021-01-23 15:47:54,河南省,南阳市,卧龙区,
TAOBAO,ceres旗舰店,1748f99f10306ec63a064089027224d5,t_1507692104573_0267,="1510192587263127915",普通订单,交易成功,,1,196.18,0.0,0.0,0.0,397.82,掌柜推荐，395.000000;taojinbi，2.820000,,白2单只礼盒套装*1  黑猫酒塞*1,2021-01-13 11:05:17,2021-01-13 11:05:29,,,2021-01-13 15:47:49,2021-01-23 15:47:55,湖北省,武汉市,洪山区,
TAOBAO,ceres旗舰店,b9d27b5de0b5693e5cd473743e174d1f,深海有鱼a201314,="1510238556337340420",普通订单,交易成功,,3,1090.48,0.0,0.0,0.0,100.0,100，100.000000,,发顺丰！！！白1双支礼盒套餐*2 红2双支礼盒套餐*1 红2*1  红2礼盒*1  白猫酒塞*1,2021-01-13 22:02:58,2021-01-13 22:03:21,,,2021-01-14 09:02:53,2021-01-24 09:03:03,山东省,滨州市,滨城区,
TAOBAO,ceres旗舰店,a1ff612369cedecab000b3d115d334aa,bwl856856,="1510252452729603330",普通订单,交易成功,,1,356.0,0.0,0.0,0.0,802.0,掌柜推荐，772.000000;30，30.000000,,,2021-01-13 22:10:42,2021-01-13 22:10:56,,,2021-01-14 16:15:10,2021-01-24 16:15:14,山西省,朔州市,朔城区,
TAOBAO,ceres旗舰店,e74cd42d39580dfe4f7fb5e1981c0857,shen15035021699,="1510760809288310041",普通订单,交易成功,,1,337.72,0.0,0.0,0.0,820.28,taojinbi，1.280000;掌柜推荐，789.000000;30，30.000000,,,2021-01-13 19:15:05,2021-01-13 19:15:10,,,2021-01-14 16:15:10,2021-01-24 16:15:12,山西省,运城市,垣曲县,
TAOBAO,ceres旗舰店,7d285382c0c7cf124dd9aa70c04bd8b2,孙信雪1974,="1511166711368217733",普通订单,交易成功,,1,326.0,0.0,0.0,0.0,832.0,30，30.000000;掌柜推荐，802.000000,,,2021-01-13 17:50:36,2021-01-13 17:50:46,,,2021-01-14 16:15:09,2021-01-24 16:15:19,山东省,青岛市,市北区,
TAOBAO,ceres旗舰店,b9d27b5de0b5693e5cd473743e174d1f,深海有鱼a201314,="1511502302811340420",普通订单,交易成功,,30,30.0,0.0,0.0,0.0,,,,,2021-01-13 22:10:52,2021-01-13 22:11:00,,,2021-01-15 17:49:51,2021-01-25 17:50:09,山东省,滨州市,滨城区,
TAOBAO,ceres旗舰店,869c642f58b338b4e7e4da40f3baffaf,shuang0502521107,="1511572934482312026",普通订单,交易成功,,1,339.0,0.0,0.0,0.0,819.0,30，30.000000;掌柜推荐，789.000000,,发顺丰！！白2红2自饮套餐*1  黑猫酒塞*1,2021-01-13 22:47:21,2021-01-13 22:47:27,,,2021-01-14 09:02:52,2021-01-24 09:03:03,吉林省,长春市,二道区,
TAOBAO,ceres旗舰店,1792035ae4674ce74903393c28f0304a,tf7324,="1511674094474338312",普通订单,交易成功,,1,357.03,0.0,0.0,0.0,839.97,掌柜推荐，798.000000;30，30.000000;taojinbi，11.970000,,,2021-01-13 23:54:55,2021-01-13 23:55:00,,,2021-01-14 16:15:11,2021-01-16 22:19:48,四川省,成都市,成华区,
TAOBAO,ceres旗舰店,2ec9361f7d3d094bcf4ca07b16294207,cooee_shi,="1511675498325029013",普通订单,交易成功,,1,354.89,0.0,0.0,0.0,803.11,掌柜推荐，772.000000;taojinbi，1.110000;30，30.000000,,白1双支礼盒套餐*1 白狗酒塞*1,2021-01-13 23:55:10,2021-01-13 23:55:14,,,2021-01-14 15:33:37,2021-01-16 15:15:14,上海市,市辖区,黄浦区,
TAOBAO,ceres旗舰店,fc82fe038f0bd517ba3f58243d12236e,lisa_yl01,="1511698141707215846",普通订单,交易成功,,1,304.24,0.0,0.0,0.0,892.76,聚划算，858.000000;taojinbi，4.760000;30，30.000000,,白1红1双支自饮套餐*1  黑钻酒塞*1,2021-01-14 10:26:39,2021-01-14 10:30:29,,,2021-01-14 16:15:12,2021-01-18 09:08:07,北京市,市辖区,朝阳区,
TAOBAO,ceres旗舰店,2c7a5f99adf009589c8d6a5a4b0ef2cf,云翼老婆,="1511781663809707050",普通订单,交易成功,,1,325.38,0.0,0.0,0.0,832.62,taojinbi，0.620000;30，30.000000;掌柜推荐，802.000000,,白1双支自饮套餐*1  白猫酒塞*1,2021-01-13 22:22:19,2021-01-13 22:22:24,,,2021-01-14 16:15:11,2021-01-17 08:09:41,山西省,长治市,城区,
TAOBAO,ceres旗舰店,0bb7cc1f50d6ec4d826b143e56828b60,wqh660120,="1511944416808526558",普通订单,交易成功,,1,286.22,0.0,0.0,0.0,871.78,taojinbi，9.780000;30，30.000000;聚划算，832.000000,,,2021-01-14 18:35:19,2021-01-14 18:35:28,,,2021-01-15 15:13:50,2021-01-25 15:13:58,上海市,市辖区,静安区,
TAOBAO,ceres旗舰店,090d205d60af92df3ab403e9e5efe0d8,xiaolvoo,="1511994600310181982",普通订单,交易成功,,1,324.34,0.0,0.0,0.0,833.66,聚划算，802.000000;taojinbi，1.660000;30，30.000000,,白1双支礼盒套餐*1 白猫酒塞*1,2021-01-14 18:56:14,2021-01-14 18:56:18,,,2021-01-15 15:17:13,2021-01-18 23:29:18,辽宁省,沈阳市,铁西区,
TAOBAO,ceres旗舰店,0e2baf2045280537515790f687a8a6b3,447239574吴金魁,="1512027037336352166",普通订单,交易成功,,1,362.88,0.0,0.0,0.0,795.12,聚划算，760.000000;30，30.000000;taojinbi，5.120000,,,2021-01-14 12:16:33,2021-01-14 12:18:03,,,2021-01-14 16:15:11,2021-01-18 16:57:20,湖南省,湘西土家族苗族自治州,吉首市,
TAOBAO,ceres旗舰店,90bcf328bbe6be7da7509cb1cadb692e,粉红顽皮豹bella,="1512125425308668342",普通订单,交易成功,,1,309.0,0.0,0.0,0.0,849.0,30，30.000000;聚划算，819.000000,,,2021-01-14 12:58:49,2021-01-14 12:58:57,,,2021-01-14 16:15:11,2021-01-24 16:15:17,江西省,上饶市,弋阳县,
TAOBAO,ceres旗舰店,151e7c9104d277077427675d89b3b9e0,lingmuer88,="1512196417949145725",普通订单,交易成功,,3,877.95,0.0,0.0,0.0,2596.05,聚划算，2496.000000;100，100.000000;taojinbi，0.050000,,白1双支自饮套餐*3 白1*1  白猫酒塞*1,2021-01-14 13:35:23,2021-01-14 13:35:34,,,2021-01-14 15:33:37,2021-01-16 15:21:37,浙江省,嘉兴市,桐乡市,
TAOBAO,ceres旗舰店,d91a70a1a679e19ea5034dd316c8a28e,xxxibqyuki,="1512248185796496468",普通订单,交易成功,,1,294.81,0.0,0.0,0.0,863.19,taojinbi，1.190000;聚划算，832.000000;30，30.000000,,,2021-01-14 14:01:51,2021-01-14 14:01:56,,,2021-01-14 17:44:54,2021-01-17 13:28:57,湖北省,武汉市,武昌区,
TAOBAO,ceres旗舰店,9bc445dcce82b23fc05306197869df5d,meilongboy,="1512401655246395784",普通订单,交易成功,,1,302.79,0.0,0.0,0.0,894.21,聚划算，858.000000;taojinbi，6.210000;30，30.000000,,,2021-01-14 11:00:35,2021-01-14 11:00:42,,,2021-01-14 16:15:11,2021-01-24 16:15:27,四川省,成都市,金牛区,
TAOBAO,ceres旗舰店,91a36fbe561274754c5a4883a02b2e5d,dhpxm,="1512422319248736871",普通订单,交易成功,,3,3712.0,728.0,0.0,0.0,5368.0,掌柜推荐，5268.000000;100，100.000000,,白3红3双支礼盒套餐*4  红3*1  红3礼盒*1  黑狗酒塞*1  白狗酒塞*1  黑猫酒塞*1  爱心酒塞*1,2021-01-14 11:06:35,2021-01-14 11:08:16,,,2021-01-14 15:33:37,2021-01-24 15:33:42,江苏省,连云港市,东海县,
TAOBAO,ceres旗舰店,91a36fbe561274754c5a4883a02b2e5d,dhpxm,="1512446259083736871",普通订单,交易成功,,40,40.0,0.0,0.0,0.0,,,,不发货,2021-01-14 11:13:19,2021-01-14 11:13:25,,,2021-01-15 17:49:59,2021-01-25 17:50:07,江苏省,连云港市,东海县,
TAOBAO,ceres旗舰店,a8e1252fae7ffc4fdfdbe0108e409d1a,bluep,="1512503064054274252",普通订单,交易成功,,1,308.32,0.0,0.0,0.0,888.68,taojinbi，0.680000;聚划算，858.000000;30，30.000000,,白1红1双支自饮套餐*1  兔子酒塞,2021-01-14 23:01:16,2021-01-14 23:01:22,,,2021-01-15 15:13:49,2021-01-25 15:13:54,浙江省,杭州市,拱墅区,
TAOBAO,ceres旗舰店,90bcf328bbe6be7da7509cb1cadb692e,粉红顽皮豹bella,="1512612687159668342",普通订单,交易成功,,1,309.0,0.0,0.0,0.0,849.0,聚划算，819.000000;30，30.000000,,,2021-01-14 12:07:19,2021-01-14 12:07:26,,,2021-01-14 16:15:10,2021-01-24 16:15:16,山东省,东营市,东营区,
TAOBAO,ceres旗舰店,151e7c9104d277077427675d89b3b9e0,lingmuer88,="1512814503554145725",普通订单,交易成功,,3,1094.0,0.0,0.0,0.0,3028.0,100，100.000000;聚划算，2928.000000,,红1双支自饮套餐*3  红1*1  ,2021-01-14 13:36:24,2021-01-14 13:36:30,,,2021-01-14 15:33:37,2021-01-16 15:21:48,浙江省,嘉兴市,桐乡市,
TAOBAO,ceres旗舰店,ebbaab01a3e47037ffc0f186418c0e06,劣日晨星,="1512926894105943669",普通订单,交易成功,,1,848.66,0.0,0.0,0.0,1935.34,100，100.000000;taojinbi，29.340000;掌柜推荐，1806.000000,,发顺丰  白3红3双支自饮套餐*1  兔子酒塞*1 小鹿酒塞*1,2021-01-14 16:41:25,2021-01-14 16:41:29,,,2021-01-14 17:39:39,2021-01-24 17:39:45,安徽省,六安市,裕安区,
TAOBAO,ceres旗舰店,d10d8bd3d18063efdfdd533133cbede1,tb352986391,="1512933589140984120",普通订单,交易成功,,1,326.0,0.0,0.0,0.0,832.0,30，30.000000;聚划算，802.000000,,白2双支礼盒套餐*1  白兔酒塞*1,2021-01-14 19:14:41,2021-01-14 19:14:45,,,2021-01-15 15:20:05,2021-01-17 21:26:36,山东省,威海市,乳山市,
TAOBAO,ceres旗舰店,b6666c799907462b0819ff3e48ac9869,傅迪111,="1512952994630784640",普通订单,交易成功,,1,326.0,0.0,0.0,0.0,832.0,聚划算，802.000000;30，30.000000,,,2021-01-14 16:55:33,2021-01-14 16:55:39,,,2021-01-14 17:44:54,2021-01-24 17:45:08,浙江省,绍兴市,柯桥区,
TAOBAO,ceres旗舰店,16ae65a3e97a8de37ac345d028e03d7b,随心筱熊,="1513057035470265435",普通订单,交易成功,,1,315.32,0.0,0.0,0.0,842.68,聚划算，802.000000;taojinbi，10.680000;30，30.000000,,白1双支礼盒套餐*1  黑钻酒塞*1,2021-01-14 15:36:20,2021-01-14 15:36:24,,,2021-01-14 17:44:53,2021-01-16 23:53:27,浙江省,金华市,永康市,
TAOBAO,ceres旗舰店,4843278e83b5b9725f98a908b009d88a,后街格格10,="1513091234908208461",普通订单,交易成功,,1,327.93,0.0,0.0,0.0,830.07,taojinbi，11.070000;30，30.000000;聚划算，789.000000,,发顺丰！！！,2021-01-14 17:53:41,2021-01-14 17:53:47,,,2021-01-14 17:56:27,2021-01-24 17:56:34,上海市,市辖区,普陀区,
TAOBAO,ceres旗舰店,2cfa5f7b1207cc7171fa1ce017c7da93,archer0508,="1513288406158312970",普通订单,交易成功,,1,188.65,0.0,0.0,0.0,405.35,掌柜推荐，405.000000;taojinbi，0.350000,,,2021-01-14 19:14:50,2021-01-14 19:14:53,,,2021-01-15 15:13:49,2021-01-20 19:11:44,江苏省,常州市,新北区,
TAOBAO,ceres旗舰店,d5d6398550cea2d74952cc2057afb688,黑色猫咪yoyo,="1513397197516156144",普通订单,交易成功,,1,315.32,0.0,0.0,0.0,842.68,30，30.000000;taojinbi，10.680000;聚划算，802.000000,,白1双支礼盒装*1  黑猫酒塞*1,2021-01-14 22:58:12,2021-01-14 22:58:16,,,2021-01-15 15:13:49,2021-01-25 15:14:00,上海市,市辖区,浦东新区,
TAOBAO,ceres旗舰店,b1293872bec9524e3435e0759edfd0c3,夜空中最亮的星747716392,="1513483849712376966",普通订单,交易成功,,1,308.32,0.0,0.0,0.0,849.68,30，30.000000;taojinbi，0.680000;聚划算，819.000000,,白2红2双支自饮套餐*1 白狗酒塞*1,2021-01-15 00:07:11,2021-01-15 00:07:14,,,2021-01-15 15:13:49,2021-01-25 15:13:53,上海市,市辖区,闵行区,
TAOBAO,ceres旗舰店,8e6d685367d54627edfdc29038ee6907,tb614291569,="1513502030685148557",普通订单,交易成功,,1,294.99,0.0,0.0,0.0,863.01,30，30.000000;taojinbi，1.010000;聚划算，832.000000,,,2021-01-14 20:52:56,2021-01-14 20:54:36,,,2021-01-15 15:17:13,2021-01-25 15:17:23,辽宁省,大连市,金州区,
TAOBAO,ceres旗舰店,60f5919da9c88cd5fc8319ae457e9b5d,声色犬马灭天理存人欲,="1513562078601890454",普通订单,交易成功,,1,295.75,0.0,0.0,0.0,862.25,聚划算，832.000000;30，30.000000;taojinbi，0.250000,,,2021-01-14 21:20:23,2021-01-14 21:20:39,,,2021-01-15 15:17:13,2021-01-25 15:17:24,吉林省,长春市,,
TAOBAO,ceres旗舰店,c410b45b8590ac195656587fad5a6f66,情定20120204,="1513583065691952224",普通订单,交易成功,,1,315.32,0.0,0.0,0.0,842.68,taojinbi，10.680000;聚划算，802.000000;30，30.000000,,,2021-01-15 06:33:27,2021-01-15 06:33:33,,,2021-01-15 15:17:13,2021-01-18 15:48:40,吉林省,长春市,朝阳区,
TAOBAO,ceres旗舰店,8d89f4926ac5805573d0121bc906e6ea,joe4705,="1513935363321293777",普通订单,交易成功,,1,307.17,0.0,0.0,0.0,850.83,30，30.000000;聚划算，819.000000;taojinbi，1.830000,,,2021-01-14 22:12:44,2021-01-14 22:12:50,,,2021-01-15 15:13:49,2021-01-25 15:13:56,浙江省,杭州市,西湖区,
TAOBAO,ceres旗舰店,4ac9fcab7898fa49145051d17ea7e02c,芜可放弃,="1513953288722491414",普通订单,交易成功,,1,287.39,0.0,0.0,0.0,870.61,taojinbi，8.610000;聚划算，832.000000;30，30.000000,,,2021-01-15 17:27:00,2021-01-15 17:27:05,,,2021-01-15 17:43:05,2021-01-17 20:27:01,上海市,市辖区,长宁区,
TAOBAO,ceres旗舰店,50f1af6a741f9fe257de12d31c5e1073,tb962338117,="1514075726534691185",普通订单,交易成功,,1,327.93,0.0,0.0,0.0,869.07,taojinbi，11.070000;聚划算，828.000000;30，30.000000,,,2021-01-15 09:21:40,2021-01-15 09:21:44,,,2021-01-15 15:20:07,2021-01-25 15:20:17,广东省,珠海市,金湾区,
TAOBAO,ceres旗舰店,99b7b0247374edcf90e4287fcb4ca631,tb223525485,="1514164681877834941",普通订单,交易成功,,1,327.93,0.0,0.0,0.0,869.07,聚划算，828.000000;30，30.000000;taojinbi，11.070000,,发顺丰  白1红1双支礼盒套餐*1  黑狗酒塞*1,2021-01-15 12:16:54,2021-01-15 12:17:01,,,2021-01-15 15:14:33,2021-01-19 10:17:37,重庆市,市辖区,永川区,
TAOBAO,ceres旗舰店,8cf10f8703cdca31d5c582fc453eca64,sx158981,="1514205649505984950",普通订单,交易成功,,1,327.93,0.0,0.0,0.0,869.07,30，30.000000;taojinbi，11.070000;聚划算，828.000000,,,2021-01-15 12:31:21,2021-01-15 12:31:25,,,2021-01-15 15:17:13,2021-01-18 09:35:07,辽宁省,大连市,瓦房店市,
TAOBAO,ceres旗舰店,2ddd2919317b38ff0d803d502e3308ba,tb494434246,="1514488428755035277",普通订单,交易成功,,1,917.02,0.0,0.0,0.0,1866.98,掌柜推荐，1766.000000;100，100.000000;taojinbi，0.980000,,,2021-01-15 21:14:32,2021-01-15 21:14:38,,,2021-01-16 15:51:23,2021-01-18 19:58:57,广东省,江门市,蓬江区,
TAOBAO,ceres旗舰店,335f3cf181c28f8796aac78c5550d13b,tb921881455,="1514512405935082763",普通订单,交易成功,,1,289.5,0.0,0.0,0.0,868.5,30，30.000000;taojinbi，6.500000;聚划算，832.000000,,,2021-01-15 14:53:21,2021-01-15 14:53:25,,,2021-01-15 17:43:05,2021-01-25 17:43:15,浙江省,杭州市,西湖区,
TAOBAO,ceres旗舰店,83a2fbaff56f5ffe93f1483ff86cd927,永远的slim,="1514560502473623139",普通订单,交易成功,,1,183.33,0.0,0.0,0.0,410.67,掌柜推荐，405.000000;taojinbi，5.670000,,,2021-01-15 12:31:33,2021-01-15 12:31:44,,,2021-01-15 15:13:49,2021-01-25 15:13:54,上海市,市辖区,宝山区,
TAOBAO,ceres旗舰店,32c31838f345d0ac854418d09be1fb83,emmaljm,="1514565109023689869",普通订单,交易成功,,1,289.47,0.0,0.0,0.0,868.53,聚划算，832.000000;taojinbi，6.530000;30，30.000000,,,2021-01-15 15:16:50,2021-01-15 15:16:55,,,2021-01-15 17:43:05,2021-01-25 17:43:13,四川省,成都市,锦江区,
TAOBAO,ceres旗舰店,8f0411f3578ce35bd04caa23001e93f5,劳武纸业,="1514696832100986627",普通订单,交易成功,,3,848.66,0.0,0.0,0.0,2625.34,100，100.000000;taojinbi，29.340000;聚划算，2496.000000,,白1自饮套餐*3 白1*1 ,2021-01-15 23:32:09,2021-01-15 23:32:16,,,2021-01-16 15:51:25,2021-01-26 15:51:34,山东省,聊城市,冠县,
TAOBAO,ceres旗舰店,6ab7a5fd29521400c9f86b50c6988e56,danni1234567812345678,="1514746728015048054",普通订单,交易成功,,1,296.0,0.0,0.0,0.0,862.0,30，30.000000;聚划算，832.000000,,,2021-01-16 00:41:35,2021-01-16 00:41:41,,,2021-01-16 15:51:22,2021-01-26 15:51:30,湖北省,武汉市,蔡甸区,
TAOBAO,ceres旗舰店,51e28c07122d6f8d79150232de3446c5,tony_wzj,="1514835468070887659",普通订单,交易成功,,1,298.95,0.0,0.0,0.0,898.05,聚划算，858.000000;taojinbi，10.050000;30，30.000000,,,2021-01-16 05:29:50,2021-01-16 05:30:01,,,2021-01-16 15:51:22,2021-01-26 15:51:28,江苏省,苏州市,吴中区,
TAOBAO,ceres旗舰店,c8dc1412cca98bcbd6704caf7d4f4201,天天917433,="1514842599476966760",普通订单,交易成功,,1,338.91,0.0,0.0,0.0,819.09,30，30.000000;聚划算，789.000000;taojinbi，0.090000,,,2021-01-15 12:38:25,2021-01-15 12:38:33,,,2021-01-15 15:13:49,2021-01-20 11:52:29,上海市,市辖区,宝山区,
TAOBAO,ceres旗舰店,4f9dbcea6ad34def6f3d81e62de5e9a9,gofun19750213,="1514922768933842524",普通订单,交易成功,,1,326.0,0.0,0.0,0.0,832.0,30，30.000000;聚划算，802.000000,,,2021-01-16 08:41:42,2021-01-16 08:41:50,,,2021-01-16 15:51:23,2021-01-26 15:51:33,江苏省,苏州市,吴江区,
TAOBAO,ceres旗舰店,a651f8f031ca01bcefc40da73cb8d904,86好多鱼86,="1515105074796674648",普通订单,交易成功,,1,298.83,0.0,0.0,0.0,859.17,聚划算，819.000000;taojinbi，10.170000;30，30.000000,,,2021-01-15 16:50:18,2021-01-15 16:50:28,,,2021-01-15 17:43:05,2021-01-25 17:43:15,北京市,市辖区,朝阳区,
TAOBAO,ceres旗舰店,58c44f6619b2260666d82e2abb39dbd7,婷婷夸夸,="1515109140548074059",普通订单,交易成功,,1,298.83,0.0,0.0,0.0,898.17,30，30.000000;聚划算，858.000000;taojinbi，10.170000,,,2021-01-16 10:26:35,2021-01-16 10:26:42,,,2021-01-16 15:51:24,2021-01-26 15:51:36,江苏省,无锡市,新吴区,
TAOBAO,ceres旗舰店,aeac723f82e34bfbcc5d7f3411b7d757,少年不戴花gian,="1515347102745525057",普通订单,交易成功,,1,298.83,0.0,0.0,0.0,859.17,30，30.000000;taojinbi，10.170000;聚划算，819.000000,,白2红2自饮套餐*1  黑狗酒塞*1,2021-01-15 18:30:42,2021-01-15 18:30:47,,,2021-01-16 15:51:21,2021-01-26 15:51:31,北京市,市辖区,石景山区,
TAOBAO,ceres旗舰店,6fcabc58198fcfdc05717b7c40ef677a,李戬梅,="1515460680148520284",普通订单,交易成功,,1,305.37,0.0,0.0,0.0,852.63,taojinbi，3.630000;30，30.000000;聚划算，819.000000,,,2021-01-16 12:23:55,2021-01-16 12:24:05,,,2021-01-16 15:51:24,2021-01-23 10:28:57,山西省,太原市,万柏林区,
TAOBAO,ceres旗舰店,981d9c85d63abcaaedfa465d7b81131c,niandoubao_xiaodai,="1515613826352007214",普通订单,交易成功,,2,642.28,0.0,0.0,0.0,60.0,60，60.000000,,不要报关单卫检售后卡,2021-01-15 20:24:11,2021-01-15 20:24:18,,,2021-01-16 15:51:22,2021-01-25 13:40:04,北京市,市辖区,海淀区,
TAOBAO,ceres旗舰店,559ec1b560a203d22b192e1ffc463bf6,啦啦啦啦啦天晴,="1515616200383408119",普通订单,交易成功,,1,307.67,0.0,0.0,0.0,850.33,30，30.000000;聚划算，819.000000;taojinbi，1.330000,,,2021-01-16 13:26:27,2021-01-16 13:26:34,,,2021-01-16 15:51:22,2021-01-26 15:51:33,湖南省,衡阳市,蒸湘区,
TAOBAO,ceres旗舰店,e8889b0b6daa916b25fbb81af67a0254,tb33545770,="1515626101049011422",普通订单,交易成功,,1,308.9,0.0,0.0,0.0,849.1,taojinbi，0.100000;聚划算，819.000000;30，30.000000,,白2红2双支自饮套餐*1 白兔酒塞*1,2021-01-15 23:57:52,2021-01-15 23:57:56,,,2021-01-16 15:51:25,2021-01-17 17:12:07,上海市,市辖区,杨浦区,
TAOBAO,ceres旗舰店,2b908dbc5b4106cdf82a2851c97f7fff,xiaoqi26,="1515631863909421763",普通订单,交易成功,,1,333.9,0.0,0.0,0.0,863.1,30，30.000000;聚划算，828.000000;taojinbi，5.100000,,白1红1双支礼盒套餐*1 小鹿酒塞*1,2021-01-15 18:38:04,2021-01-15 18:38:08,,,2021-01-16 15:51:22,2021-01-26 15:51:34,广东省,汕头市,金平区,
TAOBAO,ceres旗舰店,fb45a0ead272b130c35733d50c7d674e,大眼睛de猪,="1515747062831505370",普通订单,交易成功,,1,327.93,0.0,0.0,0.0,869.07,taojinbi，11.070000;30，30.000000;聚划算，828.000000,,,2021-01-15 21:22:45,2021-01-15 21:22:51,,,2021-01-16 15:51:23,2021-01-17 18:16:22,江苏省,淮安市,涟水县,
TAOBAO,ceres旗舰店,f675a068e644b9ae0482c95927e102ab,雪莉比,="1515874286382514950",普通订单,交易成功,,3,854.42,0.0,0.0,0.0,2619.58,taojinbi，23.580000;100，100.000000;聚划算，2496.000000,,白2自饮双支套餐*3 白2*1 小鹿酒塞*1,2021-01-15 22:37:39,2021-01-15 22:37:57,,,2021-01-16 15:51:24,2021-01-27 22:28:15,浙江省,杭州市,拱墅区,
TAOBAO,ceres旗舰店,fc89e02e513f78d35dc79a92e58bbaf9,liumingand123,="1516151487924705324",普通订单,交易成功,,1,327.93,0.0,0.0,0.0,869.07,30，30.000000;聚划算，828.000000;taojinbi，11.070000,,白1红1双支礼盒套餐*1   白猫酒塞*1,2021-01-15 23:00:12,2021-01-15 23:00:18,,,2021-01-16 15:51:24,2021-01-26 15:51:36,湖北省,孝感市,大悟县,
TAOBAO,ceres旗舰店,8c815c9988d3e6544218c6e2a9b40b7e,ssaw百合花,="1516375117773890679",普通订单,交易成功,,1,878.0,0.0,0.0,0.0,1906.0,100，100.000000;掌柜推荐，1806.000000,,,2021-01-16 12:36:53,2021-01-16 12:36:57,,,2021-01-16 15:51:24,2021-01-26 15:51:38,浙江省,绍兴市,柯桥区,
TAOBAO,ceres旗舰店,850e84b16ce531de839e046cdc3ea13e,李欣圆宝贝,="1516457016233448265",普通订单,交易成功,,2,706.45,0.0,0.0,0.0,1609.55,聚划算，1578.000000;30，30.000000;taojinbi，1.550000,,发顺丰 白2红2礼盒双支套餐*2 小鹿酒塞*1,2021-01-16 19:16:36,2021-01-16 19:16:40,,,2021-01-17 15:18:13,2021-01-26 10:29:22,浙江省,杭州市,富阳区,
TAOBAO,ceres旗舰店,73dadcc0c733b7020796e6f7000a7706,jjddqq123,="1516662540932246253",普通订单,交易成功,,1,287.58,0.0,0.0,0.0,870.42,taojinbi，8.420000;30，30.000000;聚划算，832.000000,,白1双支自饮套餐*1 小鹿酒塞*1,2021-01-16 20:45:54,2021-01-16 20:46:05,,,2021-01-17 15:23:46,2021-01-27 15:23:55,河南省,焦作市,山阳区,
TAOBAO,ceres旗舰店,7af875c19e330f98880fe603aee4cf63,mqp20088,="1516713663644837324",普通订单,交易成功,,3,886.49,0.0,0.0,0.0,2704.51,聚划算，2574.000000;taojinbi，30.510000;100，100.000000,,白1红1自饮套餐*3  白1*1   黑钻酒塞*1,2021-01-16 11:11:05,2021-01-16 11:11:11,,,2021-01-16 15:51:22,2021-01-26 11:19:57,江苏省,常州市,武进区,
TAOBAO,ceres旗舰店,57e299bea83912216716c3d89dc4d400,唯爱四叶草102315,="1516799055253122070",普通订单,交易成功,,3,1007.0,0.0,0.0,0.0,100.0,100，100.000000,,发顺丰 白1红1双支礼盒套餐*2  白2红2双支礼盒套餐*1  白2*1    兔子酒塞*1,2021-01-16 11:36:36,2021-01-16 11:37:37,,,2021-01-16 16:44:57,2021-01-26 16:45:04,河北省,邯郸市,永年区,
TAOBAO,ceres旗舰店,8c815c9988d3e6544218c6e2a9b40b7e,ssaw百合花,="1516993779099890679",普通订单,交易成功,,2,618.0,0.0,0.0,0.0,1776.0,聚划算，1716.000000;60，60.000000,,白1*2  红1*3  海马刀*2  兔子酒塞*1,2021-01-16 12:43:06,2021-01-16 12:48:10,,,2021-01-16 15:51:25,2021-01-26 15:51:39,浙江省,绍兴市,柯桥区,
TAOBAO,ceres旗舰店,d5313e25ecdadaf7a04753ac3ef5f604,白凡_楠,="1517073300095936673",普通订单,交易成功,,1,287.93,0.0,0.0,0.0,909.07,taojinbi，11.070000;70，70.000000;掌柜推荐，828.000000,,,2021-01-17 01:07:35,2021-01-17 01:07:39,,,2021-01-17 15:23:46,2021-01-27 15:23:56,安徽省,合肥市,蜀山区,
TAOBAO,ceres旗舰店,fc2e481f7e968affa7d0df1b55df2fa1,小桃子小丸子,="1517078738727639412",普通订单,交易成功,,1,308.86,0.0,0.0,0.0,888.14,30，30.000000;taojinbi，0.140000;聚划算，858.000000,,,2021-01-16 15:07:15,2021-01-16 15:07:19,,,2021-01-16 17:47:59,2021-01-19 07:50:51,上海市,市辖区,浦东新区,
TAOBAO,ceres旗舰店,a58cbc049b05aebb4d3d7c23a367f3e8,yvetta_by,="1517245344805343973",普通订单,交易成功,,1,285.27,0.0,0.0,0.0,872.73,70，70.000000;taojinbi，0.730000;掌柜推荐，802.000000,,,2021-01-17 09:10:53,2021-01-17 09:11:01,,,2021-01-17 15:21:07,2021-01-27 15:21:17,辽宁省,丹东市,元宝区,
TAOBAO,ceres旗舰店,8b5025059796e8f0b7a41a8221703031,mrzoubin,="1517346505654417464",普通订单,交易成功,,1,286.22,0.0,0.0,0.0,871.78,聚划算，832.000000;30，30.000000;taojinbi，9.780000,,,2021-01-16 19:15:04,2021-01-16 19:15:10,,,2021-01-17 15:23:45,2021-01-27 15:23:52,上海市,市辖区,虹口区,
TAOBAO,ceres旗舰店,a52dd66bf8691e59affd678763aa51e6,聂帅asdfghjkl,="1517681701287409172",普通订单,交易成功,,1,336.52,0.0,0.0,0.0,860.48,聚划算，828.000000;30，30.000000;taojinbi，2.480000,,写贺卡！！白1红1双支礼盒套餐*1 白狗酒塞*1 ,2021-01-16 21:41:02,2021-01-16 21:41:08,,,2021-01-17 15:23:46,2021-01-21 14:28:16,四川省,南充市,嘉陵区,
TAOBAO,ceres旗舰店,4faddad911d36e409a898d6926f7ddb9,浮现的点点,="1517884777831874170",普通订单,交易成功,,1,298.83,0.0,0.0,0.0,859.17,30，30.000000;taojinbi，10.170000;聚划算，819.000000,,白2红2双支自饮套餐*1 小鹿酒塞*1,2021-01-16 23:40:50,2021-01-16 23:41:03,,,2021-01-17 15:23:47,2021-01-21 21:46:53,江西省,吉安市,吉州区,
TAOBAO,ceres旗舰店,b8bd9bc58f94c053902307c7a5a17f5e,皮卡丘排球队,="1517893453806162049",普通订单,交易成功,,1,286.22,0.0,0.0,0.0,871.78,30，30.000000;聚划算，832.000000;taojinbi，9.780000,,,2021-01-16 23:48:49,2021-01-16 23:48:59,,,2021-01-17 15:23:47,2021-01-21 21:38:06,江苏省,扬州市,仪征市,
TAOBAO,ceres旗舰店,5b45344202f219a9bf7de101ab6031ef,wz18122396379,="1517905872768505184",普通订单,交易成功,,1,275.32,0.0,0.0,0.0,882.68,70，70.000000;taojinbi，10.680000;掌柜推荐，802.000000,,,2021-01-17 13:42:30,2021-01-17 13:42:37,,,2021-01-17 15:21:07,2021-01-27 15:21:18,内蒙古自治区,乌海市,海勃湾区,
TAOBAO,ceres旗舰店,867daa8e67cb6553d3e67fdad7b647b1,lhmsx,="1517927581764437944",普通订单,交易成功,,1,290.51,0.0,0.0,0.0,906.49,掌柜推荐，828.000000;70，70.000000;taojinbi，8.490000,,,2021-01-17 00:21:46,2021-01-17 00:21:56,,,2021-01-17 15:23:46,2021-01-19 19:17:29,浙江省,台州市,临海市,
TAOBAO,ceres旗舰店,66b88356db6bdcbb95322827c07528e7,tb72624047,="1518008942602970241",普通订单,交易成功,,1,338.78,0.0,0.0,0.0,858.22,30，30.000000;聚划算，828.000000;taojinbi，0.220000,,白1红1双支礼盒套餐*1 小鹿酒塞*1,2021-01-16 21:34:23,2021-01-16 21:34:27,,,2021-01-17 15:21:07,2021-01-27 15:21:15,吉林省,长春市,南关区,
TAOBAO,ceres旗舰店,d547e60847716f9ea11b810ee2bb2b5f,chenzunshi,="1518149594057115850",普通订单,交易成功,,1,306.06,0.0,0.0,0.0,890.94,30，30.000000;聚划算，858.000000;taojinbi，2.940000,,,2021-01-16 22:44:36,2021-01-16 22:44:46,,,2021-01-17 15:23:47,2021-01-27 15:23:54,上海市,市辖区,普陀区,
TAOBAO,ceres旗舰店,d54709955fcc34e46d407ae5d09b5285,tb1298006_2012,="1518193008115905634",普通订单,交易成功,,1,329.0,0.0,0.0,0.0,868.0,掌柜推荐，798.000000;70，70.000000,,写字条,2021-01-17 15:50:36,2021-01-17 15:50:44,,,2021-01-17 16:33:43,2021-01-27 16:33:56,江苏省,无锡市,梁溪区,
TAOBAO,ceres旗舰店,c8a9b02a422d90a7ad7e898470f4a952,wendyk,="1518383412172043035",普通订单,交易成功,,1,328.56,0.0,0.0,0.0,868.44,掌柜推荐，798.000000;taojinbi，0.440000;70，70.000000,,,2021-01-17 17:09:55,2021-01-17 17:09:59,,,2021-01-17 17:37:43,2021-01-27 17:37:52,江苏省,南京市,鼓楼区,
TAOBAO,ceres旗舰店,c5a2a1d5f89a6f646a819ff9ffab5d67,张子晨29529236,="1518465061767693737",普通订单,交易成功,,1,295.64,0.0,0.0,0.0,901.36,taojinbi，3.360000;70，70.000000;掌柜推荐，828.000000,,,2021-01-17 11:34:02,2021-01-17 11:34:09,,,2021-01-17 15:21:07,2021-01-27 15:21:15,内蒙古自治区,呼伦贝尔市,牙克石市,
TAOBAO,ceres旗舰店,9aee29638a962539ec5d69d67a1ab044,juliet_7,="1518538827700680975",普通订单,交易成功,,2,1358.0,0.0,0.0,0.0,140.0,140，140.000000,,买6瓶送1瓶【数云备注】,2021-01-17 00:23:44,2021-01-17 00:23:51,,,2021-01-17 15:23:46,2021-01-20 12:10:43,湖北省,武汉市,洪山区,
TAOBAO,ceres旗舰店,6a071409d4e99a316324582db4e59350,即风随逝,="1518565538205817177",普通订单,交易成功,,1,884.31,0.0,0.0,0.0,1899.69,掌柜推荐，1756.000000;taojinbi，3.690000;140，140.000000,,,2021-01-17 09:59:30,2021-01-17 09:59:36,,,2021-01-17 15:23:48,2021-01-27 15:23:54,北京市,市辖区,通州区,
TAOBAO,ceres旗舰店,774694c70f4f64cd5943a1fa38cd00e8,吴一兵兵,="1518761414771627064",普通订单,交易成功,,1,287.93,0.0,0.0,0.0,870.07,掌柜推荐，789.000000;taojinbi，11.070000;70，70.000000,,,2021-01-17 11:17:49,2021-01-17 11:17:55,,,2021-01-17 15:23:48,2021-01-26 13:59:34,江苏省,徐州市,泉山区,
TAOBAO,ceres旗舰店,c751c9bc286ea1b1551d84681d5e85f7,ljgrace2830,="1518904371797053722",普通订单,交易成功,,1,317.03,0.0,0.0,0.0,840.97,70，70.000000;掌柜推荐，759.000000;taojinbi，11.970000,,白2红2双支礼盒套餐*1  白猫酒塞*1,2021-01-17 10:39:21,2021-01-17 10:39:56,,,2021-01-17 15:23:47,2021-01-27 15:23:52,浙江省,杭州市,滨江区,
TAOBAO,ceres旗舰店,ef9ddae38b711d85c85ec17440651534,爱佳梅,="1518908040227390171",普通订单,交易成功,,1,329.0,0.0,0.0,0.0,868.0,70，70.000000;掌柜推荐，798.000000,,,2021-01-17 20:53:04,2021-01-17 20:53:16,,,2021-01-18 15:38:52,2021-01-19 21:26:30,上海市,市辖区,普陀区,
TAOBAO,ceres旗舰店,adda5b12b195e6feb16af57c4b8630f3,tb296019195,="1519030693441319727",普通订单,交易成功,,1,329.0,0.0,0.0,0.0,829.0,掌柜推荐，759.000000;70，70.000000,,白2红2礼盒套餐*1  白猫酒塞*1,2021-01-17 15:28:03,2021-01-17 15:28:10,,,2021-01-17 16:33:43,2021-01-22 12:49:00,福建省,宁德市,福鼎市,
TAOBAO,ceres旗舰店,0310525ba6390758463539d626c73efa,星雨心用,="1519218289080225264",普通订单,交易成功,,1,290.43,0.0,0.0,0.0,906.57,70，70.000000;掌柜推荐，828.000000;taojinbi，8.570000,,白1红1自饮双支套餐*1 白狗酒塞*1,2021-01-17 16:48:41,2021-01-17 16:48:45,,,2021-01-17 17:24:31,2021-01-27 17:24:45,江苏省,淮安市,淮安区,
TAOBAO,ceres旗舰店,1711233cbefc46b46356633e31dd9b45,蓝色圣殿88,="1519260480737893930",普通订单,交易成功,,1,1248.0,0.0,0.0,0.0,2916.0,140，140.000000;品牌促销，2776.000000,,红2六只装礼盒套餐*1   红2*1,2021-01-18 01:22:50,2021-01-18 01:22:57,,,2021-01-18 15:41:02,2021-01-20 18:48:14,广西壮族自治区,桂林市,七星区,
TAOBAO,ceres旗舰店,7e34d6f75b1ae4a969bc74fd4fd302e6,流星的小翅膀,="1519289102871519453",普通订单,交易成功,,1,291.46,0.0,0.0,0.0,905.54,掌柜推荐，828.000000;70，70.000000;taojinbi，7.540000,,,2021-01-17 14:46:59,2021-01-17 14:47:07,,,2021-01-17 17:37:43,2021-01-27 17:37:58,江苏省,南京市,秦淮区,
TAOBAO,ceres旗舰店,a65b16e30bbdefd85e925d3001c2a65b,tb14811730,="1519395951898589731",普通订单,交易成功,,1,299.0,0.0,0.0,0.0,859.0,掌柜推荐，789.000000;70，70.000000,,,2021-01-17 13:38:25,2021-01-17 13:38:35,,,2021-01-17 15:23:48,2021-01-27 15:23:55,山东省,东营市,东营区,
TAOBAO,ceres旗舰店,9b7b804635930605779a7b0d6c09cb12,ailin叶,="1519487607518641534",普通订单,交易成功,,1,830.85,0.0,0.0,0.0,1953.15,taojinbi，7.150000;掌柜推荐，1806.000000;140，140.000000,,,2021-01-17 14:20:29,2021-01-17 14:21:21,,,2021-01-17 17:37:42,2021-01-27 17:37:53,广东省,深圳市,罗湖区,
TAOBAO,ceres旗舰店,57c1a2d88564815e11f94775d7514799,王楚杰1217,="1519661919876105158",普通订单,交易成功,,1,298.21,0.0,0.0,0.0,859.79,掌柜推荐，789.000000;taojinbi，0.790000;70，70.000000,,,2021-01-17 15:43:25,2021-01-17 15:43:29,,,2021-01-17 17:37:43,2021-01-27 17:37:57,天津市,市辖区,河西区,
TAOBAO,ceres旗舰店,b05b9d039f106d5049e0de9dafa5184c,想要西柚的柠檬,="1520382602726778242",普通订单,交易成功,,1,875.32,0.0,0.0,0.0,1908.68,掌柜推荐，1756.000000;140，140.000000;taojinbi，12.680000,,白3红3双支礼盒套餐*1 小鹿酒塞*1,2021-01-17 23:04:07,2021-01-17 23:04:14,,,2021-01-18 15:38:53,2021-01-25 20:05:16,山东省,青岛市,李沧区,
TAOBAO,ceres旗舰店,cdfa7c6dd5bd0165a89853e26c7ea2c1,mazhibin8156,="1520421373506718645",普通订单,交易成功,,1,783.59,0.0,0.0,0.0,2000.41,taojinbi，4.410000;140，140.000000;掌柜推荐，1856.000000,,发顺丰！！ 白3双支礼盒套餐*1 黑砖酒塞*1,2021-01-18 10:17:29,2021-01-18 10:17:34,,,2021-01-18 15:27:56,2021-01-20 17:33:30,北京市,市辖区,朝阳区,
TAOBAO,ceres旗舰店,af45067a9c9f3ef529c66ca5befd7c96,二皮无敌,="1520540173614745178",普通订单,交易成功,,1,887.3,0.0,0.0,0.0,1896.7,140，140.000000;taojinbi，0.700000;掌柜推荐，1756.000000,,发顺丰！！白3红3双支礼盒套餐*1  白兔酒塞*1 ,2021-01-18 11:04:57,2021-01-18 11:05:03,,,2021-01-18 15:27:56,2021-01-28 15:28:08,山东省,潍坊市,青州市,
TAOBAO,ceres旗舰店,eb6c991237f75750ee6bdf836c6f2315,tb_3718788,="1520585391823650227",普通订单,交易成功,,1,299.0,0.0,0.0,0.0,898.0,掌柜推荐，828.000000;70，70.000000,,,2021-01-17 22:35:00,2021-01-17 22:35:08,,,2021-01-18 15:38:52,2021-01-22 10:03:33,湖南省,长沙市,天心区,
TAOBAO,ceres旗舰店,89717dbd83e3275f0caacda39e4c9037,许春燕1976,="1520664879874860353",普通订单,交易成功,,1,299.0,0.0,0.0,0.0,859.0,掌柜推荐，789.000000;70，70.000000,,,2021-01-17 23:28:18,2021-01-17 23:28:23,,,2021-01-18 15:38:53,2021-01-28 15:39:07,浙江省,嘉兴市,海宁市,
TAOBAO,ceres旗舰店,1dd4cd6e7caeb04abca9224d824e6f5b,cyhzz7,="1520711929474667369",普通订单,交易成功,,1,836.19,0.0,0.0,0.0,1947.81,140，140.000000;taojinbi，1.810000;掌柜推荐，1806.000000,,,2021-01-18 12:00:13,2021-01-18 12:00:19,,,2021-01-18 15:38:54,2021-01-28 15:39:07,重庆市,市辖区,南岸区,
TAOBAO,ceres旗舰店,28ebd7e71383e6aed4d6bcab4cfe2672,tb407399864,="1520720858906454117",普通订单,交易成功,,1,309.94,0.0,0.0,0.0,848.06,taojinbi，6.060000;掌柜推荐，772.000000;70，70.000000,,发顺丰！！！,2021-01-18 09:54:10,2021-01-18 09:54:15,,,2021-01-18 15:27:55,2021-01-21 10:08:54,青海省,西宁市,城西区,
TAOBAO,ceres旗舰店,1711233cbefc46b46356633e31dd9b45,蓝色圣殿88,="1520739435796893930",普通订单,交易成功,,1,958.0,0.0,0.0,0.0,2516.0,140，140.000000;品牌促销，2376.000000,,买6瓶送1瓶【数云备注】,2021-01-18 01:21:16,2021-01-18 01:21:26,,,2021-01-18 15:38:54,2021-01-20 18:48:30,广西壮族自治区,桂林市,七星区,
TAOBAO,ceres旗舰店,b3b2bcccf21bf6548e0efb307b47cec4,tb3851592_11,="1520744835577875659",普通订单,交易成功,,1,298.74,0.0,0.0,0.0,859.26,70，70.000000;taojinbi，0.260000;掌柜推荐，789.000000,,,2021-01-18 01:11:54,2021-01-18 01:12:05,,,2021-01-18 15:38:53,2021-01-28 15:39:06,福建省,福州市,仓山区,
TAOBAO,ceres旗舰店,e168b66921c42141a0556b3d5c892e92,小依依依,="1520870868644152956",普通订单,交易成功,,1,827.39,0.0,0.0,0.0,1956.61,taojinbi，10.610000;掌柜推荐，1806.000000;140，140.000000,,,2021-01-18 20:51:28,2021-01-18 20:51:34,,,2021-01-19 15:22:40,2021-01-22 08:25:56,广东省,深圳市,南山区,
TAOBAO,ceres旗舰店,6e5415112fa419be3098805673b5c658,liuyidiyi,="1520886277819665677",普通订单,交易成功,,1,287.93,0.0,0.0,0.0,870.07,掌柜推荐，789.000000;70，70.000000;taojinbi，11.070000,,白2红2双支自饮套餐*1  白狗酒塞*1 ,2021-01-18 13:20:48,2021-01-18 13:20:53,,,2021-01-18 15:38:54,2021-01-21 20:43:08,广东省,佛山市,顺德区,
TAOBAO,ceres旗舰店,1dd4cd6e7caeb04abca9224d824e6f5b,cyhzz7,="1521056810587667369",普通订单,交易成功,,1,286.0,0.0,0.0,0.0,872.0,70，70.000000;掌柜推荐，802.000000,,白1双支自饮套餐*1  白猫酒塞*1 ,2021-01-18 12:00:40,2021-01-18 12:00:45,,,2021-01-18 15:38:54,2021-01-28 15:39:07,重庆市,市辖区,南岸区,
TAOBAO,ceres旗舰店,ecd0627b772913ee18c283837bf211ad,杰森斯坦森1680,="1521139644079836080",普通订单,交易成功,,1,275.32,0.0,0.0,0.0,882.68,70，70.000000;掌柜推荐，802.000000;taojinbi，10.680000,,白1自饮双支套餐*1 白猫酒塞*1,2021-01-18 23:45:09,2021-01-18 23:45:14,,,2021-01-19 15:22:41,2021-01-29 15:22:57,陕西省,西安市,雁塔区,
TAOBAO,ceres旗舰店,00cf33249be3f7da2c17f548e8f1491a,tb575956276,="1521403777701955626",普通订单,交易成功,,1,288.01,0.0,0.0,0.0,908.99,70，70.000000;掌柜推荐，828.000000;taojinbi，10.990000,,,2021-01-18 17:50:37,2021-01-18 17:50:46,,,2021-01-19 15:12:45,2021-01-29 15:13:00,黑龙江省,哈尔滨市,道外区,
TAOBAO,ceres旗舰店,ca2474e345f771e598baaa231b6bf05b,reykjavik23,="1521535179359410082",普通订单,交易成功,,1,299.0,0.0,0.0,0.0,898.0,掌柜推荐，828.000000;70，70.000000,,,2021-01-18 13:50:13,2021-01-18 13:50:24,,,2021-01-18 15:38:52,2021-01-28 15:39:04,广东省,佛山市,南海区,
TAOBAO,ceres旗舰店,00e61993c33c2a53cbf6f3ed68818306,tb7197665_2012,="1521682311396966136",普通订单,交易成功,,1,354.07,0.0,0.0,0.0,1019.93,70，70.000000;掌柜推荐，946.000000;taojinbi，3.930000,,,2021-01-18 15:13:18,2021-01-18 15:13:26,,,2021-01-18 17:39:52,2021-01-28 17:40:03,浙江省,杭州市,下城区,
TAOBAO,ceres旗舰店,13da3a8ba482ea65435914fe9c04f4f6,weisq133,="1521792252036089318",普通订单,交易成功,,1,383.64,0.0,0.0,0.0,990.36,掌柜推荐，916.000000;taojinbi，4.360000;70，70.000000,,,2021-01-19 13:16:41,2021-01-19 13:16:51,,,2021-01-19 15:22:39,2021-01-29 15:22:47,陕西省,商洛市,商南县,
TAOBAO,ceres旗舰店,41e6f18953202964799173de7c5738dd,warrensunchao,="1522018262664467315",普通订单,交易成功,,1,329.0,0.0,0.0,0.0,868.0,70，70.000000;掌柜推荐，798.000000,,,2021-01-18 19:58:10,2021-01-18 19:58:15,,,2021-01-19 15:22:40,2021-01-22 21:09:26,陕西省,西安市,莲湖区,
TAOBAO,ceres旗舰店,14ae3f7312d5f384da247eb8a772370b,宏原子z,="1522167985432987376",普通订单,交易成功,,1,298.76,0.0,0.0,0.0,898.24,70，70.000000;掌柜推荐，828.000000;taojinbi，0.240000,,,2021-01-19 07:29:50,2021-01-19 07:29:58,,,2021-01-19 15:22:41,2021-01-29 15:22:46,山西省,太原市,小店区,
TAOBAO,ceres旗舰店,5021c28e25d3912111adaef1873fa055,123456789ranran,="1522197363539785718",普通订单,交易成功,,1,329.0,0.0,0.0,0.0,829.0,掌柜推荐，759.000000;70，70.000000,,,2021-01-18 19:26:48,2021-01-18 19:26:57,,,2021-01-19 15:12:46,2021-01-22 12:16:50,内蒙古自治区,赤峰市,红山区,
TAOBAO,ceres旗舰店,a46ecb0dbe528857d2cf5c81af46c8e2,行者李祥俊,="1522368003345568916",普通订单,交易成功,,1,329.0,0.0,0.0,0.0,868.0,掌柜推荐，798.000000;70，70.000000,,白1红1礼盒套装*1 黑狗酒塞*1,2021-01-18 20:53:25,2021-01-18 20:53:39,,,2021-01-19 15:22:40,2021-01-21 17:19:37,山东省,青岛市,黄岛区,
TAOBAO,ceres旗舰店,3a6e6717484454dbdb3110ed9fe380ad,crystali_yu,="1522712268099432409",普通订单,交易成功,,1,275.29,0.0,0.0,0.0,882.71,taojinbi，9.780000;年货囤货购物券，10.000000;2021天猫年货节跨店满减，30.930000;年货价，832.000000,,,2021-01-20 00:02:09,2021-01-20 00:02:13,,,2021-01-20 15:55:51,2021-01-22 17:29:00,陕西省,西安市,新城区,
TAOBAO,ceres旗舰店,0772024a114d3adcad49343533b84b7c,尉文尉文,="1522910702766854032",普通订单,交易成功,,1,887.57,0.0,0.0,0.0,1896.43,taojinbi，0.430000;140，140.000000;掌柜推荐，1756.000000,,发顺丰！！！ 白3红3双支礼盒套餐*1  白猫酒塞*1 ,2021-01-19 11:51:57,2021-01-19 11:52:00,,,2021-01-19 15:19:01,2021-01-23 09:06:13,四川省,乐山市,峨眉山市,
TAOBAO,ceres旗舰店,16070c929d342fd16b345f7547afb112,xfrs666,="1522945944030479044",普通订单,交易成功,,1,300.62,0.0,0.0,0.0,857.38,taojinbi，10.680000;年货价，802.000000;2021天猫年货节跨店满减，34.700000;年货囤货购物券，10.000000,,,2021-01-20 00:24:54,2021-01-20 00:25:49,,,2021-01-20 15:55:49,2021-01-22 13:01:30,安徽省,合肥市,蜀山区,
TAOBAO,ceres旗舰店,f2d5063b301638c883b85f1c09161290,tb37288662,="1522954044506154224",普通订单,交易成功,,1,168.72,0.0,0.0,0.0,425.28,年货价，415.000000;年货囤货购物券，10.000000;taojinbi，0.280000,,,2021-01-20 00:26:50,2021-01-20 00:26:59,,,2021-01-20 15:08:03,2021-01-30 15:08:13,吉林省,长春市,朝阳区,
TAOBAO,ceres旗舰店,02fbb0a1db13b6b7645157dc61a4bfc9,kelly_xlm,="1523016324250593912",普通订单,交易成功,,1,311.4,0.0,0.0,0.0,885.6,年货价，858.000000;2021天猫年货节跨店满减，27.600000,,,2021-01-20 00:51:49,2021-01-20 00:51:56,,,2021-01-20 15:55:54,2021-01-30 15:56:08,上海市,市辖区,徐汇区,
TAOBAO,ceres旗舰店,83fceabe394c90609eb1f4e4bf748213,莫莫的小猫,="1523049552482451738",普通订单,交易成功,,1,299.0,0.0,0.0,0.0,859.0,年货囤货购物券，10.000000;2021天猫年货节跨店满减，30.000000;年货价，819.000000,,,2021-01-20 01:21:22,2021-01-20 01:21:30,,,2021-01-20 15:55:55,2021-01-30 15:56:05,广东省,广州市,番禺区,
TAOBAO,ceres旗舰店,fc655c0d1f0c201972ca75ec5d1e1e05,zr7140,="1523092716675919721",普通订单,交易成功,,3,863.88,0.0,0.0,0.0,30.0,30，30.000000,,发顺丰！！ 白1红1双支自饮套餐*2 白2红2双支自饮套餐*1 红2*1  爱心酒塞*1  收到退50差价+酒杯破损差价10元  已退 ,2021-01-20 01:48:29,2021-01-20 01:48:40,,,2021-01-20 11:35:48,2021-01-30 11:36:00,山东省,青岛市,李沧区,
TAOBAO,ceres旗舰店,f3165ab1cfe79862365b42aaca62c4e6,18213007020寸,="1523161476123566221",普通订单,交易成功,,1,277.05,0.0,0.0,0.0,880.95,年货囤货购物券，10.000000;年货价，832.000000;2021天猫年货节跨店满减，30.000000;taojinbi，8.950000,,,2021-01-20 04:16:17,2021-01-20 04:16:31,,,2021-01-20 15:55:56,2021-01-30 15:56:04,云南省,昆明市,寻甸回族彝族自治县,
TAOBAO,ceres旗舰店,75e30cb60c78cc44e0a97d0b071b3b8b,raidencruise,="1523168244611959130",普通订单,交易成功,,1,337.17,0.0,0.0,0.0,859.83,taojinbi，1.800000;2021天猫年货节跨店满减，30.030000;年货价，828.000000,,,2021-01-20 05:08:33,2021-01-20 05:09:11,,,2021-01-20 15:55:57,2021-01-23 17:47:45,广东省,广州市,天河区,
TAOBAO,ceres旗舰店,a490d5a9f2f3fbcbaa7361ba437b014f,gaorui8677,="1523194884279610470",普通订单,交易成功,,1,306.29,0.0,0.0,0.0,890.71,taojinbi，2.710000;2021天猫年货节跨店满减，30.000000;年货价，858.000000,,,2021-01-20 06:33:07,2021-01-20 06:35:41,,,2021-01-20 15:55:57,2021-01-30 15:56:08,山东省,济南市,历下区,
TAOBAO,ceres旗舰店,079d80a24a1790bd2546aed4658feb45,dino990fm,="1523204820322263621",普通订单,交易成功,,3,886.13,0.0,0.0,0.0,30.0,30，30.000000,送的一瓶要冰红，谢谢！,白2双支礼盒套餐*1 白2红2双支礼盒套餐*1 白1红1双支自饮套餐*1  红1*1 买6瓶送1瓶【数云备注】,2021-01-20 06:45:03,2021-01-20 06:45:17,,,2021-01-20 11:40:12,2021-01-26 21:48:04,山东省,济南市,天桥区,
TAOBAO,ceres旗舰店,98ec256ff2988a7f9a2210d1c9b5bb2f,落虹冷问,="1523453115425543138",普通订单,交易成功,,1,288.53,0.0,0.0,0.0,908.47,taojinbi，10.470000;70，70.000000;掌柜推荐，828.000000,,,2021-01-19 15:21:42,2021-01-19 15:21:51,,,2021-01-19 17:36:54,2021-01-21 13:10:48,河南省,驻马店市,平舆县,
TAOBAO,ceres旗舰店,4b5a19703ef18d405e697723bab55766,维生素宝宝2008,="1523497284397096444",普通订单,交易成功,,1,296.0,0.0,0.0,0.0,862.0,2021天猫年货节跨店满减，30.000000;年货价，832.000000,,,2021-01-20 09:47:14,2021-01-20 09:48:05,,,2021-01-20 15:55:56,2021-01-30 15:56:07,山东省,东营市,广饶县,
TAOBAO,ceres旗舰店,f02c3a81d75cc4ea4904699c97991c37,刀疤隆,="1523616985358029112",普通订单,交易成功,,1,287.1,0.0,0.0,0.0,909.9,2021天猫年货节跨店满减，31.730000;taojinbi，10.170000;年货价，858.000000;年货囤货购物券，10.000000,,发顺丰,2021-01-20 00:00:18,2021-01-20 00:05:16,,,2021-01-20 11:33:11,2021-01-24 14:59:48,黑龙江省,哈尔滨市,尚志市,
TAOBAO,ceres旗舰店,9874adbae62408d88eedd3ae8a1ccbdc,lxj199302100,="1523702737841107051",普通订单,交易成功,,1,883.36,0.0,0.0,0.0,1900.64,30，30.000000;年货价，1766.000000;2021天猫年货节跨店满减，94.640000;年货囤货购物券，10.000000,,,2021-01-20 00:06:01,2021-01-20 00:06:08,,,2021-01-20 15:55:51,2021-01-30 15:56:03,天津市,市辖区,和平区,
TAOBAO,ceres旗舰店,9264774230e8d2803bfa65d2651af11c,温哥华代充,="1523723005728022036",普通订单,交易成功,,1,295.22,0.0,0.0,0.0,901.78,taojinbi，0.550000;2021天猫年货节跨店满减，33.230000;年货价，858.000000;年货囤货购物券，10.000000,,,2021-01-20 00:07:34,2021-01-20 00:07:40,,,2021-01-20 15:55:52,2021-01-30 15:56:04,湖北省,武汉市,,
TAOBAO,ceres旗舰店,9d9d77bcb9271f0458c1714d04fad3ef,红果果的纠结,="1523784997044831148",普通订单,交易成功,,1,281.72,0.0,0.0,0.0,876.28,年货价，832.000000;taojinbi，4.040000;2021天猫年货节跨店满减，30.240000;年货囤货购物券，10.000000,,,2021-01-20 00:13:04,2021-01-20 00:13:15,,,2021-01-20 15:55:53,2021-01-30 15:56:07,上海市,市辖区,杨浦区,
TAOBAO,ceres旗舰店,d75a5e792479b63a5f8526736bf17178,先人一步勇往直前,="1523886697026592149",普通订单,交易成功,,1,276.22,0.0,0.0,0.0,881.78,年货囤货购物券，10.000000;2021天猫年货节跨店满减，30.000000;taojinbi，9.780000;年货价，832.000000,,白2双支自饮套餐*1 白猫酒塞*1,2021-01-20 00:48:38,2021-01-20 00:48:45,,,2021-01-20 14:27:34,2021-01-24 09:12:56,安徽省,合肥市,庐江县,
TAOBAO,ceres旗舰店,490538fce38e7b69f0e19e9936e71cfd,china刚刚shop,="1523971441230050642",普通订单,交易成功,,1,280.22,0.0,0.0,0.0,877.78,taojinbi，5.780000;年货囤货购物券，10.000000;2021天猫年货节跨店满减，30.000000;年货价，832.000000,,白1双支自饮套餐*1  黑猫酒塞*1,2021-01-20 01:21:03,2021-01-20 01:21:08,,,2021-01-20 15:55:55,2021-01-24 14:46:38,上海市,市辖区,静安区,
TAOBAO,ceres旗舰店,29ca4984aab60bf65a04b10739c24268,hyy244650776,="1524050353754438430",普通订单,交易成功,,1,288.83,0.0,0.0,0.0,869.17,2021天猫年货节跨店满减，30.000000;年货价，819.000000;taojinbi，10.170000;年货囤货购物券，10.000000,,,2021-01-20 03:44:12,2021-01-20 03:44:31,,,2021-01-20 15:55:56,2021-01-23 10:26:17,广东省,深圳市,宝安区,
TAOBAO,ceres旗舰店,20e42c3a74c224f4ca89fd2486efa03a,zjwzhxzjly,="1524059174423033152",普通订单,交易成功,,1,292.65,0.0,0.0,0.0,865.35,2021天猫年货节跨店满减，28.890000;taojinbi，4.460000;年货价，832.000000,,发顺丰！！白2双支自饮套餐*1  白狗酒塞*1,2021-01-20 00:07:58,2021-01-20 00:08:03,,,2021-01-20 11:37:18,2021-01-30 11:37:26,浙江省,温州市,永嘉县,
TAOBAO,ceres旗舰店,b418775e61471cb47343021d19bd762c,xuyang0083,="1524094956699589865",普通订单,交易成功,,1,325.47,0.0,0.0,0.0,832.53,taojinbi，11.070000;2021天猫年货节跨店满减，32.460000;年货价，789.000000,,,2021-01-20 12:52:07,2021-01-20 12:52:12,,,2021-01-20 15:55:54,2021-01-22 12:00:29,江苏省,镇江市,丹阳市,
TAOBAO,ceres旗舰店,8f6eb649caa216883917a8ccf221590c,wangxuzhi28,="1524109356558321540",普通订单,交易成功,,1,295.63,0.0,0.0,0.0,862.37,2021天猫年货节跨店满减，33.200000;年货价，819.000000;taojinbi，10.170000,,,2021-01-20 12:50:14,2021-01-20 12:50:21,,,2021-01-20 15:55:54,2021-01-27 22:13:59,江西省,南昌市,新建区,
TAOBAO,ceres旗舰店,e9fe3ba18090c253847da27e2ace2564,cea俊俊,="1524170090208893739",普通订单,交易成功,,1,321.14,0.0,0.0,0.0,875.86,2021天猫年货节跨店满减，30.000000;年货囤货购物券，10.000000;年货价，828.000000;taojinbi，7.860000,,发顺丰  不要放售后卡,2021-01-20 00:18:02,2021-01-20 00:18:05,,,2021-01-20 11:35:48,2021-01-30 11:35:57,天津市,市辖区,南开区,
TAOBAO,ceres旗舰店,8024b8f0048ae4a3728606669d3c81b9,19950202尤丹,="1524171494680060142",普通订单,交易成功,,1,317.93,0.0,0.0,0.0,879.07,taojinbi，11.070000;年货价，828.000000;2021天猫年货节跨店满减，30.000000;年货囤货购物券，10.000000,,红1白1双支礼盒套餐*1 黑钻酒塞*1,2021-01-20 00:19:16,2021-01-20 00:19:20,,,2021-01-20 11:33:11,2021-01-25 18:00:03,黑龙江省,哈尔滨市,香坊区,
TAOBAO,ceres旗舰店,af55ab29a2e8d51d356cbbae3ea6e410,兔子的木偶舞,="1524174913173592886",普通订单,交易成功,,2,595.7,0.0,0.0,0.0,10.0,10，10.000000,,,2021-01-20 07:51:41,2021-01-20 07:51:50,,,2021-01-20 15:55:58,2021-01-22 20:35:40,江苏省,南京市,建邺区,
TAOBAO,ceres旗舰店,4e98fff9bcc49fdebdb70b26fa55aa00,松饼儿,="1524189962578026942",普通订单,交易成功,,1,173.33,0.0,0.0,0.0,420.67,taojinbi，5.670000;年货价，405.000000;年货囤货购物券，10.000000,,,2021-01-20 00:24:47,2021-01-20 00:24:52,,,2021-01-20 15:55:50,2021-01-30 15:55:56,广西壮族自治区,南宁市,青秀区,
TAOBAO,ceres旗舰店,5744636a43996099552de4b26e22a76e,格格格子啦啦啦,="1524203497630050981",普通订单,交易成功,,1,277.15,0.0,0.0,0.0,880.85,年货价，832.000000;2021天猫年货节跨店满减，30.000000;年货囤货购物券，10.000000;taojinbi，8.850000,,白1双支自饮套餐*1 白狗酒塞*1,2021-01-20 08:55:30,2021-01-20 08:55:38,,,2021-01-20 14:27:35,2021-01-30 14:27:42,湖北省,武汉市,汉阳区,
TAOBAO,ceres旗舰店,016d86873127df6af4b72401b9c9fe61,qqy傻不啦绮,="1524209582939400729",普通订单,交易成功,,1,323.24,0.0,0.0,0.0,873.76,2021天猫年货节跨店满减，30.000000;年货价，828.000000;taojinbi，5.760000;年货囤货购物券，10.000000,,,2021-01-20 00:28:04,2021-01-20 00:28:09,,,2021-01-20 15:55:50,2021-01-30 15:55:56,上海市,市辖区,闵行区,
TAOBAO,ceres旗舰店,80b212227d94e7dcae362ad7d6096023,爱新觉罗o溥仪,="1524236295087206213",普通订单,交易成功,,1,289.73,0.0,0.0,0.0,907.27,2021天猫年货节跨店满减，29.100000;年货价，858.000000;年货囤货购物券，10.000000;taojinbi，10.170000,,白1红1双支自饮套餐*1 白猫酒塞*1,2021-01-20 00:02:32,2021-01-20 00:02:39,,,2021-01-20 11:40:11,2021-01-22 17:05:04,广东省,深圳市,宝安区,
TAOBAO,ceres旗舰店,f7934b4b1d4f77a8ed5a8166113efdc5,郑哥248673848,="1524242665831800558",普通订单,交易成功,,1,320.92,0.0,0.0,0.0,876.08,2021天猫年货节跨店满减，30.000000;年货价，828.000000;年货囤货购物券，10.000000;taojinbi，8.080000,,白1红1双支礼盒套餐*1  黑砖酒塞*1 ,2021-01-20 08:37:26,2021-01-20 08:37:41,,,2021-01-20 11:40:12,2021-01-30 11:40:23,宁夏回族自治区,银川市,金凤区,
TAOBAO,ceres旗舰店,0dc0c6a34ece8ba7a3ec7960e08a21d2,混俞儿,="1524259513556962954",普通订单,交易成功,,2,726.53,0.0,0.0,0.0,10.0,10，10.000000,,发顺丰！！！ 白1红1双支礼盒套餐*1  红2双支礼盒*1  爱心酒塞*1,2021-01-20 08:45:57,2021-01-20 08:46:02,,,2021-01-20 11:35:48,2021-01-22 13:39:21,福建省,福州市,连江县,
TAOBAO,ceres旗舰店,bf4e9a945e8b3ea19815477e87a183cf,e100碾压一切,="1524264410392227612",普通订单,交易成功,,1,298.2,0.0,0.0,0.0,898.8,2021天猫年货节跨店满减，30.000000;taojinbi，0.800000;年货价，858.000000;年货囤货购物券，10.000000,,,2021-01-20 00:53:30,2021-01-20 00:53:35,,,2021-01-20 15:55:54,2021-01-30 12:55:37,江苏省,连云港市,海州区,
TAOBAO,ceres旗舰店,b8e48efaa6dd88585acde11517fa6704,tb666624_2013,="1524294145760268055",普通订单,交易成功,,1,327.66,0.0,0.0,0.0,869.34,taojinbi，1.340000;年货囤货购物券，10.000000;年货价，828.000000;2021天猫年货节跨店满减，30.000000,,,2021-01-20 09:14:19,2021-01-20 09:14:29,,,2021-01-20 15:56:01,2021-01-30 15:56:09,四川省,成都市,双流区,
TAOBAO,ceres旗舰店,1f85e59c566a6f34768ad99a20ea91c4,t_1516160019872_0459,="1524305304687252670",普通订单,交易成功,,1,305.32,0.0,0.0,0.0,852.68,taojinbi，10.680000;年货囤货购物券，10.000000;2021天猫年货节跨店满减，30.000000;年货价，802.000000,,,2021-01-20 14:12:35,2021-01-20 14:12:45,,,2021-01-20 17:34:05,2021-01-30 17:34:11,天津市,市辖区,南开区,
TAOBAO,ceres旗舰店,2d0bb0145a72376525914245591b106d,liulinwan2012,="1524314091064393420",普通订单,交易成功,,1,147.08,0.0,0.0,0.0,446.92,年货囤货购物券，8.910000;2021天猫年货节跨店满减，17.640000;taojinbi，5.370000;年货价，415.000000,,,2021-01-20 00:07:28,2021-01-20 00:09:04,,,2021-01-20 15:55:53,2021-01-30 15:56:04,重庆市,市辖区,渝北区,
TAOBAO,ceres旗舰店,50ade710c22d43223fa55167dd9a2e5d,tb90619625,="1524331657142710055",普通订单,交易成功,,1,296.0,0.0,0.0,0.0,862.0,2021天猫年货节跨店满减，30.000000;年货价，832.000000,,,2021-01-20 09:16:01,2021-01-20 09:16:13,,,2021-01-20 15:55:51,2021-01-30 15:56:04,北京市,市辖区,朝阳区,
TAOBAO,ceres旗舰店,594f75e5e5cc9c1544741487a22650b1,anfengxin007,="1524361608578905017",普通订单,交易成功,,1,882.37,0.0,0.0,0.0,1901.63,taojinbi，21.260000;年货价，1766.000000;30，30.000000;2021天猫年货节跨店满减，84.370000,,,2021-01-20 14:31:56,2021-01-20 14:32:25,,,2021-01-20 17:34:08,2021-01-24 19:27:48,山东省,济南市,历下区,
TAOBAO,ceres旗舰店,66d797c6233a2036c52d74c87a5293c2,8023nannan66,="1524364023860035911",普通订单,交易成功,,1,316.0,0.0,0.0,0.0,842.0,2021天猫年货节跨店满减，30.000000;年货囤货购物券，10.000000;年货价，802.000000,,,2021-01-20 00:17:17,2021-01-20 00:17:19,,,2021-01-20 15:08:02,2021-01-24 12:35:15,辽宁省,大连市,甘井子区,
TAOBAO,ceres旗舰店,c2c02d6a79d501f776e86fefa69fa983,静_落_安,="1524407616186974468",普通订单,交易成功,,1,760.35,0.0,0.0,0.0,2023.65,taojinbi，27.540000;年货囤货购物券，10.000000;2021天猫年货节跨店满减，90.110000;年货价，1866.000000;30，30.000000,,,2021-01-20 14:44:04,2021-01-20 14:44:09,,,2021-01-20 17:34:09,2021-01-25 18:33:34,江苏省,南京市,栖霞区,
TAOBAO,ceres旗舰店,0ca69c79eda0f588e802845ed8b63a31,龙颜菲菲,="1524411795057845225",普通订单,交易成功,,1,293.96,0.0,0.0,0.0,903.04,taojinbi，5.040000;年货价，858.000000;2021天猫年货节跨店满减，30.000000;年货囤货购物券，10.000000,,白1红1双支自饮套餐*1  小兔酒塞*1,2021-01-20 00:23:15,2021-01-20 00:23:23,,,2021-01-20 11:40:11,2021-01-30 11:40:18,江苏省,苏州市,姑苏区,
TAOBAO,ceres旗舰店,d7ebd6ef14ec7f7858baa474910ccea5,吕丹枫,="1524436452544885961",普通订单,交易成功,,1,848.0,0.0,0.0,0.0,1936.0,2021天猫年货节跨店满减，90.000000;30，30.000000;年货价，1816.000000,,白3红3双支自饮套餐*1   红3*1 黑猫酒塞*1 ,2021-01-20 15:11:53,2021-01-20 15:12:04,,,2021-01-20 17:34:06,2021-01-30 17:34:17,北京市,市辖区,海淀区,
TAOBAO,ceres旗舰店,af55ab29a2e8d51d356cbbae3ea6e410,兔子的木偶舞,="1524501254015592886",普通订单,交易成功,,1,286.22,0.0,0.0,0.0,871.78,taojinbi，9.780000;年货价，832.000000;2021天猫年货节跨店满减，30.000000,,白1双支自饮套餐*1 白1*1,2021-01-20 08:05:46,2021-01-20 08:05:53,,,2021-01-20 11:40:11,2021-01-22 20:36:03,江苏省,南京市,建邺区,
TAOBAO,ceres旗舰店,21a285cb2b95d8270f2facdbd052c338,阜东禾土,="1524521991962442150",普通订单,交易成功,,1,321.69,0.0,0.0,0.0,836.31,年货囤货购物券，4.020000;2021天猫年货节跨店满减，32.220000;taojinbi，11.070000;年货价，789.000000,,,2021-01-20 00:57:50,2021-01-20 00:58:01,,,2021-01-20 15:55:54,2021-01-30 15:56:05,四川省,成都市,武侯区,
TAOBAO,ceres旗舰店,5dd43e37ce1182543118aa0892b1842a,shen347688398,="1524529152145678837",普通订单,交易成功,,1,299.0,0.0,0.0,0.0,859.0,2021天猫年货节跨店满减，30.000000;年货囤货购物券，10.000000;年货价，819.000000,,,2021-01-20 15:34:27,2021-01-20 15:34:32,,,2021-01-20 17:34:04,2021-01-22 20:36:11,北京市,市辖区,通州区,
TAOBAO,ceres旗舰店,fb72aa3a13a71ab0e55183b6b1b4151d,xiaobo4545,="1524532430301195319",普通订单,交易成功,,1,328.73,0.0,0.0,0.0,868.27,taojinbi，0.270000;2021天猫年货节跨店满减，30.000000;年货价，828.000000;年货囤货购物券，10.000000,,,2021-01-20 08:08:37,2021-01-20 08:13:30,,,2021-01-20 15:55:58,2021-01-24 20:39:35,广东省,深圳市,福田区,
TAOBAO,ceres旗舰店,0cdd3ad66baeee001f2f188fac09d105,f指南针,="1524585710296546176",普通订单,交易成功,,3,948.09,0.0,0.0,0.0,30.0,30，30.000000,,买6瓶送1瓶【数云备注】,2021-01-20 08:35:34,2021-01-20 08:36:21,,,2021-01-20 11:41:09,2021-01-30 11:41:12,北京市,市辖区,海淀区,
TAOBAO,ceres旗舰店,855dcf5f97b013c71669d9946efb2da7,cherry_63鱼,="1524615552360852327",普通订单,交易成功,,1,273.72,0.0,0.0,0.0,884.28,年货囤货购物券，10.000000;taojinbi，9.780000;2021天猫年货节跨店满减，32.500000;年货价，832.000000,,白1双支自饮套餐*1  白狗酒塞*1 ,2021-01-20 16:14:29,2021-01-20 16:14:34,,,2021-01-20 17:34:05,2021-02-01 21:59:36,广东省,佛山市,南海区,
TAOBAO,ceres旗舰店,25dbe4b0bb94b7e4500cdd7e8957ddec,熊辉是个超级大帅哥,="1524625130902861621",普通订单,交易成功,,1,324.53,0.0,0.0,0.0,872.47,2021天猫年货节跨店满减，32.780000;年货囤货购物券，10.000000;年货价，828.000000;taojinbi，1.690000,,,2021-01-20 08:52:38,2021-01-20 08:52:47,,,2021-01-20 15:55:59,2021-01-25 19:02:23,江西省,南昌市,南昌县,
TAOBAO,ceres旗舰店,88c02c3b8e33b3901aefff10fa42c9dd,duqtaobao,="1524625275463894160",普通订单,交易成功,,1,298.78,0.0,0.0,0.0,898.22,2021天猫年货节跨店满减，31.130000;年货价，858.000000;taojinbi，9.090000,,,2021-01-20 03:27:13,2021-01-20 03:27:36,,,2021-01-20 15:55:56,2021-01-30 15:56:06,甘肃省,陇南市,西和县,
TAOBAO,ceres旗舰店,970f1451063909fcffd8df60378bcde1,飞雨歌月出,="1524669014248488521",普通订单,交易成功,,1,897.65,0.0,0.0,0.0,1886.35,30，30.000000;2021天猫年货节跨店满减，90.000000;taojinbi，0.350000;年货价，1766.000000,,白3红3双支礼盒套餐*1 白狗酒塞*1,2021-01-20 09:16:21,2021-01-20 09:16:27,,,2021-01-20 11:33:11,2021-01-24 13:16:37,辽宁省,大连市,沙河口区,
TAOBAO,ceres旗舰店,19bdbf01198f265798a8528734c0e166,南海东软,="1524694395040421916",普通订单,交易成功,,1,302.38,0.0,0.0,0.0,894.62,2021天猫年货节跨店满减，33.230000;taojinbi，3.390000;年货价，858.000000,,,2021-01-20 06:59:31,2021-01-20 06:59:50,,,2021-01-20 15:55:57,2021-01-25 09:15:39,山西省,太原市,万柏林区,
TAOBAO,ceres旗舰店,ba2d8f83cf343308719152b6aeffb999,tb47560015,="1524727226704120163",普通订单,交易成功,,1,322.62,0.0,0.0,0.0,874.38,taojinbi，0.360000;2021天猫年货节跨店满减，36.020000;年货囤货购物券，10.000000;年货价，828.000000,,,2021-01-20 09:33:33,2021-01-20 09:33:39,,,2021-01-20 15:55:53,2021-01-30 15:56:08,安徽省,合肥市,蜀山区,
TAOBAO,ceres旗舰店,2df936c7e9ba166fc564205f417e816f,刘娜750923,="1524735181195621752",普通订单,交易成功,,2,595.0,0.0,0.0,0.0,10.0,10，10.000000,,,2021-01-20 11:33:59,2021-01-20 11:34:02,,,2021-01-20 15:55:58,2021-01-28 17:48:59,山东省,济南市,历下区,
TAOBAO,ceres旗舰店,9601b3caaaa57077db4595e2957779b7,最爱七月流火,="1524786951318560646",普通订单,交易成功,,3,837.84,0.0,0.0,0.0,2636.16,taojinbi，10.160000;年货囤货购物券，10.000000;2021天猫年货节跨店满减，90.000000;年货价，2496.000000;30，30.000000,,白1双支自饮套餐*3  红1*1  买6瓶送1瓶【数云备注】 破损差价50（已退）,2021-01-20 08:15:57,2021-01-20 08:16:18,,,2021-01-20 11:40:11,2021-01-21 12:51:28,浙江省,台州市,临海市,
TAOBAO,ceres旗舰店,1dabb28784967bc4ca38ed45ef5aafad,pinkiemma,="1524836738978514262",普通订单,交易成功,,1,276.22,0.0,0.0,0.0,881.78,taojinbi，9.780000;年货价，832.000000;年货囤货购物券，10.000000;2021天猫年货节跨店满减，30.000000,,,2021-01-20 10:15:11,2021-01-20 10:15:19,,,2021-01-20 15:56:00,2021-01-30 15:56:10,重庆市,市辖区,渝北区,
TAOBAO,ceres旗舰店,10ec3d6fa00310921aa6f45c9d8fac78,消失的格桑,="1524892286113634955",普通订单,交易成功,,1,281.89,0.0,0.0,0.0,876.11,2021天猫年货节跨店满减，32.440000;年货囤货购物券，10.000000;年货价，832.000000;taojinbi，1.670000,,,2021-01-20 10:34:01,2021-01-20 10:34:10,,,2021-01-20 15:56:02,2021-01-30 15:56:15,浙江省,绍兴市,诸暨市,
TAOBAO,ceres旗舰店,6e4a4e175fa13e821a27af7b4063924a,cleomichelle,="1524935774423486267",普通订单,交易成功,,2,1140.04,0.0,0.0,0.0,30.0,30，30.000000,,白3红3双支自饮套餐*1   白2双支自饮套餐*1  白狗酒塞*1 ,2021-01-20 10:48:49,2021-01-20 10:53:31,,,2021-01-20 15:55:49,2021-01-30 15:55:55,四川省,成都市,锦江区,
TAOBAO,ceres旗舰店,e30eaccf862993ccdfd54033284e19fa,香草拿铁414,="1524960651053494062",普通订单,交易成功,,1,285.35,0.0,0.0,0.0,872.65,年货价，819.000000;taojinbi，10.170000;年货囤货购物券，10.000000;2021天猫年货节跨店满减，33.480000,,白2红2双支自饮套餐*1  黑猫酒塞*1,2021-01-20 09:38:01,2021-01-20 09:38:08,,,2021-01-20 14:27:34,2021-01-30 14:27:46,广东省,广州市,南沙区,
TAOBAO,ceres旗舰店,a90632d2b4c06dcc84ad719e10f24bd6,tb486541096,="1525099069112289968",普通订单,交易成功,,1,288.83,0.0,0.0,0.0,869.17,2021天猫年货节跨店满减，30.000000;年货囤货购物券，10.000000;年货价，819.000000;taojinbi，10.170000,,,2021-01-20 13:20:01,2021-01-20 13:20:07,,,2021-01-20 15:55:56,2021-01-25 14:20:00,贵州省,遵义市,汇川区,
TAOBAO,ceres旗舰店,a67d31a8101cbbe284d8d966740114fd,yunney0826,="1525105045514038069",普通订单,交易成功,,1,867.46,0.0,0.0,0.0,1916.54,2021天猫年货节跨店满减，90.000000;年货价，1766.000000;30，30.000000;taojinbi，30.540000,,,2021-01-20 13:36:20,2021-01-20 13:36:24,,,2021-01-20 15:56:00,2021-01-30 15:56:04,江西省,南昌市,东湖区,
TAOBAO,ceres旗舰店,0d6eeba6eeffc0e16c231cb1d572f330,cjw951230,="1525207718174646514",普通订单,交易成功,,1,335.98,0.0,0.0,0.0,861.02,年货价，828.000000;taojinbi，3.020000;2021天猫年货节跨店满减，30.000000,,多送1张空白贺卡,2021-01-20 11:56:58,2021-01-20 11:57:02,,,2021-01-20 13:02:49,2021-01-30 13:02:57,湖南省,长沙市,开福区,
TAOBAO,ceres旗舰店,2d7c1dcd6a96b354e67e57833e566848,lilingv8,="1525244042912912785",普通订单,交易成功,,1,317.93,0.0,0.0,0.0,879.07,2021天猫年货节跨店满减，30.000000;年货囤货购物券，10.000000;年货价，828.000000;taojinbi，11.070000,,,2021-01-20 12:09:34,2021-01-20 12:13:18,,,2021-01-20 15:08:02,2021-01-24 18:36:58,内蒙古自治区,兴安盟,扎赉特旗,
TAOBAO,ceres旗舰店,78369502a359f4413ff04f1d605d946b,肥兔一大只,="1525265605359808250",普通订单,交易成功,,1,279.91,0.0,0.0,0.0,878.09,年货价，832.000000;年货囤货购物券，10.000000;2021天猫年货节跨店满减，30.000000;taojinbi，6.090000,,,2021-01-20 14:37:25,2021-01-20 14:37:32,,,2021-01-20 17:34:08,2021-01-28 10:46:21,山西省,太原市,小店区,
TAOBAO,ceres旗舰店,16bc4d07b6c4d2c2d64cd18163538ef4,tb8387870,="1525285947936926330",普通订单,交易成功,,1,286.22,0.0,0.0,0.0,871.78,2021天猫年货节跨店满减，30.000000;taojinbi，9.780000;年货价，832.000000,,,2021-01-20 11:20:20,2021-01-20 11:20:24,,,2021-01-20 15:55:54,2021-01-30 15:56:04,浙江省,温州市,苍南县,
TAOBAO,ceres旗舰店,d6f074f41a8e350568b0a46e731f27a1,liu15100624917,="1525321944054998782",普通订单,交易成功,,1,310.27,0.0,0.0,0.0,847.73,年货囤货购物券，10.000000;年货价，802.000000;2021天猫年货节跨店满减，30.000000;taojinbi，5.730000,,,2021-01-20 20:37:16,2021-01-20 20:37:30,,,2021-01-21 15:37:01,2021-01-31 15:37:16,辽宁省,抚顺市,顺城区,
TAOBAO,ceres旗舰店,11060bf50ddc3f66046e100d417135f9,南漂农二代,="1525343438450891546",普通订单,交易成功,,1,309.0,0.0,0.0,0.0,849.0,年货价，819.000000;2021天猫年货节跨店满减，30.000000,,,2021-01-20 12:42:21,2021-01-20 12:42:27,,,2021-01-20 15:55:52,2021-01-23 14:07:08,四川省,达州市,通川区,
TAOBAO,ceres旗舰店,ad1dabc1daebd73aaf689708f53cad45,zc0308,="1525371696490605480",普通订单,交易成功,,1,408.88,0.0,0.0,0.0,788.12,2021天猫年货节跨店满减，30.000000;年货价，749.000000;taojinbi，9.120000,,,2021-01-20 20:53:12,2021-01-20 20:53:19,,,2021-01-21 15:47:58,2021-01-25 08:58:49,山东省,潍坊市,昌乐县,
TAOBAO,ceres旗舰店,2df936c7e9ba166fc564205f417e816f,刘娜750923,="1525381311595621752",普通订单,交易成功,,1,388.0,0.0,0.0,0.0,986.0,2021天猫年货节跨店满减，30.000000;年货价，946.000000;年货囤货购物券，10.000000,,红1双支礼盒套餐*1  红1*1 ,2021-01-20 11:41:00,2021-01-20 11:41:04,,,2021-01-20 13:02:49,2021-01-25 17:37:19,山东省,济南市,历下区,
TAOBAO,ceres旗舰店,a78340684f50824bd1f67de8a6b6eef0,据我所知,="1525459935883400961",普通订单,交易成功,,1,298.89,0.0,0.0,0.0,898.11,年货价，858.000000;2021天猫年货节跨店满减，30.000000;年货囤货购物券，10.000000;taojinbi，0.110000,,,2021-01-20 12:04:07,2021-01-20 12:06:23,,,2021-01-20 15:56:01,2021-01-25 19:48:30,四川省,凉山彝族自治州,西昌市,
TAOBAO,ceres旗舰店,f1590caaca5da45a8716314da735df4b,wtc93113,="1525548027028502342",普通订单,交易成功,,1,320.23,0.0,0.0,0.0,876.77,年货囤货购物券，10.000000;年货价，828.000000;2021天猫年货节跨店满减，30.000000;taojinbi，8.770000,,,2021-01-20 12:38:49,2021-01-20 12:39:07,,,2021-01-20 15:08:03,2021-01-24 08:29:15,辽宁省,盘锦市,兴隆台区,
TAOBAO,ceres旗舰店,bd28657ee981506d3140e9333e7fb00c,uniquezd,="1525637018709893971",普通订单,交易成功,,1,288.83,0.0,0.0,0.0,908.17,taojinbi，10.170000;年货价，858.000000;2021天猫年货节跨店满减，30.000000;年货囤货购物券，10.000000,,发顺丰 白1红1自饮套餐*1 爱心酒塞*1 差价5已退,2021-01-20 14:39:25,2021-01-20 14:39:30,,,2021-01-20 17:24:16,2021-01-21 20:15:36,上海市,市辖区,宝山区,
TAOBAO,ceres旗舰店,de35b16d137367ef85627c16296fbe5b,深海淡水鱼2017,="1525688679420452735",普通订单,交易成功,,2,1794.53,0.0,0.0,0.0,50.0,50，50.000000,注意包装完整，避免破损。,白3双支礼盒套餐*1  白2六支装礼盒套餐*1  白2*1 ,2021-01-20 13:30:03,2021-01-20 13:30:06,,,2021-01-20 14:27:34,2021-01-29 17:35:34,山东省,东营市,东营区,
TAOBAO,ceres旗舰店,ac33a2ea9421a1651e25177db490adac,我的名字叫阿添,="1525703184863683186",普通订单,交易成功,,1,276.22,0.0,0.0,0.0,881.78,taojinbi，9.780000;年货价，832.000000;年货囤货购物券，10.000000;2021天猫年货节跨店满减，30.000000,,白1双支自饮套餐*1  白猫酒塞*1,2021-01-20 22:50:21,2021-01-20 22:50:27,,,2021-01-21 15:47:59,2021-01-31 15:48:07,广东省,湛江市,廉江市,
TAOBAO,ceres旗舰店,93f705cedd2ae51f112bc0a0ce904cfc,贾鸿羽cindy,="1525703221313772082",普通订单,交易成功,,1,285.43,0.0,0.0,0.0,872.57,年货价，832.000000;taojinbi，9.780000;2021天猫年货节跨店满减，30.790000,,白1双支自饮套餐*1 白猫酒塞*1,2021-01-20 17:26:30,2021-01-20 17:32:05,,,2021-01-21 13:16:14,2021-01-24 15:09:45,北京市,市辖区,丰台区,
TAOBAO,ceres旗舰店,a024fa7bd2ed5a0dd823ea49ec867733,tb618759983,="1525789334046082315",普通订单,交易成功,,1,291.62,0.0,0.0,0.0,905.38,年货囤货购物券，10.000000;2021天猫年货节跨店满减，30.000000;taojinbi，7.380000;年货价，858.000000,,,2021-01-20 15:39:39,2021-01-20 15:39:41,,,2021-01-20 17:34:06,2021-01-30 17:34:13,云南省,昆明市,呈贡区,
TAOBAO,ceres旗舰店,9a1f507770aca81ada0008796c96d3d5,高等教育出版社2009,="1525803841324795560",普通订单,交易成功,,1,306.57,0.0,0.0,0.0,851.43,年货价，802.000000;年货囤货购物券，10.000000;2021天猫年货节跨店满减，30.000000;taojinbi，9.430000,,,2021-01-20 18:05:01,2021-01-20 18:05:06,,,2021-01-21 15:47:56,2021-01-31 15:48:09,江苏省,南京市,玄武区,
TAOBAO,ceres旗舰店,46ab06410da89c5b3bf47c13f5b5ecd2,skate左,="1525835306716399138",普通订单,交易成功,,1,307.86,0.0,0.0,0.0,850.14,2021天猫年货节跨店满减，30.000000;年货价，819.000000;taojinbi，1.140000,,,2021-01-20 15:58:25,2021-01-20 15:58:35,,,2021-01-20 17:34:08,2021-01-30 17:34:13,浙江省,杭州市,余杭区,
TAOBAO,ceres旗舰店,f060f57d4d233335fc2df3c73ecc56ef,imiss丶song,="1525840488360893542",普通订单,交易成功,,1,316.0,0.0,0.0,0.0,842.0,年货价，802.000000;年货囤货购物券，10.000000;2021天猫年货节跨店满减，30.000000,,发顺丰,2021-01-20 23:59:40,2021-01-20 23:59:43,,,2021-01-21 09:00:13,2021-01-31 09:00:27,吉林省,长春市,朝阳区,
TAOBAO,ceres旗舰店,8d0bbab36e59fd8f02f905b1c5ef4bb0,tb8705186_2013,="1525857085454460229",普通订单,交易成功,,1,277.17,0.0,0.0,0.0,880.83,年货价，832.000000;2021天猫年货节跨店满减，30.000000;taojinbi，8.830000;年货囤货购物券，10.000000,,白1双支自饮套餐*1  黑狗酒塞*1,2021-01-20 18:27:43,2021-01-20 18:27:58,,,2021-01-21 13:16:15,2021-01-31 13:16:26,浙江省,温州市,瓯海区,
TAOBAO,ceres旗舰店,92b1eeae680411a7fc5c1abd81f3a365,duan13535490090,="1525858994089854178",普通订单,交易成功,,1,285.48,0.0,0.0,0.0,872.52,年货价，832.000000;2021天猫年货节跨店满减，30.000000;taojinbi，0.520000;年货囤货购物券，10.000000,,,2021-01-20 16:11:12,2021-01-20 16:39:58,,,2021-01-20 17:34:05,2021-01-30 17:34:16,河南省,洛阳市,偃师市,
TAOBAO,ceres旗舰店,fad424cf245c5eb5ff7c23a46a0b6e4f,tb53431279,="1525930778243557880",普通订单,交易成功,,1,857.46,0.0,0.0,0.0,1926.54,30，30.000000;2021天猫年货节跨店满减，90.000000;年货囤货购物券，10.000000;taojinbi，30.540000;年货价，1766.000000,,白3红3双支礼盒套餐*1  黑猫酒塞*1,2021-01-20 16:35:24,2021-01-20 16:35:48,,,2021-01-20 17:25:41,2021-01-28 22:08:26,吉林省,长春市,宽城区,
TAOBAO,ceres旗舰店,d7ebd6ef14ec7f7858baa474910ccea5,吕丹枫,="1525952343998885961",普通订单,交易成功,,2,715.0,0.0,0.0,0.0,30.0,30，30.000000,,,2021-01-20 15:19:09,2021-01-20 15:19:19,,,2021-01-20 17:34:08,2021-01-30 17:34:19,北京市,市辖区,海淀区,
TAOBAO,ceres旗舰店,b7f29b011d7d439cf7a6497d9b2aaa2d,t_1508802363824_0164,="1526094471647718879",普通订单,交易成功,,1,289.8,0.0,0.0,0.0,868.2,taojinbi，9.200000;年货价，819.000000;年货囤货购物券，10.000000;2021天猫年货节跨店满减，30.000000,,白2红2双支自饮套餐*1 黑猫酒塞*1,2021-01-20 16:07:25,2021-01-20 16:07:36,,,2021-01-20 17:34:04,2021-01-30 17:34:16,北京市,市辖区,通州区,
TAOBAO,ceres旗舰店,02b0964681a63cccc80982e27d980ded,miuyongliu,="1526098861575904985",普通订单,交易成功,,1,877.26,0.0,0.0,0.0,1906.74,2021天猫年货节跨店满减，99.850000;taojinbi，0.890000;年货价，1776.000000;30，30.000000,,,2021-01-20 19:57:47,2021-01-20 19:57:55,,,2021-01-21 15:47:57,2021-01-31 15:48:06,福建省,厦门市,同安区,
TAOBAO,ceres旗舰店,04b050e4288b162427778872060dcd65,张效钎,="1526098932899187677",普通订单,交易成功,,2,2006.0,0.0,0.0,0.0,5122.0,30，30.000000;年货价，4872.000000;2021天猫年货节跨店满减，210.000000;年货囤货购物券，10.000000,,买6瓶送1瓶【数云备注】,2021-01-21 08:51:15,2021-01-21 08:51:22,,,2021-01-21 15:37:01,2021-01-24 10:48:57,辽宁省,朝阳市,双塔区,
TAOBAO,ceres旗舰店,448d03131b7b226455e765f811d064ec,琰琰0311,="1526120787573073477",普通订单,交易成功,,4,1276.34,0.0,0.0,0.0,50.0,50，50.000000,,发顺丰！！！白一红一礼盒套餐*1 白2双支礼盒套餐*1 白2红2礼盒套餐*1 红2双支礼盒套餐*1 红2*1 红2礼盒*1 ,2021-01-20 16:25:07,2021-01-20 16:25:13,,,2021-01-20 17:24:16,2021-01-21 09:08:14,江苏省,无锡市,滨湖区,
TAOBAO,ceres旗舰店,bc21f5c7d8d9b89feacaf664d012de99,weiyadong626626,="1526233789931972814",普通订单,交易成功,,1,314.84,0.0,0.0,0.0,882.16,2021天猫年货节跨店满减，33.090000;taojinbi，11.070000;年货囤货购物券，10.000000;年货价，828.000000,,白1红1礼盒套餐*1  白狗酒塞*1,2021-01-20 20:45:11,2021-01-20 20:45:31,,,2021-01-21 15:47:57,2021-01-31 15:48:08,安徽省,阜阳市,界首市,
TAOBAO,ceres旗舰店,d709477e0210af79a0f9a0e4beda4a24,爱我家大树,="1526352013328953484",普通订单,等待买家确认收货,,1,273.97,0.0,0.0,0.0,884.03,taojinbi，9.780000;2021天猫年货节跨店满减，32.250000;年货囤货购物券，10.000000;年货价，832.000000,,,2021-01-20 21:27:54,2021-01-20 21:28:01,,,2021-01-21 15:37:02,,辽宁省,葫芦岛市,龙港区,
TAOBAO,ceres旗舰店,14a910d63b011c5dece4c7c2f2f9fa8e,徒手破西瓜,="1526376205563978338",普通订单,交易成功,,1,298.05,0.0,0.0,0.0,898.95,2021天猫年货节跨店满减，30.000000;taojinbi，0.950000;年货价，858.000000;年货囤货购物券，10.000000,,,2021-01-20 21:36:25,2021-01-20 21:36:29,,,2021-01-21 15:47:59,2021-01-27 19:24:29,北京市,市辖区,朝阳区,
TAOBAO,ceres旗舰店,9628fc21d78e161001e8aa8012164ee3,stephanie992012,="1526379481306314287",普通订单,交易成功,,1,298.83,0.0,0.0,0.0,859.17,2021天猫年货节跨店满减，30.000000;年货价，819.000000;taojinbi，10.170000,,,2021-01-20 21:33:46,2021-01-20 21:34:06,,,2021-01-21 15:47:58,2021-01-25 09:04:47,河南省,洛阳市,洛龙区,
TAOBAO,ceres旗舰店,403fe35254efb4a326cb610dada55440,tb764219413,="1526427290209323330",普通订单,交易成功,,1,288.83,0.0,0.0,0.0,908.17,taojinbi，10.170000;2021天猫年货节跨店满减，30.000000;年货价，858.000000;年货囤货购物券，10.000000,,,2021-01-20 20:07:02,2021-01-20 20:07:10,,,2021-01-21 15:47:57,2021-01-27 16:57:02,山西省,忻州市,忻府区,
TAOBAO,ceres旗舰店,2ad1338488c97d6cb590254df87431c3,jyun2001,="1526435751054980076",普通订单,交易成功,,1,313.93,0.0,0.0,0.0,883.07,年货价，828.000000;2021天猫年货节跨店满减，34.000000;年货囤货购物券，10.000000;taojinbi，11.070000,,白1红1双支礼盒套餐*1  小兔酒塞*1,2021-01-20 19:28:19,2021-01-20 19:28:35,,,2021-01-21 13:16:15,2021-01-23 10:56:02,上海市,市辖区,浦东新区,
TAOBAO,ceres旗舰店,b7cf171c06c44aa569975729820d8748,四七5777,="1526532696027150856",普通订单,交易成功,,1,872.48,0.0,0.0,0.0,1911.52,2021天猫年货节跨店满减，96.870000;30，30.000000;年货价，1766.000000;taojinbi，8.650000;年货囤货购物券，10.000000,,发顺丰！！！ 白3红3双支礼盒套餐*1  爱心酒塞*1,2021-01-21 11:48:54,2021-01-21 11:49:01,,,2021-01-21 15:33:11,2021-01-31 15:33:18,湖北省,宜昌市,当阳市,
TAOBAO,ceres旗舰店,a0706ca81fa0aaa7d3d4fe57ab242a5e,1062627qq,="1526537666515903130",普通订单,交易成功,,1,299.0,0.0,0.0,0.0,859.0,年货囤货购物券，10.000000;2021天猫年货节跨店满减，30.000000;年货价，819.000000,,白2红2双支自饮套餐*1  白狗酒塞*1,2021-01-20 20:30:11,2021-01-20 20:30:15,,,2021-01-21 13:16:15,2021-01-31 13:16:28,湖北省,省直辖县级行政区划,仙桃市,
TAOBAO,ceres旗舰店,2c10b3e98d8aa0245b963949fb5a6103,季驶芬,="1526642066147592635",普通订单,交易成功,,2,625.81,0.0,0.0,0.0,10.0,10，10.000000,,,2021-01-20 21:10:23,2021-01-20 21:10:31,,,2021-01-21 15:47:58,2021-01-31 15:48:03,浙江省,宁波市,鄞州区,
TAOBAO,ceres旗舰店,f2dc753b764ed30e9a2d048e34de0209,tb56987784,="1526653333997761625",普通订单,交易成功,,1,885.27,0.0,0.0,0.0,1898.73,taojinbi，2.730000;年货价，1766.000000;年货囤货购物券，10.000000;2021天猫年货节跨店满减，90.000000;30，30.000000,,,2021-01-20 23:14:25,2021-01-20 23:14:43,,,2021-01-21 15:48:00,2021-01-31 15:48:06,北京市,市辖区,丰台区,
TAOBAO,ceres旗舰店,16c295961485e8c97b13388ddea3e794,evaevalee,="1526701755321690677",普通订单,交易成功,,1,299.0,0.0,0.0,0.0,859.0,年货囤货购物券，10.000000;年货价，819.000000;2021天猫年货节跨店满减，30.000000,,白2红2双支自饮套餐*1  黑猫酒塞*1,2021-01-20 20:10:42,2021-01-20 20:10:47,,,2021-01-21 13:16:14,2021-01-26 16:18:53,四川省,成都市,锦江区,
TAOBAO,ceres旗舰店,38fa4d26a4a203ca88f71a1ddf87a3f6,coolzai123,="1526709927176437445",普通订单,交易成功,,1,276.22,0.0,0.0,0.0,881.78,年货价，832.000000;2021天猫年货节跨店满减，30.000000;年货囤货购物券，10.000000;taojinbi，9.780000,,白1双支自饮套餐*1  白猫酒塞*1 ,2021-01-20 20:08:38,2021-01-20 20:09:05,,,2021-01-21 13:16:15,2021-01-31 13:16:25,山东省,东营市,东营区,
TAOBAO,ceres旗舰店,f9a09ce6c223383b0e3db4762f557a4f,恶魔小姐7,="1526711186391598836",普通订单,交易成功,,1,325.9,0.0,0.0,0.0,832.1,年货价，802.000000;2021天猫年货节跨店满减，30.000000;taojinbi，0.100000,,白1双支礼盒套餐*1  白狗酒塞*1,2021-01-20 21:31:01,2021-01-20 21:31:05,,,2021-01-21 13:16:15,2021-01-31 13:16:26,四川省,成都市,简阳市,
TAOBAO,ceres旗舰店,aacf93fe5915b93de9bb8905a099c2c5,绝望的回眸,="1526807881564904433",普通订单,交易成功,,1,295.02,0.0,0.0,0.0,901.98,2021天猫年货节跨店满减，33.690000;年货囤货购物券，10.000000;taojinbi，0.290000;年货价，858.000000,,白1红1双支自饮套餐*1  白狗酒塞*1 ,2021-01-21 00:56:27,2021-01-21 00:56:33,,,2021-01-21 15:48:02,2021-01-22 18:55:14,浙江省,杭州市,江干区,
TAOBAO,ceres旗舰店,a4cc11ca0df0f24a6429e396355681f8,北京希羽,="1526842513795365073",普通订单,交易成功,,1,315.26,0.0,0.0,0.0,842.74,taojinbi，0.740000;2021天猫年货节跨店满减，30.000000;年货价，802.000000;年货囤货购物券，10.000000,,,2021-01-21 02:12:37,2021-01-21 02:12:43,,,2021-01-21 15:48:02,2021-01-24 01:07:58,北京市,市辖区,丰台区,
TAOBAO,ceres旗舰店,f63da1dca673995e6bac3af6eb4f57eb,jessica15889202,="1526857452686327921",普通订单,交易成功,,1,298.97,0.0,0.0,0.0,898.03,年货囤货购物券，10.000000;taojinbi，0.030000;2021天猫年货节跨店满减，30.000000;年货价，858.000000,,,2021-01-21 14:04:46,2021-01-21 14:04:50,,,2021-01-21 17:52:20,2021-01-31 17:52:29,河南省,郑州市,金水区,
TAOBAO,ceres旗舰店,67d868f0d23c5ee58ac278f3675bcebf,你我他所,="1526868361110631426",普通订单,交易成功,,1,857.46,0.0,0.0,0.0,1926.54,年货价，1766.000000;taojinbi，30.540000;2021天猫年货节跨店满减，90.000000;30，30.000000;年货囤货购物券，10.000000,,白3红3双支礼盒套餐*1 小鹿酒塞*1,2021-01-21 04:18:44,2021-01-21 04:18:54,,,2021-01-21 13:16:16,2021-01-31 13:16:25,海南省,儋州市,,
TAOBAO,ceres旗舰店,4b4079bd5e8607f67d6431fb1bb0c1c1,风花雪夜5566,="1526879557706355960",普通订单,交易成功,,1,847.76,0.0,0.0,0.0,1936.24,2021天猫年货节跨店满减，90.000000;30，30.000000;年货囤货购物券，10.000000;taojinbi，30.240000;年货价，1776.000000,,红3双支自饮套餐*1 白猫酒塞*1,2021-01-21 06:13:35,2021-01-21 06:13:40,,,2021-01-21 13:16:14,2021-01-26 08:34:53,广东省,深圳市,福田区,
TAOBAO,ceres旗舰店,bf5b461f4dd18c5daf9d8f9983079ad3,李科001995,="1526950944618676012",普通订单,交易成功,,1,305.32,0.0,0.0,0.0,852.68,taojinbi，10.680000;年货囤货购物券，10.000000;2021天猫年货节跨店满减，30.000000;年货价，802.000000,,发顺丰！！！,2021-01-21 14:48:00,2021-01-21 14:48:11,,,2021-01-21 17:46:58,2021-01-31 17:47:04,安徽省,芜湖市,三山区,
TAOBAO,ceres旗舰店,09cd406de6d7ef89fe779da8159ecd14,tb888101125,="1526986911694395939",普通订单,交易成功,,1,318.96,0.0,0.0,0.0,839.04,年货价，802.000000;taojinbi，5.890000;2021天猫年货节跨店满减，21.150000;年货囤货购物券，10.000000,,白1双支礼盒套餐*1  黑钻酒塞*1,2021-01-20 21:47:17,2021-01-20 21:47:30,,,2021-01-21 13:16:16,2021-01-24 08:05:46,上海市,市辖区,浦东新区,
TAOBAO,ceres旗舰店,b3e4db3662f59099e2bdba54a9bd8f81,j5p795,="1527030648938151657",普通订单,交易成功,,35,11417.75,305.0,0.0,0.0,29417.25,年货价，28070.000000;2021天猫年货节跨店满减，1230.000000;100，100.000000;年货囤货购物券，10.000000;taojinbi，7.250000,,红3*4 白2*16 白1*30 红1*36 白1礼盒*25 红1礼盒*25 冰酒礼袋*25 海马刀*37 报关单卫检、售后卡*30 斯蒂芬贵腐*2,2021-01-21 15:25:31,2021-01-21 15:44:13,,,2021-01-21 16:56:22,2021-01-25 13:44:23,浙江省,湖州市,德清县,
TAOBAO,ceres旗舰店,08ae639ad50463339657e13118c853b4,李立2007,="1527033350730878665",普通订单,交易成功,,1,328.62,0.0,0.0,0.0,868.38,年货囤货购物券，10.000000;2021天猫年货节跨店满减，30.000000;年货价，828.000000;taojinbi，0.380000,,,2021-01-20 23:37:58,2021-01-20 23:38:11,,,2021-01-21 15:48:01,2021-01-24 18:49:33,江苏省,徐州市,泉山区,
TAOBAO,ceres旗舰店,1fade3610cfd1ab938694d84955bd66d,张娟娟流浪的猪,="1527148155903516719",普通订单,交易成功,,1,312.23,0.0,0.0,0.0,884.77,年货价，838.000000;2021天猫年货节跨店满减，30.000000;年货囤货购物券，10.000000;taojinbi，6.770000,,,2021-01-20 22:55:45,2021-01-20 22:55:54,,,2021-01-21 15:47:59,2021-01-24 18:01:55,陕西省,西安市,长安区,
TAOBAO,ceres旗舰店,1fade3610cfd1ab938694d84955bd66d,张娟娟流浪的猪,="1527162123446516719",普通订单,交易成功,,1,319.0,0.0,0.0,0.0,878.0,年货囤货购物券，10.000000;2021天猫年货节跨店满减，30.000000;年货价，838.000000,,白1红1双支自饮套餐*1  爱心酒塞*1,2021-01-20 22:56:22,2021-01-20 22:56:26,,,2021-01-21 13:16:14,2021-01-24 18:01:31,陕西省,西安市,莲湖区,
TAOBAO,ceres旗舰店,8816acb155c6321b861807e005965abd,xsz861,="1527198771740304567",普通订单,交易成功,,6,1844.0,0.0,0.0,0.0,5338.0,年货价，5148.000000;2021天猫年货节跨店满减，180.000000;年货囤货购物券，10.000000,,白1红1双支自饮套餐*6  白1*1  红1*1  黑猫酒塞*1  ,2021-01-20 22:59:37,2021-01-20 23:02:22,,,2021-01-21 11:06:18,2021-01-31 11:06:26,湖北省,十堰市,竹山县,
TAOBAO,ceres旗舰店,fcaaabeb337692e38362e896970c007f,啊咧咧lovemj,="1527214035092790534",普通订单,交易成功,,3,974.27,0.0,0.0,0.0,30.0,30，30.000000,,白1红1双支礼盒套餐*1  白2红2双支礼盒套餐*1  白2*1  ,2021-01-20 23:32:03,2021-01-20 23:32:15,,,2021-01-21 13:16:14,2021-01-27 10:50:35,四川省,成都市,武侯区,
TAOBAO,ceres旗舰店,35e9136a818fe97fe4aad0af92ab7198,丶墨染昔年,="1527252013985548022",普通订单,交易成功,,1,335.4,0.0,0.0,0.0,861.6,年货价，828.000000;2021天猫年货节跨店满减，30.000000;taojinbi，3.600000,,白1红1双支礼盒套餐*1 黑狗酒塞*1,2021-01-21 10:59:10,2021-01-21 10:59:21,,,2021-01-21 13:11:50,2021-01-31 13:11:57,内蒙古自治区,锡林郭勒盟,二连浩特市,
TAOBAO,ceres旗舰店,9d87a5449a140174f1e34ad081842666,我爱我家ddbbmm,="1527257271434175173",普通订单,交易成功,,1,276.22,0.0,0.0,0.0,881.78,2021天猫年货节跨店满减，30.000000;年货囤货购物券，10.000000;年货价，832.000000;taojinbi，9.780000,,白1双支自饮套餐*1  小鹿酒塞*1,2021-01-20 23:33:41,2021-01-20 23:33:46,,,2021-01-21 15:48:00,2021-01-26 22:49:53,山东省,烟台市,蓬莱市,
TAOBAO,ceres旗舰店,fcaaabeb337692e38362e896970c007f,啊咧咧lovemj,="1527258927718790534",普通订单,交易成功,,1,1.0,0.0,0.0,0.0,,,,白1红1双支礼盒套餐*1 ,2021-01-20 23:33:21,2021-01-20 23:33:27,,,2021-01-21 13:16:15,2021-01-27 10:50:27,广东省,深圳市,福田区,
TAOBAO,ceres旗舰店,a2ae267021be65a8f94db01c9d5b5127,莲华灬殇,="1527298705770281859",普通订单,交易成功,,1,307.94,0.0,0.0,0.0,889.06,年货价，858.000000;taojinbi，1.060000;2021天猫年货节跨店满减，30.000000,,白1红1双支自饮套餐*1 黑钻酒塞*1,2021-01-21 11:12:09,2021-01-21 11:12:16,,,2021-01-21 15:47:56,2021-01-31 15:48:06,四川省,成都市,锦江区,
TAOBAO,ceres旗舰店,19996488374919dce819d7c21a20f4aa,tb2736587_88,="1527352671065541078",普通订单,交易成功,,1,298.83,0.0,0.0,0.0,859.17,taojinbi，10.170000;年货价，819.000000;2021天猫年货节跨店满减，30.000000,,白2红2双支自饮套餐*1 黑砖酒塞*1,2021-01-21 00:24:08,2021-01-21 00:24:12,,,2021-01-21 13:16:15,2021-01-25 12:14:03,江苏省,南通市,崇川区,
TAOBAO,ceres旗舰店,96bf189c98f549567f393dba8a1a1496,tb997772748,="1527362750313935817",普通订单,交易成功,,1,346.06,0.0,0.0,0.0,811.94,年货囤货购物券，10.000000;2021天猫年货节跨店满减，30.000000;taojinbi，11.940000;年货价，760.000000,,红2双支自饮套餐*1  白狗酒塞*1,2021-01-21 09:14:33,2021-01-21 09:14:38,,,2021-01-21 13:16:15,2021-01-25 15:21:46,广东省,广州市,天河区,
TAOBAO,ceres旗舰店,c597162628cdb049cc293549a14764fb,红眼睛冷漠的看着这座,="1527416931244375052",普通订单,交易成功,,1,294.67,0.0,0.0,0.0,863.33,2021天猫年货节跨店满减，31.330000;年货价，832.000000,,,2021-01-21 01:55:35,2021-01-21 01:55:46,,,2021-01-21 15:48:02,2021-01-25 21:06:44,江西省,南昌市,东湖区,
TAOBAO,ceres旗舰店,8740395bb554902f81b0d871ef6913cc,地命海心19881005,="1527483099048021083",普通订单,交易成功,,1,288.83,0.0,0.0,0.0,869.17,2021天猫年货节跨店满减，30.000000;年货囤货购物券，10.000000;taojinbi，10.170000;年货价，819.000000,,白2红2双支自饮套餐*1 爱心酒塞*1,2021-01-21 07:16:04,2021-01-21 07:16:14,,,2021-01-21 13:16:15,2021-01-24 21:47:55,天津市,市辖区,西青区,
TAOBAO,ceres旗舰店,18df0480ec5c64977ecec5a5b233a5cd,tb732286165,="1527625944934790220",普通订单,交易成功,,1,299.0,0.0,0.0,0.0,898.0,年货价，858.000000;年货囤货购物券，10.000000;2021天猫年货节跨店满减，30.000000,,,2021-01-21 19:38:48,2021-01-21 19:38:53,,,2021-01-22 15:12:49,2021-01-24 17:55:36,北京市,市辖区,西城区,
TAOBAO,ceres旗舰店,698cd587c1507910c6d89093ec818823,tb574469_11,="1527631023426181281",普通订单,交易成功,,1,317.93,0.0,0.0,0.0,879.07,taojinbi，11.070000;2021天猫年货节跨店满减，30.000000;年货价，828.000000;年货囤货购物券，10.000000,,白1红1双支礼盒套餐*1  白猫酒塞*1 ,2021-01-21 09:30:38,2021-01-21 09:30:51,,,2021-01-21 13:16:16,2021-01-24 13:35:49,四川省,泸州市,龙马潭区,
TAOBAO,ceres旗舰店,9cd8cdef11a40049fde2356bdb68b9b3,敏心与恒系,="1527673176684237040",普通订单,交易成功,,1,329.0,0.0,0.0,0.0,868.0,年货价，828.000000;2021天猫年货节跨店满减，30.000000;年货囤货购物券，10.000000,,,2021-01-21 19:57:32,2021-01-21 19:57:36,,,2021-01-22 15:12:49,2021-02-01 15:12:57,贵州省,贵阳市,云岩区,
TAOBAO,ceres旗舰店,b22c54a9e407a29fcf6f0a435d2c393c,kajialicky,="1527699062670739279",普通订单,交易成功,,1,276.22,0.0,0.0,0.0,881.78,年货囤货购物券，10.000000;2021天猫年货节跨店满减，30.000000;taojinbi，9.780000;年货价，832.000000,,,2021-01-21 11:31:04,2021-01-21 11:31:10,,,2021-01-21 15:47:58,2021-01-31 15:48:04,河南省,洛阳市,涧西区,
TAOBAO,ceres旗舰店,bb6a33c12fe089e095765d43cea6933b,aigesi55,="1527724404095774083",普通订单,交易成功,,1,277.03,0.0,0.0,0.0,880.97,taojinbi，8.970000;年货价，832.000000;2021天猫年货节跨店满减，30.000000;年货囤货购物券，10.000000,,,2021-01-21 20:17:36,2021-01-21 20:21:25,,,2021-01-22 15:12:50,2021-01-24 11:39:11,江苏省,泰州市,泰兴市,
TAOBAO,ceres旗舰店,bb6a33c12fe089e095765d43cea6933b,aigesi55,="1527742476062774083",普通订单,交易成功,,1,286.0,0.0,0.0,0.0,872.0,年货价，832.000000;2021天猫年货节跨店满减，30.000000;年货囤货购物券，10.000000,,白1双支自饮套餐*1 白1*1  香槟杯*6  海马刀*3,2021-01-21 20:24:22,2021-01-21 20:24:25,,,2021-01-22 14:57:50,2021-01-24 11:38:41,江苏省,泰州市,泰兴市,
TAOBAO,ceres旗舰店,e6655f01690e631c49b95becf8fd16fa,秀色yu,="1527881007739488154",普通订单,交易成功,,3,4934.0,0.0,0.0,0.0,100.0,100，100.000000,,发顺丰,2021-01-21 11:12:40,2021-01-21 11:12:45,,,2021-01-21 15:36:12,2021-01-31 15:36:23,河南省,南阳市,卧龙区,
TAOBAO,ceres旗舰店,a0998c01e5d078836e26b1983082be55,小白空空空,="1527888206165751539",普通订单,交易成功,,3,1527.86,0.0,0.0,0.0,50.0,50，50.000000,,白1红1双支礼盒套餐*1 白1红1双支自饮套餐*1 白3红3礼盒套餐*1 红3*1 黑狗酒塞*1,2021-01-21 12:35:02,2021-01-21 12:35:40,,,2021-01-21 15:48:02,2021-01-31 15:48:15,上海市,市辖区,松江区,
TAOBAO,ceres旗舰店,cdee1107aa3a56dbbb42494ab844e21d,芯已上了锁,="1527986700737826220",普通订单,交易成功,,1,315.23,0.0,0.0,0.0,842.77,年货价，802.000000;2021天猫年货节跨店满减，30.000000;taojinbi，0.770000;年货囤货购物券，10.000000,,白1双支礼盒套餐*1  爱心酒塞*1,2021-01-21 22:14:49,2021-01-21 22:14:58,,,2021-01-22 14:57:51,2021-01-27 11:24:15,安徽省,合肥市,巢湖市,
TAOBAO,ceres旗舰店,30f5a3b07854aa9afddb2e1149056a99,唧唧啦啦啦,="1527995088749182264",普通订单,交易成功,,1,286.0,0.0,0.0,0.0,872.0,年货囤货购物券，10.000000;2021天猫年货节跨店满减，30.000000;年货价，832.000000,,,2021-01-21 22:18:42,2021-01-21 22:18:45,,,2021-01-22 15:12:48,2021-02-01 15:13:00,上海市,市辖区,长宁区,
TAOBAO,ceres旗舰店,94ee57dbfe808f29b074421193b28181,ytafk,="1528047147514520014",普通订单,交易成功,,2,604.0,0.0,0.0,0.0,1790.0,10，10.000000;年货价，1716.000000;2021天猫年货节跨店满减，64.000000,,,2021-01-21 12:03:13,2021-01-21 12:03:19,,,2021-01-21 15:48:01,2021-01-30 15:22:21,江苏省,南京市,玄武区,
TAOBAO,ceres旗舰店,bcc2d6615345dadf5050117b584694c3,tb11462072,="1528084080444177039",普通订单,交易成功,,1,288.83,0.0,0.0,0.0,869.17,年货价，819.000000;taojinbi，10.170000;年货囤货购物券，10.000000;2021天猫年货节跨店满减，30.000000,,白2红2双支自饮套餐*1  黑猫酒塞*1,2021-01-21 23:01:12,2021-01-21 23:01:17,,,2021-01-22 14:57:51,2021-02-01 14:58:10,浙江省,杭州市,余杭区,
TAOBAO,ceres旗舰店,551b7134a024cce32190f2d322988290,tb254047_44,="1528168791392642865",普通订单,交易成功,,1,305.32,0.0,0.0,0.0,852.68,taojinbi，10.680000;年货囤货购物券，10.000000;年货价，802.000000;2021天猫年货节跨店满减，30.000000,,,2021-01-21 12:50:21,2021-01-21 12:50:26,,,2021-01-21 15:47:56,2021-01-24 20:48:17,广东省,深圳市,福田区,
TAOBAO,ceres旗舰店,dc32f797578ccb0c3561a2ebd3cad6f0,西西790818,="1528224554647030342",普通订单,交易成功,,1,288.83,0.0,0.0,0.0,869.17,2021天猫年货节跨店满减，30.000000;年货价，819.000000;taojinbi，10.170000;年货囤货购物券，10.000000,,白2红2双支自饮套餐*1   白猫酒塞*1 ,2021-01-21 15:08:55,2021-01-21 15:09:20,,,2021-01-21 17:52:23,2021-01-31 17:52:34,山东省,青岛市,李沧区,
TAOBAO,ceres旗舰店,caaf6bedfb2e64d4833bb1468666e202,香石竹lltt,="1528300515715948237",普通订单,交易成功,,1,317.93,0.0,0.0,0.0,879.07,taojinbi，11.070000;2021天猫年货节跨店满减，30.000000;年货囤货购物券，10.000000;年货价，828.000000,,,2021-01-21 13:48:36,2021-01-21 13:48:48,,,2021-01-21 15:47:59,2021-01-31 15:48:05,江苏省,扬州市,邗江区,
TAOBAO,ceres旗舰店,b6bb42809629134ebbcece32528fe028,7joanna7,="1528422264831521237",普通订单,交易成功,,2,570.43,0.0,0.0,0.0,1745.57,年货价，1664.000000;10，10.000000;2021天猫年货节跨店满减，60.000000;年货囤货购物券，10.000000;taojinbi，1.570000,,,2021-01-22 09:02:13,2021-01-22 09:02:24,,,2021-01-22 15:12:50,2021-02-01 15:12:55,浙江省,杭州市,拱墅区,
TAOBAO,ceres旗舰店,ec03a79124efbc8cbb9b56f73d6aa8ad,zy13426427983,="1528441345495201571",普通订单,交易成功,,1,329.0,0.0,0.0,0.0,868.0,2021天猫年货节跨店满减，30.000000;年货囤货购物券，10.000000;年货价，828.000000,,,2021-01-21 19:07:59,2021-01-21 19:08:04,,,2021-01-22 15:12:48,2021-02-01 15:13:00,北京市,市辖区,朝阳区,
TAOBAO,ceres旗舰店,39757e87ccc23a8d892e0e1587c2746c,暗风乐章,="1528517160574969269",普通订单,交易成功,,1,456.99,0.0,0.0,0.0,1037.01,年货价，1006.000000;2021天猫年货节跨店满减，30.000000;taojinbi，1.010000,,,2021-01-22 09:58:22,2021-01-22 09:58:26,,,2021-01-22 15:12:48,2021-02-01 15:12:55,广东省,珠海市,香洲区,
TAOBAO,ceres旗舰店,388c863dc0b3b578b076cf140d7a0998,ninandefeng78,="1528526232332960278",普通订单,交易成功,,1,329.0,0.0,0.0,0.0,829.0,年货囤货购物券，10.000000;2021天猫年货节跨店满减，30.000000;年货价，789.000000,,,2021-01-22 10:02:01,2021-01-22 10:02:09,,,2021-01-22 15:12:48,2021-02-01 15:13:01,青海省,西宁市,城西区,
TAOBAO,ceres旗舰店,4e03b594f0249252c3ebdf2f2e670251,恭喜发财160021,="1528602698881055022",普通订单,交易成功,,1,294.41,0.0,0.0,0.0,863.59,taojinbi，4.590000;年货囤货购物券，10.000000;年货价，819.000000;2021天猫年货节跨店满减，30.000000,,,2021-01-21 17:54:23,2021-01-21 17:54:32,,,2021-01-22 15:12:48,2021-02-01 15:12:55,江西省,赣州市,章贡区,
TAOBAO,ceres旗舰店,9c3c1b4d711197c5c4ccf63f4ad38e62,tb195078033,="1528603059250259077",普通订单,交易成功,,1,325.14,0.0,0.0,0.0,871.86,年货价，828.000000;年货囤货购物券，10.000000;taojinbi，3.860000;2021天猫年货节跨店满减，30.000000,,白1红1双支礼盒套餐*1 黑猫酒塞*1,2021-01-21 16:06:05,2021-01-21 16:06:10,,,2021-01-21 17:38:45,2021-01-24 20:05:17,内蒙古自治区,赤峰市,红山区,
TAOBAO,ceres旗舰店,ea0a8a59460321402af6f8a89f9fe204,机械omg,="1528667209117669278",普通订单,交易成功,,1,327.6,0.0,0.0,0.0,869.4,年货囤货购物券，10.000000;taojinbi，1.400000;2021天猫年货节跨店满减，30.000000;年货价，828.000000,,白1红1双支礼盒套餐*1  随机酒塞*1,2021-01-21 20:43:16,2021-01-21 20:43:21,,,2021-01-22 15:12:48,2021-02-01 15:12:54,北京市,市辖区,昌平区,
TAOBAO,ceres旗舰店,fac9a80c5348bc19ad1e73378569f6a9,wdangel27,="1528788927077308682",普通订单,交易成功,,1,320.45,0.0,0.0,0.0,837.55,年货囤货购物券，10.000000;年货价，789.000000;taojinbi，2.220000;2021天猫年货节跨店满减，36.330000,,,2021-01-21 17:25:15,2021-01-21 17:25:26,,,2021-01-21 17:52:21,2021-01-23 15:21:29,浙江省,金华市,金东区,
TAOBAO,ceres旗舰店,2fcddaf20bb4dff65b19bfea9860ecda,星星上的花56223131,="1529027031772161530",普通订单,交易成功,,1,288.83,0.0,0.0,0.0,908.17,年货价，858.000000;2021天猫年货节跨店满减，30.000000;年货囤货购物券，10.000000;taojinbi，10.170000,,,2021-01-21 19:07:38,2021-01-21 19:07:44,,,2021-01-22 15:12:48,2021-02-01 15:12:55,浙江省,金华市,义乌市,
TAOBAO,ceres旗舰店,2499ad0752ef2e031129accc4d7bb037,我的那个她在哪9,="1529041464357892659",普通订单,交易成功,,1,321.89,0.0,0.0,0.0,875.11,年货价，828.000000;2021天猫年货节跨店满减，30.000000;年货囤货购物券，10.000000;taojinbi，7.110000,,白1红1双支礼盒套餐*1 小鹿酒塞*1,2021-01-22 13:05:02,2021-01-22 13:05:08,,,2021-01-22 14:57:51,2021-01-24 18:21:17,湖北省,黄石市,大冶市,
TAOBAO,ceres旗舰店,124c407ebea7f3e0b15bf599cd42f3c3,fengh007,="1529043734703392817",普通订单,交易成功,,1,293.56,0.0,0.0,0.0,903.44,2021天猫年货节跨店满减，30.000000;年货囤货购物券，10.000000;年货价，858.000000;taojinbi，5.440000,,,2021-01-21 20:58:39,2021-01-21 20:58:47,,,2021-01-22 15:12:49,2021-02-01 15:12:58,山东省,青岛市,城阳区,
TAOBAO,ceres旗舰店,98fa5e5ac31c66f6613710b25be0a489,李宛珂和旭旭,="1529051330989652617",普通订单,交易成功,,1,299.0,0.0,0.0,0.0,859.0,2021天猫年货节跨店满减，30.000000;年货价，819.000000;年货囤货购物券，10.000000,,白2红2双支自饮套餐*1   黑狗酒塞*1,2021-01-21 21:02:46,2021-01-21 21:02:55,,,2021-01-22 14:54:41,2021-01-25 18:49:58,吉林省,长春市,二道区,
TAOBAO,ceres旗舰店,23574170eb11337d0909b1dbdb624942,tb5731281279,="1529060943394699716",普通订单,等待买家确认收货,,1,288.83,0.0,0.0,0.0,908.17,2021天猫年货节跨店满减，30.000000;taojinbi，10.170000;年货价，858.000000;年货囤货购物券，10.000000,,,2021-01-21 19:21:04,2021-01-21 19:21:13,,,2021-01-22 15:12:49,,广东省,深圳市,龙岗区,
TAOBAO,ceres旗舰店,515ba5d50e0e3e13aff701a99d5a7295,无尘1993,="1529079840317692241",普通订单,交易成功,,1,391.4,0.0,0.0,0.0,976.6,年货囤货购物券，10.000000;2021天猫年货节跨店满减，44.600000;年货价，922.000000,送人，麻烦包装好一点，不要有破损,发顺丰,2021-01-22 13:21:53,2021-01-22 13:22:05,,,2021-01-22 15:02:06,2021-01-23 14:45:25,江苏省,常州市,天宁区,
TAOBAO,ceres旗舰店,c3e7c924e862f2c8f04fa88624c9729f,meredith2009xu,="1529153137974094855",普通订单,交易成功,,1,299.82,0.0,0.0,0.0,897.18,2021天猫年货节跨店满减，30.000000;taojinbi，9.180000;年货价，858.000000,,,2021-01-22 02:37:15,2021-01-22 02:37:23,,,2021-01-22 15:12:49,2021-02-01 15:12:56,北京市,市辖区,海淀区,
TAOBAO,ceres旗舰店,769d5fa7bf05364cbabeb564e28d79d7,高英恩8601082128,="1529199471392088458",普通订单,交易成功,,1,306.44,0.0,0.0,0.0,890.56,2021天猫年货节跨店满减，31.450000;taojinbi，1.110000;年货价，858.000000,,红1白1双支自饮套餐*1 白狗酒塞*1,2021-01-21 20:19:49,2021-01-21 20:19:56,,,2021-01-22 14:54:40,2021-02-01 14:54:46,吉林省,辽源市,龙山区,
TAOBAO,ceres旗舰店,bb6a33c12fe089e095765d43cea6933b,aigesi55,="1529208147569774083",普通订单,交易成功,,1,286.0,0.0,0.0,0.0,872.0,年货囤货购物券，10.000000;年货价，832.000000;2021天猫年货节跨店满减，30.000000,,,2021-01-21 20:23:55,2021-01-21 20:24:00,,,2021-01-22 15:12:48,2021-01-24 11:38:56,江苏省,泰州市,泰兴市,
TAOBAO,ceres旗舰店,94cf8521c5dd2aa830faf4961d5e7e9c,johcychen,="1529233093083515126",普通订单,交易成功,,3,818.66,0.0,0.0,0.0,2655.34,年货囤货购物券，10.000000;taojinbi，29.340000;2021天猫年货节跨店满减，90.000000;年货价，2496.000000;30，30.000000,,白2双支自饮套餐*3  白2*1  爱心酒塞*1 ,2021-01-22 07:54:14,2021-01-22 07:54:19,,,2021-01-22 14:57:51,2021-01-26 00:14:07,上海市,市辖区,杨浦区,
TAOBAO,ceres旗舰店,1196ce4e7f4d81898536376d1bf23a3f,imkitty6,="1529433903261966767",普通订单,交易成功,,1,324.93,0.0,0.0,0.0,833.07,taojinbi，0.190000;2021天猫年货节跨店满减，30.880000;年货价，802.000000,,,2021-01-21 22:02:19,2021-01-21 22:02:25,,,2021-01-22 15:12:49,2021-01-26 12:42:56,云南省,昆明市,西山区,
TAOBAO,ceres旗舰店,e531113c3323839b8bccc595f3215558,包太婆,="1529472999092714017",普通订单,交易成功,,1,785.93,0.0,0.0,0.0,1998.07,年货价，1866.000000;2021天猫年货节跨店满减，90.000000;30，30.000000;taojinbi，2.070000;年货囤货购物券，10.000000,,,2021-01-21 22:19:20,2021-01-21 22:19:26,,,2021-01-22 15:12:48,2021-02-01 15:12:57,广东省,广州市,越秀区,
TAOBAO,ceres旗舰店,db8ca80b251c0fd728c99638d2fd550b,大家一起刷飞鹤,="1529588952276687366",普通订单,交易成功,,1,317.93,0.0,0.0,0.0,879.07,年货价，828.000000;年货囤货购物券，10.000000;taojinbi，11.070000;2021天猫年货节跨店满减，30.000000,,,2021-01-22 17:08:54,2021-01-22 17:08:57,,,2021-01-22 17:48:20,2021-02-01 17:48:29,江西省,吉安市,峡江县,
TAOBAO,ceres旗舰店,8a59c7b058acdf806fde3bbeba4ded18,许婷azza,="1529603568577031626",普通订单,交易成功,,1,325.91,0.0,0.0,0.0,871.09,taojinbi，3.090000;年货囤货购物券，10.000000;年货价，828.000000;2021天猫年货节跨店满减，30.000000,,发顺丰,2021-01-22 17:15:34,2021-01-22 17:15:44,,,2021-01-22 17:34:44,2021-02-01 17:34:55,辽宁省,沈阳市,沈北新区,
TAOBAO,ceres旗舰店,c79123aca96259663ce1edc98519eb36,hchjh268,="1529784687105273720",普通订单,交易成功,,1,298.98,0.0,0.0,0.0,898.02,2021天猫年货节跨店满减，30.000000;taojinbi，10.020000;年货价，858.000000,,,2021-01-22 06:43:59,2021-01-22 06:44:23,,,2021-01-22 15:12:49,2021-02-01 15:12:59,广西壮族自治区,南宁市,青秀区,
TAOBAO,ceres旗舰店,1a0392c022e0c13564d9974bebe62bcf,邦乔维和,="1529846354906130580",普通订单,交易成功,,1,276.22,0.0,0.0,0.0,881.78,2021天猫年货节跨店满减，30.000000;taojinbi，9.780000;年货囤货购物券，10.000000;年货价，832.000000,,白2双支自饮套餐*1 白猫酒塞*1,2021-01-22 10:42:20,2021-01-22 10:42:28,,,2021-01-22 14:57:51,2021-01-25 18:22:16,上海市,市辖区,浦东新区,
TAOBAO,ceres旗舰店,38b6adeb801b8b222d51932d97ef3309,戈壁滩下的念想,="1529911442406265541",普通订单,交易成功,,8,2468.0,0.0,0.0,0.0,6796.0,2021天猫年货节跨店满减，270.000000;年货囤货购物券，10.000000;年货价，6416.000000;100，100.000000,,白1双支礼盒套餐*8  白1*2 ,2021-01-22 11:02:40,2021-01-22 11:02:44,,,2021-01-22 14:57:51,2021-01-31 20:26:56,江苏省,南京市,玄武区,
TAOBAO,ceres旗舰店,21a95912aaa759d325116ae126367e84,kandaher,="1529940783755770242",普通订单,交易成功,,1,163.63,0.0,0.0,0.0,430.37,taojinbi，5.370000;年货价，415.000000;年货囤货购物券，10.000000,,,2021-01-22 09:33:16,2021-01-22 09:33:21,,,2021-01-22 15:12:48,2021-01-27 15:14:36,广东省,中山市,,
TAOBAO,ceres旗舰店,0f3bae57f7e24c10c975eeb11c38b1d4,wkfeng1990,="1530073008592773883",普通订单,交易成功,,1,276.22,0.0,0.0,0.0,881.78,年货囤货购物券，10.000000;taojinbi，9.780000;2021天猫年货节跨店满减，30.000000;年货价，832.000000,,,2021-01-22 20:33:22,2021-01-22 20:34:04,,,2021-01-23 15:46:29,2021-01-28 07:57:36,内蒙古自治区,呼伦贝尔市,扎兰屯市,
TAOBAO,ceres旗舰店,45b31963f2c8f72e7aab84483b187a5d,郭志芸76,="1530083487389876963",普通订单,交易成功,,1,295.6,0.0,0.0,0.0,901.4,年货囤货购物券，10.000000;年货价，858.000000;2021天猫年货节跨店满减，33.400000,,,2021-01-22 10:39:12,2021-01-22 10:39:22,,,2021-01-22 15:12:49,2021-02-01 15:12:53,广东省,广州市,荔湾区,
TAOBAO,ceres旗舰店,a5dfbf2f7cdf89703a27f551f36ec667,我有罪9955,="1530131581059210642",普通订单,交易成功,,1,317.22,0.0,0.0,0.0,840.78,年货价，819.000000;2021天猫年货节跨店满减，21.780000,,,2021-01-22 14:37:39,2021-01-22 14:37:46,,,2021-01-22 17:48:20,2021-01-25 18:15:30,江苏省,扬州市,邗江区,
TAOBAO,ceres旗舰店,f823b5e202896256706a2eed3fbc2af4,奥特曼呢,="1530143499298882140",普通订单,交易成功,,1,311.63,0.0,0.0,0.0,846.37,年货价，789.000000;年货囤货购物券，10.000000;2021天猫年货节跨店满减，36.300000;taojinbi，11.070000,,,2021-01-22 10:59:26,2021-01-22 10:59:58,,,2021-01-22 15:12:49,2021-02-01 15:12:56,浙江省,绍兴市,嵊州市,
TAOBAO,ceres旗舰店,bfeba364e9b7018b0acc34c70be3ec99,fragrant0319,="1530282348098660474",普通订单,交易成功,,1,295.15,0.0,0.0,0.0,862.85,年货囤货购物券，10.000000;2021天猫年货节跨店满减，33.850000;年货价，819.000000,,,2021-01-22 22:04:25,2021-01-22 22:04:30,,,2021-01-23 15:50:49,2021-01-29 19:25:17,北京市,市辖区,朝阳区,
TAOBAO,ceres旗舰店,c281289d716f015bae53f5c28f4ed9d1,wudusheng,="1530291999603145576",普通订单,交易成功,,1,328.23,0.0,0.0,0.0,829.77,年货价，789.000000;taojinbi，0.770000;年货囤货购物券，10.000000;2021天猫年货节跨店满减，30.000000,,白2红2双支礼盒套餐*1 爱心酒塞*1 ,2021-01-22 11:41:15,2021-01-22 11:41:50,,,2021-01-22 14:57:51,2021-02-01 14:58:04,湖南省,长沙市,岳麓区,
TAOBAO,ceres旗舰店,a71529ae3514877f2af2ff9ada8fbf3f,1991提拉米苏sen,="1530341172739295139",普通订单,交易成功,,1,288.83,0.0,0.0,0.0,908.17,年货价，858.000000;taojinbi，10.170000;年货囤货购物券，10.000000;2021天猫年货节跨店满减，30.000000,,白1红色1双支自饮套餐*1   白狗酒塞*1 ,2021-01-22 22:35:04,2021-01-22 22:35:11,,,2021-01-23 15:24:30,2021-01-26 19:48:12,河南省,洛阳市,洛龙区,
TAOBAO,ceres旗舰店,69f5da91b8cfb2c32c798aca583cbcea,我叫梦星魂,="1530391897871740821",普通订单,交易成功,,1,888.0,0.0,0.0,0.0,1896.0,2021天猫年货节跨店满减，90.000000;年货价，1766.000000;30，30.000000;年货囤货购物券，10.000000,,,2021-01-22 16:35:41,2021-01-22 16:36:32,,,2021-01-22 17:48:19,2021-02-01 17:48:28,北京市,市辖区,海淀区,
TAOBAO,ceres旗舰店,024758761494f99624678e63c122e314,zhangxy5201,="1530397872255524335",普通订单,等待买家确认收货,,1,276.22,0.0,0.0,0.0,881.78,2021天猫年货节跨店满减，30.000000;taojinbi，9.780000;年货囤货购物券，10.000000;年货价，832.000000,,白2双支自饮套餐*1 爱心酒塞*1 ,2021-01-22 23:03:05,2021-01-22 23:03:09,,,2021-01-23 15:24:30,,浙江省,衢州市,常山县,
TAOBAO,ceres旗舰店,a976bd1c8a61b74a7101bef370894ec3,起名字什么的最烦了啊啊啊,="1530525099415738338",普通订单,交易成功,,1,288.83,0.0,0.0,0.0,908.17,年货囤货购物券，10.000000;taojinbi，10.170000;年货价，858.000000;2021天猫年货节跨店满减，30.000000,,白1红1双支自饮套餐*1 黑猫酒塞*1 ,2021-01-22 13:09:17,2021-01-22 13:09:32,,,2021-01-22 14:57:50,2021-02-01 14:57:53,四川省,广安市,邻水县,
TAOBAO,ceres旗舰店,aa9a91e4476654b07310eb9de847f9e2,gjmpmtdmtmt,="1530589969716230980",普通订单,等待买家确认收货,,1,318.42,0.0,0.0,0.0,878.58,taojinbi，10.580000;年货囤货购物券，10.000000;年货价，828.000000;2021天猫年货节跨店满减，30.000000,,发顺丰,2021-01-22 17:57:41,2021-01-22 17:57:46,,,2021-01-23 15:13:51,,吉林省,白城市,洮北区,
TAOBAO,ceres旗舰店,71427e0b244488edc455164bfabe779a,luweiyouyou,="1530645985537342723",普通订单,交易成功,,1,317.93,0.0,0.0,0.0,879.07,2021天猫年货节跨店满减，30.000000;taojinbi，11.070000;年货囤货购物券，10.000000;年货价，828.000000,,白1红1双支礼盒套餐*1  爱心酒塞*1,2021-01-22 18:22:05,2021-01-22 18:22:11,,,2021-01-23 15:24:29,2021-01-31 19:02:13,浙江省,杭州市,西湖区,
TAOBAO,ceres旗舰店,56be44f0728b33443176b9f3f15ec99c,又见秋色9,="1530685803539344361",普通订单,交易成功,,1,313.8,0.0,0.0,0.0,883.2,2021天猫年货节跨店满减，36.470000;年货价，828.000000;年货囤货购物券，10.000000;taojinbi，8.730000,,白1红1双支礼盒套餐*1 小兔酒塞*1 ,2021-01-22 14:20:26,2021-01-22 14:20:39,,,2021-01-22 17:38:20,2021-02-01 17:38:21,山东省,青岛市,即墨区,
TAOBAO,ceres旗舰店,69f5da91b8cfb2c32c798aca583cbcea,我叫梦星魂,="1530696530078740821",普通订单,交易成功,,1,787.9,0.0,0.0,0.0,1996.1,taojinbi，0.100000;年货囤货购物券，10.000000;2021天猫年货节跨店满减，90.000000;30，30.000000;年货价，1866.000000,,,2021-01-22 16:20:29,2021-01-22 16:20:35,,,2021-01-22 17:48:20,2021-02-01 17:48:23,北京市,市辖区,海淀区,
TAOBAO,ceres旗舰店,c88a4f8d111c90c75c9f823d1e5e8cb6,少女和猫1995,="1530787179730768535",普通订单,交易成功,,1,299.97,0.0,0.0,0.0,897.03,年货价，858.000000;2021天猫年货节跨店满减，33.450000;年货囤货购物券，5.580000,,,2021-01-22 15:08:56,2021-01-22 15:09:05,,,2021-01-22 17:48:19,2021-02-01 17:48:26,江苏省,常州市,天宁区,
TAOBAO,ceres旗舰店,bb75739b2ad7c9e335f504e11994634b,dyanzhao,="1530837432372551319",普通订单,交易成功,,1,292.85,0.0,0.0,0.0,904.15,年货囤货购物券，5.980000;taojinbi，10.170000;年货价，858.000000;2021天猫年货节跨店满减，30.000000,,白1红1双支自饮套餐*1 小兔酒塞*1,2021-01-23 10:01:49,2021-01-23 10:01:55,,,2021-01-23 15:24:30,2021-01-26 11:41:37,浙江省,杭州市,余杭区,
TAOBAO,ceres旗舰店,11169f61dca3bba4627030d343a8a9a3,linlintiffany00,="1530887077938272123",普通订单,交易成功,,1,311.03,0.0,0.0,0.0,885.97,年货价，828.000000;年货囤货购物券，10.000000;taojinbi，11.070000;2021天猫年货节跨店满减，36.900000,,,2021-01-22 20:04:02,2021-01-22 20:04:12,,,2021-01-23 15:40:24,2021-01-25 22:28:36,江苏省,南京市,浦口区,
TAOBAO,ceres旗舰店,be3e516a2d8f6063bdc7eb06549abdbf,最美时光8858,="1530926679462745520",普通订单,交易成功,,1,299.0,0.0,0.0,0.0,898.0,年货价，858.000000;2021天猫年货节跨店满减，30.000000;年货囤货购物券，10.000000,,白1红1自饮套餐*1  白猫酒塞*1,2021-01-22 16:10:07,2021-01-22 16:10:14,,,2021-01-22 17:38:21,2021-02-01 17:38:24,江苏省,常州市,金坛区,
TAOBAO,ceres旗舰店,81bd5cb79d3569c7cabf136d64db4e51,陈明君19950903,="1531057212569360216",普通订单,交易成功,,1,299.0,0.0,0.0,0.0,898.0,年货价，858.000000;年货囤货购物券，10.000000;2021天猫年货节跨店满减，30.000000,,,2021-01-23 11:21:52,2021-01-23 11:22:00,,,2021-01-23 15:50:52,2021-01-27 06:50:11,湖南省,常德市,石门县,
TAOBAO,ceres旗舰店,545ea2b2e4a3f748ac0ecf17d4cd3829,柠檬小小皎,="1531159634155257419",普通订单,等待买家确认收货,,1,285.81,0.0,0.0,0.0,872.19,taojinbi，0.190000;2021天猫年货节跨店满减，30.000000;年货价，832.000000;年货囤货购物券，10.000000,,,2021-01-22 19:38:20,2021-01-22 19:38:24,,,2021-01-23 15:50:47,,河南省,郑州市,中原区,
TAOBAO,ceres旗舰店,e816a46e843d36ad38c5381ccaa26004,kkinsun,="1531246212429155137",普通订单,交易成功,,4,1346.0,0.0,0.0,0.0,3442.0,年货价，3312.000000;年货囤货购物券，10.000000;2021天猫年货节跨店满减，120.000000,,买6瓶送1瓶【数云备注】,2021-01-23 12:20:58,2021-01-23 12:21:20,,,2021-01-23 15:24:29,2021-01-28 22:25:12,广东省,珠海市,香洲区,
TAOBAO,ceres旗舰店,867daa8e67cb6553d3e67fdad7b647b1,lhmsx,="1531252514196437944",普通订单,交易成功,,1,293.71,0.0,0.0,0.0,903.29,年货价，858.000000;年货囤货购物券，10.000000;2021天猫年货节跨店满减，30.000000;taojinbi，5.290000,,发顺丰  白1红1双支自饮套餐*1  小鹿酒塞*1,2021-01-22 20:16:58,2021-01-22 20:17:22,,,2021-01-23 15:15:39,2021-01-24 14:44:47,浙江省,台州市,临海市,
TAOBAO,ceres旗舰店,e3579ad4ed090875f3beebfe8b33f937,守望云开2013,="1531257301686111929",普通订单,等待买家确认收货,,1,296.57,0.0,0.0,0.0,900.43,年货价，858.000000;taojinbi，2.430000;年货囤货购物券，10.000000;2021天猫年货节跨店满减，30.000000,,白1红1双支自饮套餐*1  小鹿酒塞*1,2021-01-22 22:54:54,2021-01-22 22:57:51,,,2021-01-23 15:24:29,,河南省,驻马店市,新蔡县,
TAOBAO,ceres旗舰店,d3438569ce8f18286db34a789944b68e,hcb531548,="1531263420756412622",普通订单,等待买家确认收货,,1,318.93,0.0,0.0,0.0,878.07,taojinbi，10.070000;年货价，828.000000;2021天猫年货节跨店满减，30.000000;年货囤货购物券，10.000000,,白1红1双支礼盒套餐*1  黑猫酒塞*1,2021-01-23 12:28:03,2021-01-23 12:28:08,,,2021-01-23 15:13:51,,辽宁省,大连市,金州区,
TAOBAO,ceres旗舰店,740fc39a01ad77e0966fcd3e06b3a8ff,dhrwdcszzl,="1531275589938689827",普通订单,等待买家确认收货,,1,301.2,0.0,0.0,0.0,895.8,2021天猫年货节跨店满减，30.000000;taojinbi，7.800000;年货价，858.000000,,白1红1自饮双支套餐*1  小鹿酒塞*1,2021-01-22 23:05:14,2021-01-22 23:05:30,,,2021-01-23 15:24:30,,河南省,信阳市,商城县,
TAOBAO,ceres旗舰店,d45964a04176daf208ac284ee32fd2c4,火舞2000,="1531349424802009228",普通订单,交易成功,,1,306.67,0.0,0.0,0.0,851.33,2021天猫年货节跨店满减，22.160000;年货价，819.000000;taojinbi，10.170000,,白2红2双支自饮套餐*1  黑猫酒塞*1 ,2021-01-23 12:59:59,2021-01-23 13:00:27,,,2021-01-23 15:24:30,2021-01-25 19:16:05,安徽省,淮南市,田家庵区,
TAOBAO,ceres旗舰店,50099d642b0873533bd274a1854f169a,福州马大姐,="1531401986553594052",普通订单,等待买家确认收货,,1,315.32,0.0,0.0,0.0,842.68,2021天猫年货节跨店满减，30.000000;年货价，802.000000;taojinbi，10.680000,,,2021-01-22 21:21:12,2021-01-22 21:21:24,,,2021-01-23 15:50:48,,福建省,福州市,鼓楼区,
TAOBAO,ceres旗舰店,2b1827daf67245bbd40f9359352e5416,爱哭的跑驴,="1531405980055471460",普通订单,等待买家确认收货,,1,316.87,0.0,0.0,0.0,841.13,年货价，802.000000;年货囤货购物券，10.000000;taojinbi，6.690000;2021天猫年货节跨店满减，22.440000,,,2021-01-23 13:20:44,2021-01-23 13:20:50,,,2021-01-23 15:50:48,,山东省,菏泽市,单县,
TAOBAO,ceres旗舰店,3fbf5b6a7729c5d3580c60ec16730a0d,smanyangkun,="1531434098677703762",普通订单,交易成功,,1,291.17,0.0,0.0,0.0,905.83,taojinbi，7.830000;年货囤货购物券，10.000000;2021天猫年货节跨店满减，30.000000;年货价，858.000000,,白1红1双支自饮套餐*1  白猫酒塞*1,2021-01-22 21:35:20,2021-01-22 21:35:26,,,2021-01-23 15:24:30,2021-01-24 20:40:00,浙江省,杭州市,江干区,
TAOBAO,ceres旗舰店,7d285382c0c7cf124dd9aa70c04bd8b2,孙信雪1974,="1531455624556217733",普通订单,等待买家确认收货,,2,632.0,0.0,0.0,0.0,1684.0,2021天猫年货节跨店满减，60.000000;年货价，1604.000000;年货囤货购物券，10.000000;10，10.000000,,,2021-01-23 13:42:05,2021-01-23 13:42:16,,,2021-01-23 15:50:50,,山东省,青岛市,市北区,
TAOBAO,ceres旗舰店,ba25edf8f3b56f0d19f7575b2b3d8d81,t_1493031216191_0678,="1531456525139283272",普通订单,交易成功,,1,288.83,0.0,0.0,0.0,908.17,年货囤货购物券，10.000000;年货价，858.000000;taojinbi，10.170000;2021天猫年货节跨店满减，30.000000,,,2021-01-23 02:00:06,2021-01-23 02:01:06,,,2021-01-23 15:46:29,2021-01-26 09:12:10,辽宁省,辽阳市,宏伟区,
TAOBAO,ceres旗舰店,f424167d7c2e01e88d629b21f9badb30,张敏霞zmx,="1531460089465366952",普通订单,等待买家确认收货,,1,298.99,0.0,0.0,0.0,859.01,taojinbi，0.010000;2021天猫年货节跨店满减，30.000000;年货价，819.000000;年货囤货购物券，10.000000,,,2021-01-23 02:17:58,2021-01-23 02:18:05,,,2021-01-23 15:40:24,,江苏省,无锡市,江阴市,
TAOBAO,ceres旗舰店,4b68bc1f9267caac3b826840fd87559b,kingofhades,="1531490402051334059",普通订单,等待买家确认收货,,1,335.32,0.0,0.0,0.0,861.68,taojinbi，3.680000;2021天猫年货节跨店满减，30.000000;年货价，828.000000,,,2021-01-22 21:59:35,2021-01-22 21:59:42,,,2021-01-23 15:40:24,,浙江省,杭州市,西湖区,
TAOBAO,ceres旗舰店,4ad325eee3fb61f2c5722748ee8e77b2,tb779523430,="1531547316727707715",普通订单,交易成功,,1,317.93,0.0,0.0,0.0,840.07,2021天猫年货节跨店满减，30.000000;年货价，789.000000;年货囤货购物券，10.000000;taojinbi，11.070000,,发顺丰！！白2*1 红2*1 白2礼盒*1 红2礼盒*1 白狗酒塞*1  确认收货退差价10元,2021-01-23 14:21:13,2021-01-23 14:21:24,,,2021-01-23 15:15:39,2021-01-26 11:55:55,山西省,临汾市,翼城县,
TAOBAO,ceres旗舰店,be26f2862c3a0cf4dca71dd3423c1ac4,齐的元宝,="1531557578393293749",普通订单,等待买家确认收货,,1,288.83,0.0,0.0,0.0,869.17,2021天猫年货节跨店满减，30.000000;年货价，819.000000;年货囤货购物券，10.000000;taojinbi，10.170000,,白2红2双支自饮套餐*1  白狗酒塞*1,2021-01-22 22:34:03,2021-01-22 22:34:07,,,2021-01-23 15:24:31,,安徽省,六安市,裕安区,
TAOBAO,ceres旗舰店,c8158f6440525ae1437629431c5b6d2c,cytongtongkun,="1531559378896746750",普通订单,等待买家确认收货,,1,295.87,0.0,0.0,0.0,901.13,2021天猫年货节跨店满减，30.000000;年货价，858.000000;taojinbi，3.130000;年货囤货购物券，10.000000,,,2021-01-22 22:35:56,2021-01-22 22:36:04,,,2021-01-23 15:50:49,,广东省,深圳市,龙华区,
TAOBAO,ceres旗舰店,9e61b51f72e1d48afee64d3612889fd0,tb1765148_2011,="1531607726801505546",普通订单,等待买家确认收货,,1,334.95,0.0,0.0,0.0,821.05,年货囤货购物券，10.000000;2021天猫年货节跨店满减，30.000000;taojinbi，1.050000;年货价，780.000000,,,2021-01-22 23:02:19,2021-01-22 23:03:04,,,2021-01-23 15:40:24,,上海市,市辖区,浦东新区,
TAOBAO,ceres旗舰店,82c42a77b2b6fd699a5cfbd3c54b2fad,icicle666,="1531675730873695637",普通订单,交易成功,,3,2591.18,0.0,0.0,0.0,100.0,100，100.000000,,红3双支礼盒套餐*1  白3红3双支礼盒套餐*2  红3*1  白狗酒塞*1  退100差价,2021-01-22 23:46:51,2021-01-22 23:46:56,,,2021-01-23 15:24:30,2021-01-27 20:36:37,四川省,成都市,新都区,
TAOBAO,ceres旗舰店,1cc63242cb61b49dbf594c4b86790aff,songxuejiang,="1531682391089927723",普通订单,等待买家确认收货,,1,332.53,0.0,0.0,0.0,864.47,年货价，828.000000;2021天猫年货节跨店满减，32.700000;taojinbi，3.770000,,白1红1双支礼盒套餐*1  白猫酒塞*1,2021-01-22 21:35:00,2021-01-22 21:35:07,,,2021-01-23 15:24:30,,海南省,省直辖县级行政区划,文昌市,
TAOBAO,ceres旗舰店,d52cf8eef77fb37e4d532223eb203e22,杂货基地,="1531723863717188267",普通订单,等待买家确认收货,,1,888.0,0.0,0.0,0.0,1896.0,年货囤货购物券，10.000000;2021天猫年货节跨店满减，90.000000;年货价，1766.000000;30，30.000000,,,2021-01-22 21:55:18,2021-01-22 21:55:22,,,2021-01-23 15:50:48,,山东省,青岛市,即墨区,
TAOBAO,ceres旗舰店,87878fe59f0ea8a368bc994aa4e838cc,湛蓝的你,="1531788122234259324",普通订单,交易成功,,3,834.26,0.0,0.0,0.0,30.0,30，30.000000,,买6瓶送1瓶【数云备注】,2021-01-23 01:52:05,2021-01-23 01:53:32,,,2021-01-23 15:24:29,2021-01-28 14:00:44,云南省,德宏傣族景颇族自治州,芒市,
TAOBAO,ceres旗舰店,5d3e8f0849bb6f9a9e356a0a703d2da0,放下过去鑫雨季,="1531820305063194271",普通订单,等待买家确认收货,,1,992.88,0.0,0.0,0.0,2571.12,年货囤货购物券，10.000000;2021天猫年货节跨店满减，90.000000;年货价，2436.000000;taojinbi，5.120000;30，30.000000,,买6瓶送1瓶【数云备注】,2021-01-23 10:43:42,2021-01-23 10:44:09,,,2021-01-23 15:13:51,,内蒙古自治区,包头市,青山区,
TAOBAO,ceres旗舰店,c1eaeb03c7295ee3aba884724502fbf4,jaj大吉,="1531849754607388869",普通订单,交易成功,,1,928.0,0.0,0.0,0.0,1856.0,30，30.000000;2021天猫年货节跨店满减，90.000000;年货价，1726.000000;年货囤货购物券，10.000000,,,2021-01-23 07:19:54,2021-01-23 07:20:37,,,2021-01-23 15:40:24,2021-01-27 17:21:54,江苏省,南京市,栖霞区,
TAOBAO,ceres旗舰店,40d69c6b5d82c9f171dfd691e37c0b79,yjzlaw,="1531885431223069113",普通订单,等待买家确认收货,,1,317.93,0.0,0.0,0.0,879.07,年货价，828.000000;年货囤货购物券，10.000000;taojinbi，11.070000;2021天猫年货节跨店满减，30.000000,,,2021-01-22 23:17:56,2021-01-22 23:18:00,,,2021-01-23 15:50:49,,北京市,市辖区,石景山区,
TAOBAO,ceres旗舰店,6a5b82dbe6f7c435e1072f03581b951a,zhijia101021,="1531977338395042757",普通订单,等待买家确认收货,,2,640.42,0.0,0.0,0.0,1675.58,年货价，1604.000000;2021天猫年货节跨店满减，60.000000;taojinbi，1.580000;年货囤货购物券，10.000000,,白2双支礼盒套餐*2  爱心酒塞*1 ,2021-01-23 09:19:08,2021-01-23 09:19:16,,,2021-01-23 15:24:30,,河南省,郑州市,中原区,
TAOBAO,ceres旗舰店,0e2a6022adc1311758c701a6b475c6b9,心之灵动88,="1531981551473407243",普通订单,等待买家确认收货,,1,319.43,0.0,0.0,0.0,877.57,taojinbi，2.980000;年货价，828.000000;2021天猫年货节跨店满减，36.590000;年货囤货购物券，10.000000,,白1红1双支礼盒套餐*1  白狗酒塞*1,2021-01-23 00:26:39,2021-01-23 00:26:43,,,2021-01-23 15:24:31,,上海市,市辖区,静安区,
TAOBAO,ceres旗舰店,6a05efa7eb834a6c4b76da872a39a85f,sanctifieral,="1531995948975084445",普通订单,交易成功,,1,178.88,0.0,0.0,0.0,415.12,年货价，415.000000;taojinbi，0.120000,,,2021-01-23 17:26:54,2021-01-23 17:26:58,,,2021-01-23 17:49:33,2021-01-27 20:11:29,四川省,乐山市,市中区,
TAOBAO,ceres旗舰店,d7f7652c9ec70e35218ba2ab92c96f6c,white丶宇,="1532005706866042440",普通订单,等待买家确认收货,,2,652.52,0.0,0.0,0.0,1663.48,taojinbi，5.480000;2021天猫年货节跨店满减，60.000000;年货囤货购物券，10.000000;年货价，1578.000000;10，10.000000,,发顺丰！！！ 白2红2双支礼盒套餐*1  黑狗酒塞*1 ,2021-01-23 09:38:42,2021-01-23 09:38:48,,,2021-01-23 15:13:51,,吉林省,长春市,南关区,
TAOBAO,ceres旗舰店,56d5641b18e01cea57b18e125b32f6cf,翰翰熊,="1532023994386235636",普通订单,等待买家确认收货,,1,298.69,0.0,0.0,0.0,898.31,年货价，858.000000;年货囤货购物券，10.000000;taojinbi，0.310000;2021天猫年货节跨店满减，30.000000,,白1红1双支自饮套餐*1 白狗酒塞*1,2021-01-23 09:46:23,2021-01-23 09:46:27,,,2021-01-23 15:24:30,,浙江省,杭州市,江干区,
TAOBAO,ceres旗舰店,4531b87d2887253eb3ffbba5aa7d1a87,龙啸九天t,="1532053226836600176",普通订单,交易成功,,1,327.29,0.0,0.0,0.0,869.71,年货价，828.000000;taojinbi，1.710000;年货囤货购物券，10.000000;2021天猫年货节跨店满减，30.000000,,,2021-01-23 10:02:28,2021-01-23 10:02:33,,,2021-01-23 15:40:24,2021-02-01 18:34:26,江苏省,徐州市,鼓楼区,
TAOBAO,ceres旗舰店,b19b89bc3dd476ea9c1ab974ae0bfd4c,新网数据,="1532171595230406974",普通订单,等待买家确认收货,,1,296.0,0.0,0.0,0.0,862.0,2021天猫年货节跨店满减，30.000000;年货价，832.000000,,,2021-01-23 08:40:28,2021-01-23 08:40:31,,,2021-01-23 15:50:50,,广东省,广州市,天河区,
TAOBAO,ceres旗舰店,af73d48a09c5d0c192417ed506922be4,小鬼靖靖fiona,="1532232000443273936",普通订单,等待买家确认收货,,1,276.22,0.0,0.0,0.0,881.78,2021天猫年货节跨店满减，30.000000;taojinbi，9.780000;年货价，832.000000;年货囤货购物券，10.000000,,,2021-01-23 18:58:27,2021-01-23 18:58:38,,,2021-01-24 15:15:18,,广东省,东莞市,,
TAOBAO,ceres旗舰店,77fca113cf75f7887d04e520f43d6581,陌上微凉momo,="1532349469676602665",普通订单,交易成功,,1,295.8,0.0,0.0,0.0,862.2,年货价，819.000000;2021天猫年货节跨店满减，30.000000;taojinbi，3.200000;年货囤货购物券，10.000000,,,2021-01-23 13:51:46,2021-01-23 13:51:55,,,2021-01-23 15:40:24,2021-01-27 11:48:13,浙江省,杭州市,萧山区,
TAOBAO,ceres旗舰店,c005dbd52d488b4ed31620f0ca46b74b,lcbwell,="1532391194604329157",普通订单,等待买家确认收货,,1,307.78,0.0,0.0,0.0,850.22,年货囤货购物券，10.000000;taojinbi，6.040000;2021天猫年货节跨店满减，32.180000;年货价，802.000000,,,2021-01-23 11:55:07,2021-01-23 11:55:16,,,2021-01-23 15:50:50,,山东省,青岛市,城阳区,
TAOBAO,ceres旗舰店,3ae762bbc72a4983bdf2ea52dfb998c6,w_qqian,="1532426943251525171",普通订单,等待买家确认收货,,1,285.21,0.0,0.0,0.0,911.79,2021天猫年货节跨店满减，33.620000;年货囤货购物券，10.000000;年货价，858.000000;taojinbi，10.170000,,,2021-01-23 10:51:01,2021-01-23 10:51:18,,,2021-01-23 15:50:49,,北京市,市辖区,海淀区,
TAOBAO,ceres旗舰店,cc36e7a0d9e65f1276119265ca67161d,还差一秒就,="1532603631830698927",普通订单,交易成功,,1,318.03,0.0,0.0,0.0,878.97,2021天猫年货节跨店满减，35.480000;年货价，828.000000;年货囤货购物券，10.000000;taojinbi，5.490000,,发顺丰！！,2021-01-23 11:45:31,2021-01-23 11:45:46,,,2021-01-23 15:38:48,2021-01-27 13:59:02,江苏省,南京市,栖霞区,
TAOBAO,ceres旗舰店,90771ae4aa52566970ed111fb86b0fdd,南瓜男爵,="1532666520663704946",普通订单,交易成功,,1,363.05,0.0,0.0,0.0,1004.95,taojinbi，12.480000;2021天猫年货节跨店满减，40.470000;年货价，952.000000,,,2021-01-23 22:01:23,2021-01-23 22:01:31,,,2021-01-24 15:15:16,2021-01-27 12:25:21,浙江省,舟山市,普陀区,
TAOBAO,ceres旗舰店,b3eacc422f2dc9cb230cea256c3cdd85,coolfeel0439,="1532779992326722267",普通订单,交易成功,,1,349.51,0.0,0.0,0.0,847.49,2021天猫年货节跨店满减，19.490000;年货价，828.000000,,白1红1双支礼盒装*1  白狗酒塞*1,2021-01-23 22:55:18,2021-01-23 22:55:24,,,2021-01-24 13:34:14,2021-01-26 17:57:57,辽宁省,沈阳市,皇姑区,
TAOBAO,ceres旗舰店,f3165ab1cfe79862365b42aaca62c4e6,18213007020寸,="1532885438596566221",普通订单,等待买家确认收货,,1,296.0,0.0,0.0,0.0,862.0,年货价，832.000000;2021天猫年货节跨店满减，30.000000,,,2021-01-23 15:09:13,2021-01-23 15:09:24,,,2021-01-23 17:49:32,,云南省,昆明市,寻甸回族彝族自治县,
TAOBAO,ceres旗舰店,38b1343a4720fda82c59d48ce0c86305,z576727588,="1532915352309096613",普通订单,等待买家确认收货,,1,298.26,0.0,0.0,0.0,898.74,taojinbi，0.740000;2021天猫年货节跨店满减，30.000000;年货价，858.000000;年货囤货购物券，10.000000,,白1红1双支自饮套餐*1 香槟杯*2,2021-01-24 00:21:27,2021-01-24 00:21:33,,,2021-01-24 13:40:35,,海南省,海口市,琼山区,
TAOBAO,ceres旗舰店,4608950e5c2f6beb61007a4eb129db03,yxp9234,="1532936702704650433",普通订单,等待买家确认收货,,2,607.64,0.0,0.0,0.0,10.0,10，10.000000,,,2021-01-23 15:31:32,2021-01-23 15:32:12,,,2021-01-23 17:49:33,,贵州省,黔西南布依族苗族自治州,兴义市,
TAOBAO,ceres旗舰店,4e7bbd96057f356f183f790d31ad0ab6,唯依的你,="1532959776866936586",普通订单,等待买家确认收货,,1,295.47,0.0,0.0,0.0,862.53,taojinbi，10.170000;年货价，819.000000;2021天猫年货节跨店满减，33.360000,,,2021-01-24 01:14:53,2021-01-24 01:15:02,,,2021-01-24 15:15:17,,安徽省,淮南市,田家庵区,
TAOBAO,ceres旗舰店,615154127ced365177d08f5c1c4f8996,束米麦,="1533002148306912177",普通订单,等待买家确认收货,,1,288.83,0.0,0.0,0.0,869.17,2021天猫年货节跨店满减，30.000000;taojinbi，10.170000;年货囤货购物券，10.000000;年货价，819.000000,,,2021-01-24 03:20:23,2021-01-24 03:20:28,,,2021-01-24 15:15:17,,贵州省,铜仁市,碧江区,
TAOBAO,ceres旗舰店,7ac5ca6196ff5cc1135acb380ab037fe,路121366,="1533040237670630845",普通订单,等待买家确认收货,,1,299.0,0.0,0.0,0.0,898.0,2021天猫年货节跨店满减，30.000000;年货价，858.000000;年货囤货购物券，10.000000,,白1红1双支自饮套餐*1  黑狗酒塞*1,2021-01-23 18:29:18,2021-01-23 18:29:27,,,2021-01-24 13:40:35,,上海市,市辖区,浦东新区,
TAOBAO,ceres旗舰店,945a38cc94bbc55033796057214f59b7,咙咙成,="1533209436184523322",普通订单,等待买家确认收货,,1,295.01,0.0,0.0,0.0,901.99,2021天猫年货节跨店满减，33.820000;年货价，858.000000;taojinbi，10.170000,,,2021-01-24 09:42:22,2021-01-24 09:42:32,,,2021-01-24 15:15:16,,四川省,泸州市,龙马潭区,
TAOBAO,ceres旗舰店,c1375a22add1341af3d14ef90cd08ddc,胡紫朗布,="1533365929611582238",普通订单,交易成功,,1,299.0,0.0,0.0,0.0,859.0,年货囤货购物券，10.000000;年货价，819.000000;2021天猫年货节跨店满减，30.000000,,差价25  已退,2021-01-23 20:40:56,2021-01-23 20:41:02,,,2021-01-24 15:15:19,2021-01-25 12:45:19,上海市,市辖区,虹口区,
TAOBAO,ceres旗舰店,b16008ead8d7520202d2e9ea1b3420ba,fx19770218,="1533369531277319452",普通订单,等待买家确认收货,,1,290.54,0.0,0.0,0.0,867.46,年货价，819.000000;taojinbi，8.460000;年货囤货购物券，10.000000;2021天猫年货节跨店满减，30.000000,,,2021-01-23 16:48:12,2021-01-23 16:48:22,,,2021-01-23 17:49:34,,浙江省,杭州市,余杭区,
TAOBAO,ceres旗舰店,0a6b22fa336f7b77ba94dcde542df31c,陈洁洁洁cj,="1533378708945706421",普通订单,交易成功,,1,299.0,0.0,0.0,0.0,898.0,年货价，858.000000;年货囤货购物券，10.000000;2021天猫年货节跨店满减，30.000000,,,2021-01-24 10:55:42,2021-01-24 10:55:53,,,2021-01-24 15:15:17,2021-01-29 11:03:57,上海市,市辖区,虹口区,
TAOBAO,ceres旗舰店,9f3885b67714ae58d0777f74b53cc345,叫我小公举1228,="1533411000107546883",普通订单,等待买家确认收货,,1,299.0,0.0,0.0,0.0,859.0,年货囤货购物券，10.000000;年货价，819.000000;2021天猫年货节跨店满减，30.000000,,,2021-01-24 11:05:49,2021-01-24 11:07:15,,,2021-01-24 15:15:17,,安徽省,马鞍山市,含山县,
TAOBAO,ceres旗舰店,32f5a6a3dca20b1899e0664c6865f483,radiison,="1533491354028380968",普通订单,等待买家确认收货,,1,286.0,0.0,0.0,0.0,872.0,年货价，832.000000;年货囤货购物券，10.000000;2021天猫年货节跨店满减，30.000000,,白2双支自饮套餐*1  随机酒塞*1,2021-01-23 19:08:14,2021-01-23 19:08:18,,,2021-01-24 13:40:35,,浙江省,舟山市,普陀区,
TAOBAO,ceres旗舰店,d617e8a59fd907fef549fad5c3d2ddf1,时光时光483707668,="1533687735627260863",普通订单,交易成功,,2,578.94,0.0,0.0,0.0,1737.06,年货价，1664.000000;taojinbi，3.060000;年货囤货购物券，10.000000;2021天猫年货节跨店满减，60.000000,,,2021-01-23 18:48:58,2021-01-23 18:49:03,,,2021-01-24 15:15:18,2021-01-31 11:43:55,湖南省,长沙市,岳麓区,
TAOBAO,ceres旗舰店,049283eaf3924491086d5e3f81c2bce3,celiascming,="1533718838923878564",普通订单,等待买家确认收货,,1,777.67,0.0,0.0,0.0,2006.33,taojinbi，10.330000;年货价，1866.000000;年货囤货购物券，10.000000;2021天猫年货节跨店满减，90.000000;30，30.000000,,白3双支礼盒套餐*1  兔子酒塞*1,2021-01-23 20:44:03,2021-01-23 20:44:08,,,2021-01-24 13:40:34,,上海市,市辖区,浦东新区,
TAOBAO,ceres旗舰店,2cee84bd2a23c68e0c72b381dc037391,木木草水少,="1533769381721962125",普通订单,等待买家确认收货,,1,316.0,0.0,0.0,0.0,842.0,2021天猫年货节跨店满减，30.000000;年货囤货购物券，10.000000;年货价，802.000000,,,2021-01-23 23:59:23,2021-01-23 23:59:29,,,2021-01-24 15:15:18,,浙江省,温州市,瑞安市,
TAOBAO,ceres旗舰店,cb1f29109835753bf3e1b2bdb4c5b34e,lnqazxsw,="1533771757098907029",普通订单,等待买家确认收货,,1,298.86,0.0,0.0,0.0,898.14,2021天猫年货节跨店满减，30.000000;年货囤货购物券，10.000000;年货价，858.000000;taojinbi，0.140000,,,2021-01-23 23:58:47,2021-01-23 23:58:52,,,2021-01-24 15:15:16,,广东省,深圳市,龙华区,
TAOBAO,ceres旗舰店,a707a917173b3f223b47882d254cf4ec,ly411069378,="1533838574235642426",普通订单,交易成功,,1,872.73,0.0,0.0,0.0,1911.27,年货价，1766.000000;30，30.000000;年货囤货购物券，10.000000;2021天猫年货节跨店满减，90.000000;taojinbi，15.270000,,发顺丰 白3红3双支礼盒套餐*1   随机酒塞*1,2021-01-23 21:34:01,2021-01-23 21:34:09,,,2021-01-24 13:35:22,2021-01-31 12:28:16,云南省,德宏傣族景颇族自治州,芒市,
TAOBAO,ceres旗舰店,3df1ae07bb1349d9e223cd9005add468,恐龙mm小清新,="1533931382358469785",普通订单,等待买家确认收货,,1,357.99,0.0,0.0,0.0,1016.01,2021天猫年货节跨店满减，30.000000;年货价，976.000000;年货囤货购物券，10.000000;taojinbi，0.010000,,,2021-01-23 22:16:59,2021-01-23 22:17:14,,,2021-01-24 15:15:17,,山东省,青岛市,城阳区,
TAOBAO,ceres旗舰店,945a38cc94bbc55033796057214f59b7,咙咙成,="1534070881011523322",普通订单,等待买家确认收货,,1,287.99,0.0,0.0,0.0,870.01,年货囤货购物券，10.000000;年货价，832.000000;2021天猫年货节跨店满减，18.230000;taojinbi，9.780000,,,2021-01-24 09:32:06,2021-01-24 09:33:08,,,2021-01-24 15:15:18,,四川省,泸州市,龙马潭区,
TAOBAO,ceres旗舰店,945a38cc94bbc55033796057214f59b7,咙咙成,="1534113973233523322",普通订单,等待买家确认收货,,1,276.22,0.0,0.0,0.0,881.78,年货价，832.000000;taojinbi，9.780000;2021天猫年货节跨店满减，30.000000;年货囤货购物券，10.000000,,白1双支自饮套餐*1  白1*1 ,2021-01-24 09:56:51,2021-01-24 09:57:03,,,2021-01-24 13:40:35,,四川省,成都市,成华区,
TAOBAO,ceres旗舰店,8d6d09f6735bade5b5b0ccdf9eba7c03,t_1491810976369_0824,="1534163366470306814",普通订单,等待买家确认收货,,1,327.92,0.0,0.0,0.0,830.08,2021天猫年货节跨店满减，30.000000;年货囤货购物券，10.000000;taojinbi，1.080000;年货价，789.000000,,白2红2双支礼盒套餐*1  白猫酒塞*1 ,2021-01-24 00:42:21,2021-01-24 00:42:30,,,2021-01-24 14:17:54,,福建省,泉州市,晋江市,
TAOBAO,ceres旗舰店,ef6b0dc60919a3a88fe6767df9e08695,枫间雅阁,="1534237491062433336",普通订单,等待买家确认收货,,2,626.04,0.0,0.0,0.0,10.0,10，10.000000,,,2021-01-23 22:43:34,2021-01-23 22:43:46,,,2021-01-24 15:15:17,,江苏省,苏州市,苏州工业园区,
TAOBAO,ceres旗舰店,ef6b0dc60919a3a88fe6767df9e08695,枫间雅阁,="1534241343139433336",普通订单,等待买家确认收货,,1,299.0,0.0,0.0,0.0,859.0,年货囤货购物券，10.000000;2021天猫年货节跨店满减，30.000000;年货价，819.000000,,白2红2双支自饮套餐*1  红2*1  ,2021-01-23 22:45:55,2021-01-23 22:46:08,,,2021-01-24 13:40:35,,江苏省,苏州市,苏州工业园区,
TAOBAO,ceres旗舰店,ad954d1b71915e6cc360630828e18ea2,ababy0519,="1534316727974060455",普通订单,等待买家确认收货,,1,338.62,0.0,0.0,0.0,858.38,2021天猫年货节跨店满减，30.000000;taojinbi，0.380000;年货价，828.000000,,,2021-01-23 23:30:53,2021-01-23 23:31:04,,,2021-01-24 15:15:18,,湖南省,邵阳市,大祥区,
TAOBAO,ceres旗舰店,8e12516605d5dd57c3ff13f26a19c4f2,liijing1980,="1534544967556323366",普通订单,交易成功,,2,644.0,0.0,0.0,0.0,10.0,10，10.000000,,,2021-01-24 08:01:38,2021-01-24 08:01:52,,,2021-01-24 15:15:18,2021-01-28 15:29:33,广东省,深圳市,龙华区,
TAOBAO,ceres旗舰店,578a4bf5a2187e5f09c78c09c9dc7a6a,bibocom,="1534746927628277123",普通订单,等待买家确认收货,,1,315.99,0.0,0.0,0.0,842.01,年货价，802.000000;2021天猫年货节跨店满减，30.000000;年货囤货购物券，10.000000;taojinbi，0.010000,,白1双支礼盒套餐*1  黑猫酒塞*1 ,2021-01-24 10:14:17,2021-01-24 10:14:27,,,2021-01-24 13:40:35,,湖南省,长沙市,宁乡市,
TAOBAO,ceres旗舰店,67da7756d3ee0f5f1eb6abd01362907a,萤萤小火虫,="1534872600434787875",普通订单,交易成功,,1,358.0,0.0,0.0,0.0,1016.0,年货价，976.000000;2021天猫年货节跨店满减，30.000000;年货囤货购物券，10.000000,,,2021-01-24 20:27:34,2021-01-24 20:27:39,,,2021-01-25 15:31:33,2021-01-30 22:02:07,海南省,省直辖县级行政区划,保亭黎族苗族自治县,
TAOBAO,ceres旗舰店,dcd7c4c263cc6d1cdd7c414926607c85,王洛购物,="1534898952843065637",普通订单,交易成功,,3,971.0,0.0,0.0,0.0,2503.0,2021天猫年货节跨店满减，90.000000;年货价，2367.000000;taojinbi，6.000000;年货囤货购物券，10.000000;30，30.000000,,买6瓶送1瓶【数云备注】,2021-01-24 20:39:37,2021-01-24 20:39:42,,,2021-01-25 14:09:57,2021-01-28 07:23:32,湖南省,长沙市,开福区,
TAOBAO,ceres旗舰店,cc0b239314ee091714c2e00ccee938aa,蕾丝屋精品女装,="1534939598642324348",普通订单,交易成功,,1,328.98,0.0,0.0,0.0,868.02,taojinbi，0.020000;2021天猫年货节跨店满减，30.000000;年货价，828.000000;年货囤货购物券，10.000000,,,2021-01-24 12:47:47,2021-01-24 12:48:01,,,2021-01-24 15:15:17,2021-01-27 14:03:01,浙江省,宁波市,鄞州区,
TAOBAO,ceres旗舰店,1a8b81d7771d6a4bdba719819032ba05,无可取代19893740,="1534940173239581756",普通订单,交易成功,,1,937.9,0.0,0.0,0.0,2536.1,2021天猫年货节跨店满减，103.370000;年货囤货购物券，10.000000;taojinbi，6.730000;年货价，2386.000000;30，30.000000,,买6瓶送1瓶【数云备注】,2021-01-24 15:02:30,2021-01-24 15:02:36,,,2021-01-24 15:15:17,2021-01-28 16:00:07,上海市,市辖区,嘉定区,
TAOBAO,ceres旗舰店,9b88f946ee0270d389a312e51a96af3a,s心醉,="1535106996064893044",普通订单,等待买家确认收货,,1,276.22,0.0,0.0,0.0,881.78,年货囤货购物券，10.000000;2021天猫年货节跨店满减，30.000000;taojinbi，9.780000;年货价，832.000000,,,2021-01-24 22:07:39,2021-01-24 22:07:53,,,2021-01-25 15:31:34,,北京市,市辖区,朝阳区,
TAOBAO,ceres旗舰店,7ffb98c4a99099bbd9d8e0a3516741d5,印象红魔,="1535183208819563867",普通订单,交易成功,,1,288.83,0.0,0.0,0.0,869.17,taojinbi，10.170000;年货价，819.000000;年货囤货购物券，10.000000;2021天猫年货节跨店满减，30.000000,,,2021-01-24 22:45:46,2021-01-24 22:45:56,,,2021-01-25 15:31:31,2021-01-28 19:00:21,天津市,市辖区,河东区,
TAOBAO,ceres旗舰店,8e12516605d5dd57c3ff13f26a19c4f2,liijing1980,="1535190518704323366",普通订单,交易成功,,1,299.0,0.0,0.0,0.0,898.0,年货囤货购物券，10.000000;2021天猫年货节跨店满减，30.000000;年货价，858.000000,,白1红1双支自饮套餐*1  白1*1  白猫酒塞*1 ,2021-01-24 14:28:13,2021-01-24 14:28:42,,,2021-01-24 15:15:16,2021-01-28 15:30:42,广东省,深圳市,龙华区,
TAOBAO,ceres旗舰店,4f0a271a4dc430432036af1553c3aaad,t_1501843761779_0597,="1535233861095908380",普通订单,等待买家确认收货,,1,308.95,0.0,0.0,0.0,888.05,年货价，858.000000;taojinbi，0.050000;2021天猫年货节跨店满减，30.000000,,,2021-01-24 16:59:11,2021-01-24 16:59:28,,,2021-01-24 17:39:27,,浙江省,杭州市,西湖区,
TAOBAO,ceres旗舰店,980f0bc0d54c5242b4678d484d56151b,m18616011118,="1535244840973728881",普通订单,等待买家确认收货,,1,315.55,0.0,0.0,0.0,842.45,年货价，802.000000;taojinbi，0.450000;年货囤货购物券，10.000000;2021天猫年货节跨店满减，30.000000,,,2021-01-24 23:18:32,2021-01-24 23:18:41,,,2021-01-25 15:31:32,,上海市,市辖区,杨浦区,
TAOBAO,ceres旗舰店,c6d89cbb74dde554cd97e3a31cd6a56f,永远永远的小胖子,="1535249413606663267",普通订单,等待买家确认收货,,1,359.0,0.0,0.0,0.0,838.0,2021天猫年货节跨店满减，30.000000;年货价，808.000000,,,2021-01-24 17:06:23,2021-01-24 17:06:26,,,2021-01-24 17:39:26,,山东省,青岛市,平度市,
TAOBAO,ceres旗舰店,c0629b52bae19003ea50f3b627e81cc2,anjia19821123,="1535311332247893182",普通订单,等待买家确认收货,,1,329.0,0.0,0.0,0.0,829.0,2021天猫年货节跨店满减，30.000000;年货囤货购物券，10.000000;年货价，789.000000,,,2021-01-24 23:58:15,2021-01-24 23:58:24,,,2021-01-25 15:31:33,,北京市,市辖区,昌平区,
TAOBAO,ceres旗舰店,0250aac3e79199893dc5324a35b29fc3,sora0314,="1535334949518017956",普通订单,等待买家确认收货,,1,173.33,0.0,0.0,0.0,420.67,年货价，405.000000;taojinbi，5.670000;年货囤货购物券，10.000000,,,2021-01-24 17:37:17,2021-01-24 17:37:21,,,2021-01-25 15:31:31,,北京市,市辖区,海淀区,
TAOBAO,ceres旗舰店,1567fa9241bf87bacf57b16d19daccce,khtf570,="1535375847871290363",普通订单,交易成功,,1,323.72,0.0,0.0,0.0,834.28,2021天猫年货节跨店满减，24.710000;taojinbi，10.570000;年货囤货购物券，10.000000;年货价，789.000000,,,2021-01-24 14:00:57,2021-01-24 14:01:05,,,2021-01-24 17:39:26,2021-01-28 19:24:39,云南省,昆明市,安宁市,
TAOBAO,ceres旗舰店,4c2790a24f361f841a279578f73cd67b,laladudu002,="1535377680887286240",普通订单,等待买家确认收货,,1,378.45,0.0,0.0,0.0,995.55,年货价，946.000000;2021天猫年货节跨店满减，30.000000;taojinbi，9.550000;年货囤货购物券，10.000000,,,2021-01-25 01:02:23,2021-01-25 01:02:30,,,2021-01-25 15:31:32,,陕西省,渭南市,华州区,
TAOBAO,ceres旗舰店,7a14c0206380536a2076cbad382f8ab9,chu-yaoying,="1535588317916739043",普通订单,等待买家确认收货,,1,288.83,0.0,0.0,0.0,908.17,taojinbi，10.170000;2021天猫年货节跨店满减，30.000000;年货囤货购物券，10.000000;年货价，858.000000,,白1红1双支自饮套餐*1  白狗酒塞*1,2021-01-24 19:17:20,2021-01-24 19:17:27,,,2021-01-25 14:09:57,,浙江省,湖州市,德清县,
TAOBAO,ceres旗舰店,95407b640667be94e4643c35a47531d9,givemebreak1,="1535653872664989686",普通订单,交易成功,,1,288.83,0.0,0.0,0.0,869.17,taojinbi，10.170000;2021天猫年货节跨店满减，30.000000;年货囤货购物券，10.000000;年货价，819.000000,,,2021-01-25 10:00:11,2021-01-25 10:00:17,,,2021-01-25 15:29:09,2021-01-29 12:04:00,辽宁省,大连市,沙河口区,
TAOBAO,ceres旗舰店,c36a1ca9707b81dcca609e2a19377108,贝贝的宝贝99929,="1535722272202967985",普通订单,等待买家确认收货,,1,328.46,0.0,0.0,0.0,868.54,年货囤货购物券，10.000000;taojinbi，0.540000;2021天猫年货节跨店满减，30.000000;年货价，828.000000,,,2021-01-25 10:31:21,2021-01-25 10:31:26,,,2021-01-25 15:31:32,,上海市,市辖区,松江区,
TAOBAO,ceres旗舰店,53bb922612a7000b764bf004b0397b6a,陌上沫幼,="1535758525809856327",普通订单,等待买家确认收货,,1,868.09,0.0,0.0,0.0,1915.91,taojinbi，29.910000;2021天猫年货节跨店满减，90.000000;30，30.000000;年货价，1766.000000,,,2021-01-24 20:26:39,2021-01-24 20:26:43,,,2021-01-25 15:31:32,,浙江省,宁波市,余姚市,
TAOBAO,ceres旗舰店,8057feb5631fe70837c672bf1376f460,zixumml,="1535767383307128072",普通订单,等待买家确认收货,,1,286.0,0.0,0.0,0.0,872.0,年货囤货购物券，10.000000;2021天猫年货节跨店满减，30.000000;年货价，832.000000,,白1双支自饮套餐*1  小鹿酒塞*1 ,2021-01-24 16:39:06,2021-01-24 16:39:12,,,2021-01-24 17:20:24,,广西壮族自治区,钦州市,浦北县,
TAOBAO,ceres旗舰店,588c48465c5b61b00b21d52e6d2073b4,xbtsw,="1535775303888847626",普通订单,等待买家确认收货,,1,318.97,0.0,0.0,0.0,839.03,taojinbi，10.030000;2021天猫年货节跨店满减，30.000000;年货价，789.000000;年货囤货购物券，10.000000,,,2021-01-24 16:42:05,2021-01-24 16:42:14,,,2021-01-24 17:39:27,,江苏省,南京市,玄武区,
TAOBAO,ceres旗舰店,c67d221a78d3f860b60de8d039c67489,芳草歇且从容,="1535778073096804277",普通订单,交易成功,,1,870.85,0.0,0.0,0.0,1913.15,taojinbi，17.150000;年货囤货购物券，10.000000;30，30.000000;2021天猫年货节跨店满减，90.000000;年货价，1766.000000,,白3红3双支自饮套餐*1 收到退50  888元 已退款,2021-01-24 20:33:09,2021-01-24 20:36:45,,,2021-01-25 14:09:58,2021-01-28 11:03:59,浙江省,宁波市,余姚市,
TAOBAO,ceres旗舰店,9ed8171c3d76ef157926a16b98edb86b,千羽落尘,="1535811878878535280",普通订单,交易成功,,1,405.62,0.0,0.0,0.0,791.38,taojinbi，0.380000;年货囤货购物券，10.000000;2021天猫年货节跨店满减，30.000000;年货价，751.000000,,白2红2双支礼盒套餐*1 白猫酒塞*1,2021-01-24 18:28:35,2021-01-24 18:29:04,,,2021-01-25 14:09:57,2021-01-27 17:07:16,湖南省,岳阳市,岳阳楼区,
TAOBAO,ceres旗舰店,805d6da1481d417bdd1c1c08533f8db7,aghan1m,="1535816343249926217",普通订单,等待买家确认收货,,1,321.21,0.0,0.0,0.0,875.79,2021天猫年货节跨店满减，36.720000;taojinbi，11.070000;年货价，828.000000,,,2021-01-24 16:55:41,2021-01-24 16:55:47,,,2021-01-24 17:39:26,,北京市,市辖区,东城区,
TAOBAO,ceres旗舰店,5584c441bb9235918c7d405e74de9684,luojiandi,="1535847193121841151",普通订单,等待买家确认收货,,1,885.9,0.0,0.0,0.0,1898.1,taojinbi，2.100000;2021天猫年货节跨店满减，90.000000;年货价，1766.000000;年货囤货购物券，10.000000;30，30.000000,无需礼盒！,白3红3双支自饮套餐*1 黑狗酒塞*1 退50差价,2021-01-24 21:01:06,2021-01-24 21:01:12,,,2021-01-25 14:09:58,,浙江省,宁波市,慈溪市,
TAOBAO,ceres旗舰店,f981efac8475def17aa6e15b8a98c205,mxj1370,="1535897378894665557",普通订单,等待买家确认收货,,1,317.93,0.0,0.0,0.0,879.07,2021天猫年货节跨店满减，30.000000;年货囤货购物券，10.000000;taojinbi，11.070000;年货价，828.000000,,白1红1双支礼盒套餐*1 白狗酒塞*1,2021-01-24 19:03:38,2021-01-24 19:03:42,,,2021-01-25 14:09:57,,上海市,市辖区,浦东新区,
TAOBAO,ceres旗舰店,ad44d883e987e95e85f37e135c20867a,tb0610909_2012,="1535902203034166167",普通订单,交易成功,,2,1214.0,0.0,0.0,0.0,30.0,30，30.000000,,发顺丰 白3红3礼盒装*1 白2双支礼盒装*1 白猫酒塞*1,2021-01-24 17:26:28,2021-01-24 17:26:38,,,2021-01-24 17:38:39,2021-01-26 20:30:44,河南省,郑州市,金水区,
TAOBAO,ceres旗舰店,0f027f0f4a6dbabfa47d315394e03c53,尤迪安安安安安,="1535962644922020477",普通订单,等待买家确认收货,,1,329.0,0.0,0.0,0.0,829.0,年货囤货购物券，10.000000;年货价，789.000000;2021天猫年货节跨店满减，30.000000,,白2红2礼盒套餐*1 黑狗酒塞*1,2021-01-25 11:48:55,2021-01-25 11:48:59,,,2021-01-25 14:09:58,,广东省,广州市,越秀区,
TAOBAO,ceres旗舰店,64992f79eded67faee1931ed715138ed,依达88,="1536017868861986261",普通订单,等待买家确认收货,,1,317.93,0.0,0.0,0.0,840.07,2021天猫年货节跨店满减，30.000000;taojinbi，11.070000;年货囤货购物券，10.000000;年货价，789.000000,,,2021-01-25 12:08:44,2021-01-25 12:08:51,,,2021-01-25 15:31:34,,江西省,赣州市,兴国县,
TAOBAO,ceres旗舰店,f46361c2c450b1fae68645a0fcb0b261,galaxy791,="1536041413888991249",普通订单,交易成功,,3,914.73,0.0,0.0,0.0,2559.27,30，30.000000;年货价，2406.000000;年货囤货购物券，10.000000;2021天猫年货节跨店满减，106.640000;taojinbi，6.630000,,买6瓶送1瓶【数云备注】,2021-01-24 22:28:00,2021-01-24 22:28:08,,,2021-01-25 14:09:58,2021-01-27 21:52:51,山东省,济南市,槐荫区,
TAOBAO,ceres旗舰店,83de8ec6761dea3ce48e2c982788d528,rongdeer,="1536075974441642433",普通订单,交易成功,,1,299.18,0.0,0.0,0.0,858.82,年货价，832.000000;taojinbi，9.780000;2021天猫年货节跨店满减，17.040000,,,2021-01-24 20:18:29,2021-01-24 20:18:39,,,2021-01-25 15:31:32,2021-01-31 15:49:44,陕西省,西安市,雁塔区,
TAOBAO,ceres旗舰店,f036044b173724c77df75513b7d38471,venbolhf,="1536088860024808854",普通订单,等待买家确认收货,,1,375.16,0.0,0.0,0.0,782.84,2021天猫年货节跨店满减，30.000000;年货价，730.000000;年货囤货购物券，10.000000;taojinbi，12.840000,,,2021-01-25 12:33:15,2021-01-25 12:33:23,,,2021-01-25 15:31:31,,重庆市,市辖区,璧山区,
TAOBAO,ceres旗舰店,ea05995457ccfac5e7d06cb72f2c1d1b,啵啵670,="1536094262751197544",普通订单,交易成功,,1,328.79,0.0,0.0,0.0,829.21,taojinbi，0.210000;2021天猫年货节跨店满减，30.000000;年货囤货购物券，10.000000;年货价，789.000000,,白2红2双支礼盒套餐*1 白狗酒塞*1,2021-01-24 20:26:23,2021-01-24 20:26:30,,,2021-01-25 14:09:58,2021-01-29 17:06:08,山东省,威海市,乳山市,
TAOBAO,ceres旗舰店,8c1037703d849b252bd4d1535aa1a6b8,cusanliuban,="1536161258345632442",普通订单,等待买家确认收货,,1,315.53,0.0,0.0,0.0,842.47,taojinbi，0.470000;年货价，802.000000;2021天猫年货节跨店满减，30.000000;年货囤货购物券，10.000000,,,2021-01-24 20:52:45,2021-01-24 20:53:04,,,2021-01-25 15:29:09,,内蒙古自治区,锡林郭勒盟,太仆寺旗,
TAOBAO,ceres旗舰店,646dd77da0053f5de50d3212457838b4,长草要拔草,="1536220441286921547",普通订单,等待买家确认收货,,1,274.08,0.0,0.0,0.0,883.92,2021天猫年货节跨店满减，32.140000;taojinbi，9.780000;年货囤货购物券，10.000000;年货价，832.000000,,,2021-01-25 00:05:44,2021-01-25 00:06:55,,,2021-01-25 15:31:34,,湖南省,长沙市,雨花区,
TAOBAO,ceres旗舰店,6c333470eb7ab68eba4f6f882dcbd9d1,saro_xu,="1536234086503466955",普通订单,等待买家确认收货,,1,289.94,0.0,0.0,0.0,907.06,年货价，858.000000;年货囤货购物券，10.000000;2021天猫年货节跨店满减，31.150000;taojinbi，7.910000,,,2021-01-24 21:23:02,2021-01-24 21:23:07,,,2021-01-25 15:31:33,,上海市,市辖区,普陀区,
TAOBAO,ceres旗舰店,c068c77dc44d26d92a3fd7d9b14f306f,tb630501309,="1536238947402637681",普通订单,交易成功,,2,1190.7,0.0,0.0,0.0,30.0,30，30.000000,,,2021-01-24 19:38:57,2021-01-24 19:39:01,,,2021-01-25 15:31:32,2021-01-28 10:22:31,浙江省,杭州市,临安区,
TAOBAO,ceres旗舰店,1dfe6a1eb61f06a64c3b6e6cd7b540ca,oo小迷糊oo,="1536241609032167450",普通订单,等待买家确认收货,,1,291.95,0.0,0.0,0.0,905.05,taojinbi，3.470000;2021天猫年货节跨店满减，33.580000;年货价，858.000000;年货囤货购物券，10.000000,,白1红1自饮套餐*1 小鹿酒塞*1,2021-01-25 00:21:46,2021-01-25 00:21:57,,,2021-01-25 14:07:02,,辽宁省,沈阳市,于洪区,
TAOBAO,ceres旗舰店,1e0b64f8c274d02a5639059cf24ea63c,leileiieliel,="1536256226292554016",普通订单,等待买家确认收货,,1,291.71,0.0,0.0,0.0,866.29,taojinbi，2.630000;2021天猫年货节跨店满减，21.660000;年货价，832.000000;年货囤货购物券，10.000000,,白2双支自饮套餐*1 兔子酒塞*1,2021-01-24 21:31:43,2021-01-24 21:31:55,,,2021-01-25 14:09:58,,江苏省,常州市,新北区,
TAOBAO,ceres旗舰店,0c6e94262cbcc99fb1bea35b73d4a256,tb44406845,="1536301225091091231",普通订单,等待买家确认收货,,1,161.19,0.0,0.0,0.0,432.81,年货价，415.000000;2021天猫年货节跨店满减，17.790000;taojinbi，0.020000,,,2021-01-25 01:42:14,2021-01-25 01:42:26,,,2021-01-25 15:31:33,,湖北省,黄石市,黄石港区,
TAOBAO,ceres旗舰店,10f6c3da3cd21eeae13ced5654f4bb72,cn4usa,="1536335101534842641",普通订单,等待买家确认收货,,1,297.06,0.0,0.0,0.0,860.94,taojinbi，1.940000;年货价，819.000000;年货囤货购物券，10.000000;2021天猫年货节跨店满减，30.000000,,,2021-01-25 04:50:36,2021-01-25 04:50:55,,,2021-01-25 15:31:33,,贵州省,贵阳市,南明区,
TAOBAO,ceres旗舰店,be970fb24cdb10fc854b0f19a894ed22,vivian_ming0901,="1536450158323207975",普通订单,交易成功,,1,154.72,0.0,0.0,0.0,439.28,taojinbi，5.670000;2021天猫年货节跨店满减，18.610000;年货价，405.000000;年货囤货购物券，10.000000,,白1单支礼盒套餐*1 白猫酒塞*1,2021-01-24 22:59:42,2021-01-24 22:59:46,,,2021-01-25 14:09:57,2021-01-29 16:24:47,上海市,市辖区,宝山区,
TAOBAO,ceres旗舰店,d3902d1ec816fe74fc322e798d592e37,十月的辰,="1536451274503745667",普通订单,等待买家确认收货,,1,286.0,0.0,0.0,0.0,872.0,2021天猫年货节跨店满减，30.000000;年货囤货购物券，10.000000;年货价，832.000000,,,2021-01-24 23:00:41,2021-01-24 23:00:50,,,2021-01-25 15:29:09,,辽宁省,大连市,甘井子区,
TAOBAO,ceres旗舰店,37e9de921fd149da9c356e311ec22b83,tb9622181_2012,="1536604454020309242",普通订单,等待买家确认收货,,1,288.83,0.0,0.0,0.0,908.17,年货囤货购物券，10.000000;taojinbi，10.170000;2021天猫年货节跨店满减，30.000000;年货价，858.000000,,,2021-01-25 00:44:49,2021-01-25 00:45:05,,,2021-01-25 15:31:33,,江西省,吉安市,吉州区,
TAOBAO,ceres旗舰店,5954f06a4e5e9b02d32654c03922c0d9,tb096280841,="1536651504409782123",普通订单,交易成功,,1,326.47,0.0,0.0,0.0,870.53,年货价，828.000000;年货囤货购物券，10.000000;taojinbi，2.530000;2021天猫年货节跨店满减，30.000000,,,2021-01-25 16:46:33,2021-01-25 16:46:45,,,2021-01-25 17:35:24,2021-01-28 21:09:23,湖北省,武汉市,洪山区,
TAOBAO,ceres旗舰店,25728a64dcd07542a2b678cef4390757,mqmwhl,="1536676848703063567",普通订单,交易成功,,1,329.0,0.0,0.0,0.0,868.0,2021天猫年货节跨店满减，30.000000;年货囤货购物券，10.000000;年货价，828.000000,,差价20元  已退,2021-01-25 16:58:18,2021-01-25 16:58:25,,,2021-01-25 17:35:24,2021-01-27 18:24:34,湖北省,武汉市,洪山区,
TAOBAO,ceres旗舰店,cec7110cb481157a9afcc8d5c7075dbc,hotaru87,="1536699530592799576",普通订单,等待买家确认收货,,1,329.0,0.0,0.0,0.0,868.0,年货价，828.000000;2021天猫年货节跨店满减，30.000000;年货囤货购物券，10.000000,,,2021-01-25 07:13:42,2021-01-25 07:14:06,,,2021-01-25 15:31:34,,江苏省,常州市,金坛区,
TAOBAO,ceres旗舰店,70d05eaf5a84ca9315fab802d2a5e084,pkuangelanx,="1536730777865457667",普通订单,交易成功,,1,305.32,0.0,0.0,0.0,852.68,taojinbi，10.680000;2021天猫年货节跨店满减，30.000000;年货价，802.000000;年货囤货购物券，10.000000,,,2021-01-25 11:08:49,2021-01-25 11:09:44,,,2021-01-25 15:31:33,2021-01-26 21:07:11,上海市,市辖区,浦东新区,
TAOBAO,ceres旗舰店,89717dbd83e3275f0caacda39e4c9037,许春燕1976,="1536738195868860353",普通订单,等待买家确认收货,,2,607.97,0.0,0.0,0.0,1708.03,taojinbi，0.030000;10，10.000000;2021天猫年货节跨店满减，60.000000;年货价，1638.000000,,,2021-01-24 23:21:24,2021-01-24 23:21:30,,,2021-01-25 15:31:32,,浙江省,嘉兴市,海宁市,
TAOBAO,ceres旗舰店,09c05ee5b0bf24c0305abac41db2f216,cissyzhao9746,="1536783231257057178",普通订单,交易成功,,1,387.4,0.0,0.0,0.0,986.6,年货囤货购物券，10.000000;taojinbi，0.600000;2021天猫年货节跨店满减，30.000000;年货价，946.000000,,红1双支礼盒套餐*1 白猫酒塞*1,2021-01-24 23:48:18,2021-01-24 23:48:36,,,2021-01-25 14:09:57,2021-01-26 17:35:32,江苏省,南京市,江宁区,
TAOBAO,ceres旗舰店,2b9db17d0a6f3b2b1042ed0bbc790218,夜曦晨晓,="1536785101857132579",普通订单,等待买家确认收货,,1,317.93,0.0,0.0,0.0,879.07,年货囤货购物券，10.000000;年货价，828.000000;2021天猫年货节跨店满减，30.000000;taojinbi，11.070000,,白1红1双支礼盒套餐*1 白猫酒塞*1,2021-01-25 11:24:59,2021-01-25 11:25:53,,,2021-01-25 14:09:57,,四川省,成都市,成华区,
TAOBAO,ceres旗舰店,09551ae61dcfad2ed6ef3c705a0cad7e,atree_zhou1,="1536879313142298846",普通订单,等待买家确认收货,,1,286.22,0.0,0.0,0.0,871.78,2021天猫年货节跨店满减，30.000000;taojinbi，9.780000;年货价，832.000000,,,2021-01-25 11:53:55,2021-01-25 11:54:16,,,2021-01-25 15:31:33,,四川省,乐山市,五通桥区,
TAOBAO,ceres旗舰店,dda9e99648b6d31069d8a3de3f377fe1,xblrd70,="1536888566607638837",普通订单,交易成功,,1,173.33,0.0,0.0,0.0,420.67,年货价，405.000000;年货囤货购物券，10.000000;taojinbi，5.670000,,,2021-01-25 09:59:28,2021-01-25 09:59:38,,,2021-01-25 15:31:32,2021-01-27 11:06:09,天津市,市辖区,和平区,
TAOBAO,ceres旗舰店,4e76ea2c11b54cc173a510f9101c5640,evianhouse,="1536893499372861571",普通订单,等待买家确认收货,,1,324.72,0.0,0.0,0.0,831.28,2021天猫年货节跨店满减，30.000000;年货囤货购物券，10.000000;taojinbi，11.280000;年货价，780.000000,,,2021-01-25 01:45:12,2021-01-25 01:45:20,,,2021-01-25 15:29:09,,辽宁省,沈阳市,康平县,
TAOBAO,ceres旗舰店,7eedf6089d7baf3585d5ff61858b74df,fengdjm,="1536920929015671079",普通订单,交易成功,,1,402.62,0.0,0.0,0.0,965.38,年货价，922.000000;2021天猫年货节跨店满减，30.000000;taojinbi，13.380000,,,2021-01-25 12:08:48,2021-01-25 12:09:02,,,2021-01-25 15:31:34,2021-01-28 13:13:38,北京市,市辖区,海淀区,
TAOBAO,ceres旗舰店,09933dbbbdb1186ea0ad07721649f7cc,liuyan19850228,="1537087284370388937",普通订单,等待买家确认收货,,1,956.17,0.0,0.0,0.0,2517.83,年货囤货购物券，10.000000;30，30.000000;2021天猫年货节跨店满减，90.000000;年货价，2386.000000;taojinbi，1.830000,,发顺丰 白1*7 海马刀*1,2021-01-25 19:45:46,2021-01-25 19:45:49,,,2021-01-27 09:07:35,,吉林省,通化市,梅河口市,
TAOBAO,ceres旗舰店,fc4fef9f75b64eb4045a33ede71b1b77,vicky2341,="1537099453528083634",普通订单,交易成功,,1,276.22,0.0,0.0,0.0,881.78,年货价，832.000000;taojinbi，9.780000;2021天猫年货节跨店满减，30.000000;年货囤货购物券，10.000000,,,2021-01-25 13:21:29,2021-01-25 13:39:44,,,2021-01-25 15:31:32,2021-01-28 08:30:57,陕西省,西安市,雁塔区,
TAOBAO,ceres旗舰店,62ae14b79f86d73637e48a4b63115efc,哈哈8866997,="1537140708552265613",普通订单,交易成功,,1,327.93,0.0,0.0,0.0,869.07,taojinbi，11.070000;年货价，828.000000;2021天猫年货节跨店满减，30.000000,,,2021-01-25 20:06:37,2021-01-25 20:06:39,,,2021-01-26 15:59:00,2021-01-29 02:01:07,山东省,济南市,历下区,
TAOBAO,ceres旗舰店,ef7621f75498281b07d254448011fb2b,lingleng102,="1537202916531221139",普通订单,等待买家确认收货,,1,281.69,0.0,0.0,0.0,876.31,2021天猫年货节跨店满减，30.000000;年货价，832.000000;taojinbi，4.310000;年货囤货购物券，10.000000,,,2021-01-25 20:29:46,2021-01-25 20:29:52,,,2021-01-26 15:52:54,,辽宁省,沈阳市,大东区,
TAOBAO,ceres旗舰店,b12ced530cddab508fce9eeb13f82d5d,晚晴糖宝宝,="1537219190762808122",普通订单,等待买家确认收货,,1,387.96,0.0,0.0,0.0,770.04,2021天猫年货节跨店满减，30.000000;taojinbi，0.040000;年货囤货购物券，10.000000;年货价，730.000000,,,2021-01-25 11:55:48,2021-01-25 11:56:07,,,2021-01-25 15:31:33,,广西壮族自治区,桂林市,秀峰区,
TAOBAO,ceres旗舰店,7eedf6089d7baf3585d5ff61858b74df,fengdjm,="1537269518599671079",普通订单,交易成功,,1,402.62,0.0,0.0,0.0,965.38,taojinbi，13.380000;2021天猫年货节跨店满减，30.000000;年货价，922.000000,,白2红2双支礼盒套餐*1 ,2021-01-25 12:14:26,2021-01-25 12:14:42,,,2021-01-25 14:09:58,2021-01-28 13:12:16,北京市,市辖区,海淀区,
TAOBAO,ceres旗舰店,5b3c00b3377499e59c749af7a330da72,natochris,="1537456070705820836",普通订单,等待买家确认收货,,1,329.0,0.0,0.0,0.0,868.0,2021天猫年货节跨店满减，30.000000;年货价，828.000000;年货囤货购物券，10.000000,,,2021-01-25 13:31:48,2021-01-25 13:31:55,,,2021-01-25 15:31:33,,湖北省,武汉市,洪山区,
TAOBAO,ceres旗舰店,38e8c2217a469a51b513bb718f54f3e9,xiner901204,="1537493220923771943",普通订单,等待买家确认收货,,1,293.49,0.0,0.0,0.0,864.51,年货囤货购物券，10.000000;2021天猫年货节跨店满减，30.000000;年货价，819.000000;taojinbi，5.510000,,白2红2双支自饮套餐*1 白猫酒塞*1,2021-01-25 22:22:15,2021-01-25 22:22:20,,,2021-01-26 15:58:57,,河南省,三门峡市,灵宝市,
TAOBAO,ceres旗舰店,701d37e60eb73198ba11452b6cf3a86b,东门大大官人,="1537578867765465676",普通订单,等待买家确认收货,,1,305.39,0.0,0.0,0.0,891.61,2021天猫年货节跨店满减，23.290000;年货囤货购物券，10.000000;年货价，858.000000;taojinbi，0.320000,,红1白1双支自饮套餐*1 黑猫酒塞*1,2021-01-25 12:36:22,2021-01-25 12:36:26,,,2021-01-25 14:09:57,,江苏省,苏州市,太仓市,
TAOBAO,ceres旗舰店,4a99ea5e1fa42a0cfd45a70e9542b85f,我晕已被使用,="1537580664500605841",普通订单,等待买家确认收货,,1,288.83,0.0,0.0,0.0,869.17,2021天猫年货节跨店满减，30.000000;taojinbi，10.170000;年货囤货购物券，10.000000;年货价，819.000000,,白2红2双支自饮套餐*1 白猫酒塞*1,2021-01-25 22:53:10,2021-01-25 22:53:30,,,2021-01-26 15:58:58,,四川省,广安市,广安区,
TAOBAO,ceres旗舰店,2455a58d09e2fcf4cdb9b870ff628543,gywgm,="1537593048196260249",普通订单,等待买家确认收货,,1,285.93,0.0,0.0,0.0,872.07,年货价，832.000000;taojinbi，0.070000;2021天猫年货节跨店满减，30.000000;年货囤货购物券，10.000000,,,2021-01-25 22:57:20,2021-01-25 22:57:36,,,2021-01-26 15:58:59,,江苏省,扬州市,高邮市,
TAOBAO,ceres旗舰店,8beeb5721d082ffc5c594c30f8fab067,t_1482376005994_097,="1537691511146265938",普通订单,等待买家确认收货,,1,294.05,0.0,0.0,0.0,902.95,年货囤货购物券，10.000000;taojinbi，4.950000;年货价，858.000000;2021天猫年货节跨店满减，30.000000,,,2021-01-25 13:20:52,2021-01-25 13:21:16,,,2021-01-25 15:31:32,,上海市,市辖区,浦东新区,
TAOBAO,ceres旗舰店,6a57073e06aab1ec1429ff500a144e73,aslo好,="1537743314336174683",普通订单,等待买家确认收货,,1,280.86,0.0,0.0,0.0,877.14,年货价，832.000000;taojinbi，5.140000;2021天猫年货节跨店满减，30.000000;年货囤货购物券，10.000000,,,2021-01-25 15:39:29,2021-01-25 15:39:34,,,2021-01-25 17:35:24,,福建省,漳州市,龙海市,
TAOBAO,ceres旗舰店,f74f9655ecaca63e75268265469410c7,苏_依伊,="1537776434550491350",普通订单,交易成功,,1,300.46,0.0,0.0,0.0,896.54,年货价，858.000000;2021天猫年货节跨店满减，28.370000;taojinbi，10.170000,,,2021-01-25 15:53:46,2021-01-25 15:53:51,,,2021-01-25 17:35:24,2021-02-01 09:52:03,辽宁省,鞍山市,台安县,
TAOBAO,ceres旗舰店,824df745dc06b32444d7ca166329c649,成程珠,="1537817365347861446",普通订单,交易成功,,4,1158.51,0.0,0.0,0.0,30.0,30，30.000000,,白1双支自饮套餐*3 红1双支自饮套餐*1 红1*1 ,2021-01-25 18:31:11,2021-01-25 18:31:16,,,2021-01-26 15:58:55,2021-02-01 15:18:08,上海市,市辖区,长宁区,
TAOBAO,ceres旗舰店,f8185a4477ac7d8f18b767d3da476913,莹泽love,="1537839253897952135",普通订单,等待买家确认收货,,1,320.51,0.0,0.0,0.0,876.49,年货囤货购物券，10.000000;年货价，828.000000;taojinbi，8.490000;2021天猫年货节跨店满减，30.000000,送人，注意包装,白1红1双支礼盒套餐*1 白狗酒塞*1（5元差价）已退,2021-01-25 18:42:00,2021-01-25 18:42:17,,,2021-01-26 15:52:53,,辽宁省,锦州市,太和区,
TAOBAO,ceres旗舰店,7e2e69a8af100e532e4d65fbb4c5eda1,dg郭三涌,="1537945740006692374",普通订单,等待买家确认收货,,1,288.83,0.0,0.0,0.0,908.17,2021天猫年货买不停跨店满减，30.000000;taojinbi，10.170000;10，10.000000;年货价，858.000000,,白1红1双支自饮套餐*1 黑猫酒塞*1 ,2021-01-26 08:03:36,2021-01-26 08:09:29,,,2021-01-26 15:58:55,,广东省,东莞市,,
TAOBAO,ceres旗舰店,e17b7484411ecf3ae484948af6b9eb5c,kleine14526941,="1538084160167935926",普通订单,交易成功,,1,276.22,0.0,0.0,0.0,881.78,年货价，832.000000;10，10.000000;2021天猫年货买不停跨店满减，30.000000;taojinbi，9.780000,,白1双支自饮套餐*1  白猫酒塞*1,2021-01-26 09:52:05,2021-01-26 09:52:10,,,2021-01-26 15:58:56,2021-02-01 23:34:13,广东省,佛山市,顺德区,
TAOBAO,ceres旗舰店,06a4048c0d15b2c881b047ae9e8cdfbf,幸村真,="1538108389161894778",普通订单,交易成功,,1,275.51,0.0,0.0,0.0,882.49,年货囤货购物券，10.000000;年货价，832.000000;2021天猫年货节跨店满减，30.710000;taojinbi，9.780000,,,2021-01-25 20:29:02,2021-01-25 20:30:10,,,2021-01-26 15:58:56,2021-01-29 17:58:31,北京市,市辖区,朝阳区,
TAOBAO,ceres旗舰店,e686110c978ea6f28d45c32c8a278eb8,wanghaobat,="1538272836815138781",普通订单,交易成功,,1,321.08,0.0,0.0,0.0,836.92,2021天猫年货买不停跨店满减，30.000000;10，10.000000;taojinbi，7.920000;年货价，789.000000,,,2021-01-26 11:11:31,2021-01-26 11:11:39,,,2021-01-26 15:58:58,2021-01-29 13:18:13,四川省,绵阳市,三台县,
TAOBAO,ceres旗舰店,f43e6791aa0323ec40ec27c639a115bf,shineamnys,="1538435990913235158",普通订单,交易成功,,1,286.8,0.0,0.0,0.0,871.2,2021天猫年货节跨店满减，32.030000;taojinbi，10.170000;年货囤货购物券，10.000000;年货价，819.000000,,,2021-01-25 20:26:28,2021-01-25 20:26:34,,,2021-01-26 15:58:55,2021-01-28 15:05:02,浙江省,宁波市,余姚市,
TAOBAO,ceres旗舰店,b165dc20ac8a9383c4d7adf084655ff5,nickydhou,="1538481027020274783",普通订单,等待买家确认收货,,1,317.93,0.0,0.0,0.0,840.07,taojinbi，11.070000;年货价，789.000000;2021天猫年货节跨店满减，30.000000;年货囤货购物券，10.000000,,白2红2双支礼盒套餐*1 白猫酒塞*1,2021-01-25 18:58:36,2021-01-25 18:58:41,,,2021-01-26 15:58:56,,天津市,市辖区,河东区,
TAOBAO,ceres旗舰店,98c8b31fde3770cd8255a45ae9d4ff0d,intrasoft,="1538505074242873462",普通订单,等待买家确认收货,,1,288.83,0.0,0.0,0.0,908.17,taojinbi，10.170000;年货价，858.000000;2021天猫年货节跨店满减，30.000000;年货囤货购物券，10.000000,,,2021-01-25 20:51:07,2021-01-25 20:51:14,,,2021-01-26 15:58:56,,江苏省,南京市,玄武区,
TAOBAO,ceres旗舰店,a7c4b3433bac8cb4c24b8e0613278fcf,roxanna_cn1978,="1538507522536272415",普通订单,等待买家确认收货,,3,913.58,0.0,0.0,0.0,30.0,30，30.000000,送的一瓶想选冰红，感谢！,红1双支自饮套餐*1 白1双支自饮套餐*1 白2红2双支礼盒套餐*1  红1*1  白猫酒塞*1,2021-01-25 20:52:17,2021-01-25 20:52:22,,,2021-01-26 15:58:57,,北京市,市辖区,朝阳区,
TAOBAO,ceres旗舰店,495682228637abedb148325948088690,huopokeai88518,="1538556517196905919",普通订单,交易成功,,2,660.67,0.0,0.0,0.0,1655.33,10，10.000000;年货价，1578.000000;2021天猫年货节跨店满减，60.600000;年货囤货购物券，6.730000,,,2021-01-25 23:23:04,2021-01-25 23:23:10,,,2021-01-26 15:58:55,2021-01-30 09:31:11,北京市,市辖区,东城区,
TAOBAO,ceres旗舰店,c8e1bf9338951b9e6e48b73d64c66a5d,wangying2419,="1538571962116613973",普通订单,交易成功,,12,3751.7,0.0,0.0,0.0,10144.3,taojinbi，0.300000;2021天猫年货节跨店满减，420.000000;年货价，9624.000000;100，100.000000,,顺丰  白1双支礼盒套餐*14 白1*4 ,2021-01-25 21:16:59,2021-01-25 21:17:08,,,2021-01-26 15:54:42,2021-01-29 09:49:05,浙江省,杭州市,西湖区,
TAOBAO,ceres旗舰店,5735f491ffd07f3111548fed479919bc,tb20630413,="1538595614270634681",普通订单,等待买家确认收货,,1,276.22,0.0,0.0,0.0,881.78,年货价，832.000000;2021天猫年货节跨店满减，30.000000;taojinbi，9.780000;年货囤货购物券，10.000000,,白1双支自饮套餐*1  白狗酒塞*1,2021-01-25 21:26:05,2021-01-25 21:26:12,,,2021-01-26 15:58:57,,海南省,省直辖县级行政区划,乐东黎族自治县,
TAOBAO,ceres旗舰店,d6eca85cf15377317f85da60575eb5f9,罗誉鹭,="1538600870823784320",普通订单,等待买家确认收货,,1,927.78,0.0,0.0,0.0,1856.22,30，30.000000;年货囤货购物券，10.000000;taojinbi，0.220000;2021天猫年货节跨店满减，90.000000;年货价，1726.000000,,发顺丰！！ 红3双支礼盒套餐*1 白猫酒塞*1,2021-01-25 21:29:10,2021-01-25 21:29:15,,,2021-01-26 15:54:42,,四川省,宜宾市,翠屏区,
TAOBAO,ceres旗舰店,582b7d21e4b550459ff804c066890520,jialiu0726,="1538602383663224083",普通订单,等待买家确认收货,,2,655.59,0.0,0.0,0.0,1738.41,2021天猫年货节跨店满减，70.280000;10，10.000000;年货价，1656.000000;taojinbi，2.130000,,,2021-01-25 19:49:50,2021-01-25 19:51:32,,,2021-01-26 15:58:59,,江苏省,淮安市,涟水县,
TAOBAO,ceres旗舰店,9d4ff816c10663b3c308dba663f0d953,我家杏花,="1538606882275626073",普通订单,等待买家确认收货,,1,159.3,0.0,0.0,0.0,434.7,taojinbi，5.670000;年货价，405.000000;2021天猫年货节跨店满减，14.030000;年货囤货购物券，10.000000,,,2021-01-25 21:29:46,2021-01-25 21:34:59,,,2021-01-26 15:58:57,,上海市,市辖区,浦东新区,
TAOBAO,ceres旗舰店,be793021140b527f7dda756705a3f975,tb8086821_88,="1538659981593507359",普通订单,等待买家确认收货,,1,325.7,0.0,0.0,0.0,871.3,年货价，828.000000;2021天猫年货节跨店满减，33.300000;年货囤货购物券，10.000000,,,2021-01-25 23:58:18,2021-01-25 23:58:30,,,2021-01-26 15:58:56,,浙江省,台州市,温岭市,
TAOBAO,ceres旗舰店,95c210ad6e4a94427c103f3b557ae19a,youxia0729,="1538663905606597879",普通订单,交易成功,,2,611.53,0.0,0.0,0.0,1704.47,2021天猫年货节跨店满减，60.000000;10，10.000000;年货囤货购物券，10.000000;taojinbi，20.470000;年货价，1604.000000,,白1双支礼盒套餐*2  白猫酒塞*1,2021-01-25 23:58:47,2021-01-25 23:58:57,,,2021-01-26 16:03:50,2021-02-02 12:08:58,陕西省,西安市,莲湖区,
TAOBAO,ceres旗舰店,562a660ef6b536a4f86133cf1251c547,gy_zhtt,="1538666569075629513",普通订单,交易成功,,1,358.0,0.0,0.0,0.0,1016.0,2021天猫年货节跨店满减，30.000000;年货囤货购物券，10.000000;年货价，976.000000,,,2021-01-25 23:58:45,2021-01-25 23:58:51,,,2021-01-26 15:58:56,2021-01-29 17:31:13,贵州省,贵阳市,云岩区,
TAOBAO,ceres旗舰店,976df1be66d52e376d45dccc27924abf,丽萨的店和她的花,="1538731945568980144",普通订单,等待买家确认收货,,1,328.64,0.0,0.0,0.0,829.36,2021天猫年货买不停跨店满减，30.000000;10，10.000000;年货价，789.000000;taojinbi，0.360000,,,2021-01-26 00:56:26,2021-01-26 00:56:34,,,2021-01-26 15:58:56,,山西省,晋中市,榆次区,
TAOBAO,ceres旗舰店,bfe882384e5063acbc8216779d930276,lxy1048405054,="1538738676675223020",普通订单,交易成功,,2,640.96,0.0,0.0,0.0,1675.04,20，20.000000;taojinbi，17.040000;年货价，1578.000000;2021天猫年货买不停跨店满减，60.000000,,发顺丰！！！ 白2红2双支礼盒套餐*2  黑猫酒塞*1 ,2021-01-26 14:22:54,2021-01-26 14:23:00,,,2021-01-26 15:54:42,2021-01-27 18:13:20,江苏省,无锡市,锡山区,
TAOBAO,ceres旗舰店,0e05e966580cd73e1fa873447d5fae80,wdc236,="1538803478672781540",普通订单,等待买家确认收货,,1,318.05,0.0,0.0,0.0,839.95,2021天猫年货节跨店满减，35.560000;年货囤货购物券，10.000000;taojinbi，5.390000;年货价，789.000000,,,2021-01-25 22:45:25,2021-01-25 22:45:35,,,2021-01-26 15:58:58,,江苏省,南京市,玄武区,
TAOBAO,ceres旗舰店,d464e338825fcd3e471cbfd8bd5c5e54,落花飞鸟,="1538831990895290949",普通订单,等待买家确认收货,,1,317.93,0.0,0.0,0.0,879.07,2021天猫年货节跨店满减，30.000000;年货囤货购物券，10.000000;年货价，828.000000;taojinbi，11.070000,,,2021-01-25 22:56:51,2021-01-25 22:56:58,,,2021-01-26 15:58:59,,山东省,青岛市,胶州市,
TAOBAO,ceres旗舰店,c8e1bf9338951b9e6e48b73d64c66a5d,wangying2419,="1538840307161613973",普通订单,交易成功,,1,564.3,248.3,0.0,0.0,842.0,年货价，802.000000;年货囤货购物券，10.000000;2021天猫年货节跨店满减，30.000000,,不发,2021-01-25 21:20:06,2021-01-25 21:20:30,,,2021-01-27 17:55:11,2021-01-29 09:49:16,浙江省,杭州市,西湖区,
TAOBAO,ceres旗舰店,fd1ed6010f99aecead63051c53ec24c8,一双人120430,="1538846139807858640",普通订单,等待买家确认收货,,1,288.9,0.0,0.0,0.0,869.1,年货囤货购物券，10.000000;taojinbi，10.100000;年货价，819.000000;2021天猫年货节跨店满减，30.000000,,,2021-01-25 21:23:46,2021-01-25 21:23:57,,,2021-01-26 15:58:56,,浙江省,杭州市,余杭区,
TAOBAO,ceres旗舰店,43bd861b9cba17a33595790e4db9170c,成江艳,="1538868672508006732",普通订单,等待买家确认收货,,1,328.07,0.0,0.0,0.0,868.93,2021天猫年货买不停跨店满减，30.000000;年货价，828.000000;10，10.000000;taojinbi，0.930000,,白1红1双支礼盒套餐*1 黑猫酒塞*1,2021-01-26 15:28:11,2021-01-26 15:28:17,,,2021-01-26 17:29:45,,湖南省,长沙市,雨花区,
TAOBAO,ceres旗舰店,397a975cc8e82c649f83ae7d7d6bae63,快乐出发1986,="1538898015162821333",普通订单,等待买家确认收货,,1,313.33,0.0,0.0,0.0,883.67,年货价，828.000000;年货囤货购物券，7.870000;taojinbi，11.070000;2021天猫年货节跨店满减，36.730000,,,2021-01-25 21:41:54,2021-01-25 21:42:07,,,2021-01-26 15:58:57,,江苏省,南京市,浦口区,
TAOBAO,ceres旗舰店,a97a7862cf51b127e8f278aae5597cd4,sufecat,="1538902513433697451",普通订单,交易成功,,1,178.3,0.0,0.0,0.0,415.7,年货价，415.000000;taojinbi，0.700000,,白2单支自饮套餐*1  黑狗酒塞*1 ,2021-01-26 08:59:03,2021-01-26 08:59:10,,,2021-01-26 15:58:56,2021-02-01 14:05:36,广东省,广州市,天河区,
TAOBAO,ceres旗舰店,69ca288926857adf04decfdbd744b645,想你没有理由2013,="1538922133159858915",普通订单,等待买家确认收货,,1,305.32,0.0,0.0,0.0,852.68,年货价，802.000000;10，10.000000;taojinbi，10.680000;2021天猫年货买不停跨店满减，30.000000,,,2021-01-26 09:12:08,2021-01-26 09:12:13,,,2021-01-26 15:52:53,,辽宁省,沈阳市,皇姑区,
TAOBAO,ceres旗舰店,3976017900260221bfa82174caf9d989,seralinlisa,="1538966523118160473",普通订单,等待买家确认收货,,1,305.32,0.0,0.0,0.0,852.68,年货囤货购物券，10.000000;taojinbi，10.680000;年货价，802.000000;2021天猫年货节跨店满减，30.000000,,,2021-01-25 22:08:47,2021-01-25 22:08:58,,,2021-01-26 15:58:57,,山东省,威海市,环翠区,
TAOBAO,ceres旗舰店,29edf35e1055a2f99b9622a5aa80bf74,cindyman,="1538978832943362039",普通订单,等待买家确认收货,,1,284.29,0.0,0.0,0.0,873.71,10，10.000000;2021天猫年货买不停跨店满减，30.000000;taojinbi，1.710000;年货价，832.000000,,,2021-01-26 16:21:54,2021-01-26 16:22:03,,,2021-01-26 17:48:15,,广东省,东莞市,,
TAOBAO,ceres旗舰店,dbff8164a7d4c33909eb5e2235d60d80,小蝴蝶flamey,="1538992404685852126",普通订单,交易成功,,1,276.22,0.0,0.0,0.0,881.78,taojinbi，9.780000;年货价，832.000000;2021天猫年货买不停跨店满减，30.000000;10，10.000000,,,2021-01-26 16:28:01,2021-01-26 16:28:08,,,2021-01-26 17:43:09,2021-01-31 11:45:55,辽宁省,大连市,甘井子区,
TAOBAO,ceres旗舰店,4d164fdf34b08466c40d2e43c7859ecf,我的地盘我做主mai,="1539045973076407224",普通订单,等待买家确认收货,,1,298.53,0.0,0.0,0.0,859.47,taojinbi，0.470000;2021天猫年货买不停跨店满减，30.000000;年货价，819.000000;10，10.000000,易碎，请包好,,2021-01-26 10:24:57,2021-01-26 10:25:01,,,2021-01-26 15:58:58,,江苏省,苏州市,昆山市,
TAOBAO,ceres旗舰店,202124b603dd11f94cd3a9089588d7c1,shuangshuangyixiao,="1539163983234289847",普通订单,等待买家确认收货,,1,957.94,0.0,0.0,0.0,2516.06,taojinbi，0.060000;年货价，2386.000000;2021天猫年货节跨店满减，90.000000;30，30.000000;年货囤货购物券，10.000000,,白1六只装礼盒套餐*1  白1*1 白猫酒塞*1,2021-01-25 23:25:31,2021-01-25 23:25:38,,,2021-01-26 15:58:59,,广东省,深圳市,福田区,
TAOBAO,ceres旗舰店,8a7af2f20c6f6fdd4bcfc8caedb5139f,啃鸡腿的白羊,="1539189181777966428",普通订单,等待买家确认收货,,1,282.4,0.0,0.0,0.0,875.6,10，10.000000;2021天猫年货买不停跨店满减，32.380000;taojinbi，1.220000;年货价，832.000000,,,2021-01-26 11:16:49,2021-01-26 11:16:53,,,2021-01-26 15:58:59,,北京市,市辖区,西城区,
TAOBAO,ceres旗舰店,0d9209148a2a0dbcd3df71afc9a773ac,huzan6,="1539263736489869067",普通订单,交易成功,,1,291.91,0.0,0.0,0.0,905.09,10，10.000000;年货价，858.000000;taojinbi，7.090000;2021天猫年货买不停跨店满减，30.000000,,,2021-01-26 18:22:01,2021-01-26 18:22:13,,,2021-01-27 15:41:38,2021-01-29 19:54:52,江苏省,无锡市,梁溪区,
TAOBAO,ceres旗舰店,ce8e2d4fef84374f5b6e708dde4f1d79,changjianwei200328,="1539298514342713625",普通订单,交易成功,,1,291.68,0.0,0.0,0.0,905.32,10，10.000000;taojinbi，7.320000;年货价，858.000000;2021天猫年货买不停跨店满减，30.000000,,白1红1双支自饮套餐*1  白狗酒塞*1 ,2021-01-26 09:32:32,2021-01-26 09:33:00,,,2021-01-26 15:58:56,2021-01-29 07:29:38,河南省,周口市,川汇区,
TAOBAO,ceres旗舰店,79af6e0c72706086c3c8ac783ea8efcd,xiaokai19941231,="1539328429202767751",普通订单,交易成功,,1,317.93,0.0,0.0,0.0,879.07,taojinbi，11.070000;2021天猫年货买不停跨店满减，30.000000;年货价，828.000000;10，10.000000,,白1红1双支礼盒套餐*1 小兔酒塞*1,2021-01-26 12:02:02,2021-01-26 12:02:59,,,2021-01-26 15:58:57,2021-01-30 18:21:57,山东省,济南市,历下区,
TAOBAO,ceres旗舰店,3bcb1a8536695b44668b8f819a07d521,依斯提悉亚,="1539409176614172137",普通订单,交易成功,,1,276.22,0.0,0.0,0.0,881.78,taojinbi，9.780000;2021天猫年货买不停跨店满减，30.000000;10，10.000000;年货价，832.000000,,,2021-01-26 19:27:57,2021-01-26 19:28:02,,,2021-01-27 15:41:39,2021-01-31 20:56:52,四川省,泸州市,龙马潭区,
TAOBAO,ceres旗舰店,0584b2e36817f698cf3a274eb01256ae,zoe_717,="1539422103191763429",普通订单,等待买家确认收货,,1,299.0,0.0,0.0,0.0,859.0,年货价，819.000000;10，10.000000;2021天猫年货买不停跨店满减，30.000000,,,2021-01-26 07:25:30,2021-01-26 07:25:44,,,2021-01-26 15:58:57,,北京市,市辖区,西城区,
TAOBAO,ceres旗舰店,fac27f984d748f88bcf79bc473e49441,loveruby1984,="1539627660428307723",普通订单,等待买家确认收货,,1,405.94,0.0,0.0,0.0,962.06,2021天猫年货买不停跨店满减，30.000000;taojinbi，0.060000;年货价，922.000000;10，10.000000,送礼，请帮忙包装好，谢谢！,,2021-01-26 21:08:24,2021-01-26 21:08:29,,,2021-01-27 15:41:39,,广东省,江门市,台山市,
TAOBAO,ceres旗舰店,5377b6665db44710cc6e9b0c5a4bdc4c,zqh121eric,="1539721190522216749",普通订单,等待买家确认收货,,1,295.07,0.0,0.0,0.0,862.93,2021天猫年货买不停跨店满减，30.000000;10，10.000000;年货价，819.000000;taojinbi，3.930000,,,2021-01-26 12:20:05,2021-01-26 12:20:13,,,2021-01-26 15:58:59,,云南省,昆明市,官渡区,
TAOBAO,ceres旗舰店,6b3464e3daf387930e03bf21dc41bf91,t_1478952182711_0,="1539744336195839220",普通订单,交易成功,,1,299.0,0.0,0.0,0.0,859.0,2021天猫年货买不停跨店满减，30.000000;10，10.000000;年货价，819.000000,,,2021-01-26 22:08:26,2021-01-26 22:08:37,,,2021-01-27 15:41:38,2021-01-31 17:36:53,四川省,成都市,锦江区,
TAOBAO,ceres旗舰店,79edbe023c93172bf1c3de4e35a4711a,xiaomei112255,="1539793515621962828",普通订单,等待买家确认收货,,1,290.09,0.0,0.0,0.0,867.91,10，10.000000;2021天猫年货买不停跨店满减，25.640000;年货价，832.000000;taojinbi，0.270000,,,2021-01-26 11:14:29,2021-01-26 11:14:34,,,2021-01-26 15:58:58,,云南省,昆明市,富民县,
TAOBAO,ceres旗舰店,0fdfa3285f07c0fde2352a01847c0362,wqlavender,="1539847656220867072",普通订单,等待买家确认收货,,2,643.18,0.0,0.0,0.0,20.0,20，20.000000,,,2021-01-26 23:07:59,2021-01-26 23:08:08,,,2021-01-27 15:41:37,,上海市,市辖区,普陀区,
TAOBAO,ceres旗舰店,ef745b0173562802f558f3d720d6c906,夜微凉935,="1539882145704028744",普通订单,等待买家确认收货,,3,969.45,0.0,0.0,0.0,2621.55,40，40.000000;年货价，2484.000000;2021天猫年货买不停跨店满减，96.610000;taojinbi，0.940000,,白1红1双支礼盒套餐*3  红1*1  红1礼盒*1 ,2021-01-26 16:24:04,2021-01-26 16:27:06,,,2021-01-26 17:29:45,,湖北省,武汉市,江夏区,
TAOBAO,ceres旗舰店,ab80d30906dbcba608d45f74cebaf9c8,郭一庆11,="1539919082321853231",普通订单,等待买家确认收货,,1,305.32,0.0,0.0,0.0,852.68,10，10.000000;2021天猫年货买不停跨店满减，30.000000;年货价，802.000000;taojinbi，10.680000,,白2双支礼盒套餐*1 白狗酒塞*1 ,2021-01-26 13:51:28,2021-01-26 13:51:43,,,2021-01-26 15:52:53,,辽宁省,辽阳市,灯塔市,
TAOBAO,ceres旗舰店,e535d3d4a445897c8280f42f1a73b17e,淘山海,="1539954252893361350",普通订单,等待买家确认收货,,1,925.4,0.0,0.0,0.0,1858.6,2021天猫年货买不停跨店满减，90.000000;taojinbi，2.600000;年货价，1726.000000;40，40.000000,,发顺丰！！！红3*2  红3礼盒*2  海马刀*1  冰酒礼袋*1,2021-01-27 00:41:56,2021-01-27 00:42:01,,,2021-01-27 14:37:57,,北京市,市辖区,大兴区,
TAOBAO,ceres旗舰店,fe299f24e9b853e6e7b27ad7bb287aa2,雇佣路人戊1,="1539957996330374820",普通订单,交易成功,,1,288.83,0.0,0.0,0.0,908.17,2021天猫年货买不停跨店满减，30.000000;taojinbi，10.170000;10，10.000000;年货价，858.000000,,白1红1双支自饮套餐*1 白狗酒塞*1,2021-01-27 00:43:21,2021-01-27 00:43:33,,,2021-01-27 14:58:02,2021-01-29 22:30:06,北京市,市辖区,朝阳区,
TAOBAO,ceres旗舰店,c7422788c436268f3b690699ec54b917,wll2341,="1539960012071649325",普通订单,等待买家确认收货,,1,329.0,0.0,0.0,0.0,868.0,2021天猫年货买不停跨店满减，30.000000;年货价，828.000000;10，10.000000,,,2021-01-27 00:44:02,2021-01-27 00:44:07,,,2021-01-27 15:37:32,,辽宁省,本溪市,明山区,
TAOBAO,ceres旗舰店,40f931b109e481410666b23c60d83423,空之轨迹传说,="1540028916612159129",普通订单,等待买家确认收货,,1,288.83,0.0,0.0,0.0,908.17,10，10.000000;年货价，858.000000;taojinbi，10.170000;2021天猫年货买不停跨店满减，30.000000,,,2021-01-27 06:22:45,2021-01-27 06:22:51,,,2021-01-27 15:41:39,,浙江省,杭州市,江干区,
TAOBAO,ceres旗舰店,83ebe490d379c56f934bcda7352ae291,y15738869139,="1540046846784643440",普通订单,等待买家确认收货,,1,276.22,0.0,0.0,0.0,881.78,10，10.000000;2021天猫年货买不停跨店满减，30.000000;taojinbi，9.780000;年货价，832.000000,,白1双支自饮套餐*1  小鹿酒塞*1,2021-01-26 14:57:14,2021-01-26 14:57:30,,,2021-01-26 15:58:58,,河南省,信阳市,罗山县,
TAOBAO,ceres旗舰店,22e2510c656575a0f4ac24a8ceb26944,tsavannah,="1540048716798412819",普通订单,等待买家确认收货,,2,621.34,0.0,0.0,0.0,1694.66,年货价，1604.000000;taojinbi，10.660000;20，20.000000;2021天猫年货买不停跨店满减，60.000000,,,2021-01-27 07:25:24,2021-01-27 07:29:16,,,2021-01-27 15:37:32,,吉林省,吉林市,舒兰市,
TAOBAO,ceres旗舰店,edae220c3c570d9ca9e629a637783205,love昊00072200,="1540256184545260467",普通订单,等待买家确认收货,,1,156.78,0.0,0.0,0.0,437.22,2021天猫年货买不停跨店满减，16.850000;年货价，415.000000;taojinbi，5.370000,,白2单支自饮套餐*1 黑狗酒塞*1 ,2021-01-27 10:15:38,2021-01-27 10:15:58,,,2021-01-27 14:40:25,,浙江省,杭州市,西湖区,
TAOBAO,ceres旗舰店,4ffbcf47aa5fcd09e13f27e23576db3b,丫头love坏坏,="1540270911975860266",普通订单,交易成功,,1,164.68,0.0,0.0,0.0,429.32,年货价，415.000000;2021天猫年货买不停跨店满减，14.320000,,白2单支自饮套餐*1 小鹿酒塞*1 ,2021-01-26 14:38:25,2021-01-26 14:38:32,,,2021-01-26 15:58:58,2021-01-28 11:11:38,江苏省,南通市,崇川区,
TAOBAO,ceres旗舰店,835ee3b44da35431615e8ca8c43a167d,huo563982377,="1540272709384927135",普通订单,等待买家确认收货,,1,201.76,0.0,0.0,0.0,452.24,taojinbi，6.240000;年货价，446.000000,,,2021-01-26 19:11:05,2021-01-26 19:11:10,,,2021-01-27 15:41:38,,浙江省,杭州市,拱墅区,
TAOBAO,ceres旗舰店,d7294c235285a851ac5a10a623a4b2a6,longl03,="1540339850036388545",普通订单,交易成功,,1,316.0,0.0,0.0,0.0,842.0,2021天猫年货买不停跨店满减，30.000000;年货价，802.000000;10，10.000000,,白1双支礼盒套餐*1  白1*1 小鹿酒塞*1,2021-01-26 17:13:26,2021-01-26 17:13:30,,,2021-01-26 17:48:15,2021-01-29 19:51:59,北京市,市辖区,房山区,
TAOBAO,ceres旗舰店,d7294c235285a851ac5a10a623a4b2a6,longl03,="1540391763855388545",普通订单,交易成功,,2,608.0,0.0,0.0,0.0,1786.0,2021天猫年货买不停跨店满减，60.000000;10，10.000000;年货价，1716.000000,,,2021-01-26 15:38:02,2021-01-26 15:38:05,,,2021-01-26 17:48:15,2021-01-29 19:52:09,北京市,市辖区,房山区,
TAOBAO,ceres旗舰店,25a4df155bbebab12a38fa7890327e8b,假如斷了思念,="1540722099496433747",普通订单,交易成功,,1,328.61,0.0,0.0,0.0,868.39,10，10.000000;年货价，828.000000;2021天猫年货买不停跨店满减，30.000000;taojinbi，0.390000,,发顺丰！！！  白1红1礼盒套餐*1 黑狗酒塞*1,2021-01-26 18:02:01,2021-01-26 18:02:14,,,2021-01-26 18:15:30,2021-01-27 12:37:53,浙江省,湖州市,德清县,
TAOBAO,ceres旗舰店,54ca04960aafeb0569ec897c38a4ed47,zwswylove,="1540783585679524473",普通订单,等待买家确认收货,,1,315.72,0.0,0.0,0.0,842.28,10，10.000000;2021天猫年货买不停跨店满减，30.000000;taojinbi，0.280000;年货价，802.000000,,,2021-01-26 23:43:34,2021-01-26 23:43:39,,,2021-01-27 15:37:33,,辽宁省,大连市,沙河口区,
TAOBAO,ceres旗舰店,d9c3a6b8e0f48205eec62c94ebede8ee,统一中华民族,="1540894861445148761",普通订单,等待买家确认收货,,1,276.22,0.0,0.0,0.0,881.78,taojinbi，9.780000;2021天猫年货买不停跨店满减，30.000000;年货价，832.000000;10，10.000000,,,2021-01-27 04:07:16,2021-01-27 04:07:25,,,2021-01-27 15:41:39,,江苏省,南京市,六合区,
TAOBAO,ceres旗舰店,2b555748231bda0c3ffa8255d104a7ae,suxiao19901130,="1540923084073916923",普通订单,等待买家确认收货,,5,1604.5,0.0,0.0,0.0,4380.5,taojinbi，0.500000;2021天猫年货买不停跨店满减，180.000000;60，60.000000;年货价，4140.000000,,白1红1双支礼盒套餐*5  退170元,2021-01-27 14:56:28,2021-01-27 14:58:12,,,2021-01-27 15:41:38,,安徽省,六安市,金寨县,
TAOBAO,ceres旗舰店,6d58c6d665a95c21ab476dce2e0b7c72,丶勿心,="1540928774617235058",普通订单,等待买家确认收货,,1,320.52,0.0,0.0,0.0,837.48,taojinbi，0.170000;10，10.000000;2021天猫年货买不停跨店满减，25.310000;年货价，802.000000,,,2021-01-26 21:43:36,2021-01-26 21:44:00,,,2021-01-27 15:41:37,,浙江省,绍兴市,越城区,
TAOBAO,ceres旗舰店,ee75fa820514a9db808ba4bf57346c31,tb203386123,="1540942706829639258",普通订单,交易成功,,1,315.77,0.0,0.0,0.0,842.23,年货价，802.000000;taojinbi，0.230000;10，10.000000;2021天猫年货买不停跨店满减，30.000000,,,2021-01-26 21:51:40,2021-01-26 21:51:47,,,2021-01-27 15:37:32,2021-01-30 15:16:55,辽宁省,本溪市,明山区,
TAOBAO,ceres旗舰店,12ce25968bc5851fc015103eecd1ff54,nemo866,="1540969202884305726",普通订单,等待买家确认收货,,1,317.93,0.0,0.0,0.0,840.07,taojinbi，11.070000;10，10.000000;2021天猫年货买不停跨店满减，30.000000;年货价，789.000000,,,2021-01-26 22:05:59,2021-01-26 22:06:09,,,2021-01-27 15:41:38,,上海市,市辖区,普陀区,
TAOBAO,ceres旗舰店,a5db56c871a2e1bdf10828b16c853da6,你不在7,="1540986122403346030",普通订单,等待买家确认收货,,5,1479.9,0.0,0.0,0.0,4310.1,60，60.000000;年货价，4095.000000;taojinbi，5.100000;2021天猫年货买不停跨店满减，150.000000,,白2红2双支自饮套餐*5  白2*1 白猫酒塞*1,2021-01-26 22:14:48,2021-01-26 22:15:01,,,2021-01-27 14:40:25,,浙江省,台州市,路桥区,
TAOBAO,ceres旗舰店,da0fe6f5db15fa8bd990c41ff8016828,cqq9258,="1541030438936125433",普通订单,等待买家确认收货,,1,276.22,0.0,0.0,0.0,881.78,2021天猫年货买不停跨店满减，30.000000;10，10.000000;年货价，832.000000;taojinbi，9.780000,,,2021-01-26 22:40:44,2021-01-26 22:40:49,,,2021-01-27 15:41:38,,北京市,市辖区,朝阳区,
TAOBAO,ceres旗舰店,32fe8ed91785029bc86f08242eaed1c9,六道轮回只剩残骸,="1541031732500292720",普通订单,等待买家确认收货,,1,314.31,0.0,0.0,0.0,843.69,2021天猫年货买不停跨店满减，33.620000;taojinbi，11.070000;10，10.000000;年货价，789.000000,,发顺丰！！白2红2双支礼盒套餐*1 黑猫酒塞*1 ,2021-01-27 15:53:13,2021-01-27 15:54:57,,,2021-01-27 16:37:16,,湖北省,荆门市,钟祥市,
TAOBAO,ceres旗舰店,69a95464d479515cde5e169940435e05,静静198606160383,="1541046926828398285",普通订单,等待买家确认收货,,2,613.85,0.0,0.0,0.0,20.0,20，20.000000,,,2021-01-26 22:50:15,2021-01-26 22:50:38,,,2021-01-27 15:41:39,,山东省,菏泽市,曹县,
TAOBAO,ceres旗舰店,494157f9cec5cb5e12e50de1c833c103,hejicu,="1541053368725884959",普通订单,交易成功,,1,323.0,0.0,0.0,0.0,835.0,2021天猫年货买不停跨店满减，20.520000;10，10.000000;taojinbi，2.480000;年货价，802.000000,,白1双支礼盒套餐*1 黑猫酒塞*1,2021-01-27 16:04:04,2021-01-27 16:04:12,,,2021-01-27 17:22:02,2021-01-29 19:16:08,北京市,市辖区,朝阳区,
TAOBAO,ceres旗舰店,3f79ede5a9e54e5282e720deabe268d7,鹏19930324,="1541195247838558381",普通订单,等待买家确认收货,,1,317.93,0.0,0.0,0.0,840.07,年货价，789.000000;10，10.000000;taojinbi，11.070000;2021天猫年货买不停跨店满减，30.000000,,白2红2礼盒套餐*1  黑狗酒塞*1,2021-01-26 21:44:39,2021-01-26 21:44:47,,,2021-01-27 14:40:25,,重庆市,市辖区,北碚区,
TAOBAO,ceres旗舰店,93252a44bf7bd8b4c166a50b61fe31a6,morning枣,="1541221094814667164",普通订单,等待买家确认收货,,1,173.63,0.0,0.0,0.0,420.37,年货价，415.000000;taojinbi，5.370000,,白1单只自饮套餐*1 小兔酒塞*1,2021-01-27 02:03:17,2021-01-27 02:03:29,,,2021-01-27 14:40:25,,江苏省,无锡市,江阴市,
TAOBAO,ceres旗舰店,a4c40ad19856cde9ba575cd4f7b8864d,河畔小区福,="1541238806274273177",普通订单,等待买家确认收货,,1,316.0,0.0,0.0,0.0,842.0,10，10.000000;2021天猫年货买不停跨店满减，30.000000;年货价，802.000000,,,2021-01-27 03:25:35,2021-01-27 03:25:45,,,2021-01-27 15:37:33,,辽宁省,盘锦市,双台子区,
TAOBAO,ceres旗舰店,852d02d5e362316e617712425f0b2e29,tb072993209,="1541313795445511221",普通订单,等待买家确认收货,,1,286.0,0.0,0.0,0.0,872.0,10，10.000000;年货价，832.000000;2021天猫年货买不停跨店满减，30.000000,,,2021-01-26 22:46:38,2021-01-26 22:46:46,,,2021-01-27 15:41:39,,天津市,市辖区,南开区,
TAOBAO,ceres旗舰店,d434fb14eae5e7acad2299c2e1a8a29e,御后宫三千,="1541355985136460948",普通订单,交易成功,,1,299.0,0.0,0.0,0.0,859.0,2021天猫年货买不停跨店满减，30.000000;10，10.000000;年货价，819.000000,,发顺丰！！！ 白2红2双支自饮套餐*1  白猫酒塞*1 ,2021-01-27 11:31:34,2021-01-27 11:31:37,,,2021-01-27 14:37:57,2021-01-28 10:15:37,江苏省,苏州市,苏州工业园区,
TAOBAO,ceres旗舰店,d26e19965cc084d69fc5c7e5b21939ed,寒林1996,="1541462798521669066",普通订单,等待买家确认收货,,3,887.81,0.0,0.0,0.0,40.0,40，40.000000,,买6瓶送1瓶【数云备注】,2021-01-27 10:03:27,2021-01-27 10:03:33,,,2021-01-27 14:40:25,,四川省,成都市,新都区,
TAOBAO,ceres旗舰店,7c5a6127197a713b0e920fa7ddafe00f,我爱云森人,="1541465677617404821",普通订单,等待买家确认收货,,1,296.7,0.0,0.0,0.0,861.3,taojinbi，2.300000;年货价，819.000000;10，10.000000;2021天猫年货买不停跨店满减，30.000000,,白2红2双支自饮套餐*1  黑猫酒塞*1,2021-01-27 12:13:14,2021-01-27 12:13:35,,,2021-01-27 14:40:25,,重庆市,市辖区,江北区,
TAOBAO,ceres旗舰店,0cde6367514ce4d9608b9f59bf8bd528,温州逍遥游戴,="1541478027961796186",普通订单,等待买家确认收货,,1,298.83,0.0,0.0,0.0,898.17,taojinbi，0.170000;年货价，858.000000;2021天猫年货买不停跨店满减，30.000000;10，10.000000,,,2021-01-27 01:34:26,2021-01-27 01:34:30,,,2021-01-27 15:41:38,,浙江省,温州市,鹿城区,
TAOBAO,ceres旗舰店,3477908a034fbf42f23ef86dda268d9b,躲猫猫猫猫啊,="1541699497765071438",普通订单,等待买家确认收货,,1,285.96,0.0,0.0,0.0,872.04,年货价，832.000000;taojinbi，0.040000;10，10.000000;2021天猫年货买不停跨店满减，30.000000,,发顺丰  白1双支自饮套餐*1  黑猫酒塞*1,2021-01-27 14:01:33,2021-01-27 14:01:42,,,2021-01-27 14:57:15,,宁夏回族自治区,银川市,兴庆区,
TAOBAO,ceres旗舰店,ec990ed2b8eb8625fc2bbe778c8d2e35,大临朐小人物,="1541705725730090016",普通订单,等待买家确认收货,,3,977.0,0.0,0.0,0.0,2497.0,2021天猫年货买不停跨店满减，90.000000;40，40.000000;年货价，2367.000000,,发顺丰！！ 白2红2双支礼盒套餐*3  白2*1  小兔酒塞*1 ,2021-01-27 14:04:07,2021-01-27 14:05:51,,,2021-01-27 14:57:16,,山东省,潍坊市,临朐县,
TAOBAO,ceres旗舰店,1fb57abaeba20e3c25a7e41311c12c7f,追赶乌龟的小黄,="1541790037534470842",普通订单,交易成功,,2,627.73,0.0,0.0,0.0,1688.27,2021天猫年货买不停跨店满减，60.000000;年货价，1604.000000;taojinbi，4.270000;20，20.000000,,,2021-01-27 14:48:00,2021-01-27 14:48:07,,,2021-01-27 17:46:18,2021-01-31 20:20:36,辽宁省,抚顺市,清原满族自治县,
TAOBAO,ceres旗舰店,2fcddaf20bb4dff65b19bfea9860ecda,星星上的花56223131,="1542128799346161530",普通订单,等待买家确认收货,,1,317.93,0.0,0.0,0.0,840.07,10，10.000000;2021天猫年货买不停跨店满减，30.000000;taojinbi，11.070000;年货价，789.000000,,发顺丰！！！ 白2红2双支礼盒套餐*1  白兔酒塞*1 ,2021-01-27 12:34:05,2021-01-27 12:34:15,,,2021-01-27 14:37:58,,浙江省,金华市,义乌市,
TAOBAO,ceres旗舰店,93afb6e996b30a2829ac02b2f190beaa,mrlb911011,="1542155978493039754",普通订单,交易成功,,1,288.83,0.0,0.0,0.0,869.17,年货价，819.000000;taojinbi，10.170000;2021天猫年货买不停跨店满减，30.000000;10，10.000000,,白2红2双支自饮套餐*1 黑狗酒塞*1,2021-01-27 14:56:47,2021-01-27 14:56:52,,,2021-01-27 15:41:39,2021-01-30 23:56:16,四川省,雅安市,天全县,
TAOBAO,ceres旗舰店,41ff88be6ee5221c1ccfcf943329215e,潘瑛瑛1118,="1542205477180280432",普通订单,等待买家确认收货,,1,307.62,0.0,0.0,0.0,889.38,2021天猫年货买不停跨店满减，21.240000;年货价，858.000000;10，10.000000;taojinbi，0.140000,,,2021-01-27 18:03:19,2021-01-27 18:03:29,,,2021-01-28 15:13:38,,浙江省,舟山市,嵊泗县,
TAOBAO,ceres旗舰店,6da3aedb94ade0d9a609df84ba0f42b9,魔鬼伯爵0,="1542226683137132979",普通订单,等待买家确认收货,,1,292.6,0.0,0.0,0.0,865.4,taojinbi，6.400000;10，10.000000;2021天猫年货买不停跨店满减，30.000000;年货价，819.000000,,白2红2双支自饮套餐*1  兔子酒塞*1,2021-01-27 13:17:46,2021-01-27 13:17:52,,,2021-01-27 15:41:38,,广东省,汕尾市,海丰县,
TAOBAO,ceres旗舰店,2cb4073ba4293a8ec9820c0dd36057a9,jc488236616,="1542321648023319777",普通订单,等待买家确认收货,,1,298.98,0.0,0.0,0.0,859.02,10，10.000000;2021天猫年货买不停跨店满减，30.000000;taojinbi，0.020000;年货价，819.000000,,,2021-01-28 09:45:47,2021-01-28 09:45:52,,,2021-01-28 15:13:37,,广东省,江门市,台山市,
TAOBAO,ceres旗舰店,5623b97d58aba6d18bcc45be361b55b9,yyisbest,="1542399516669000763",普通订单,交易成功,,1,283.95,0.0,0.0,0.0,874.05,10，10.000000;年货价，832.000000;2021天猫年货买不停跨店满减，30.000000;taojinbi，2.050000,,白1双支自饮套餐*1 黑猫酒塞*1,2021-01-28 10:27:38,2021-01-28 10:27:46,,,2021-01-28 14:59:36,2021-01-30 12:58:33,上海市,市辖区,松江区,
TAOBAO,ceres旗舰店,7ff0c0f023e875007bad68cea87b705e,tb334635561,="1542442249725842471",普通订单,交易成功,,1,288.83,0.0,0.0,0.0,869.17,年货价，819.000000;10，10.000000;taojinbi，10.170000;2021天猫年货买不停跨店满减，30.000000,,白2红2自饮套餐*1 黑猫酒塞*1,2021-01-27 19:51:59,2021-01-27 19:52:06,,,2021-01-28 14:59:36,2021-01-30 19:13:16,福建省,莆田市,秀屿区,
TAOBAO,ceres旗舰店,c2b79bf27f315f6f3a4c8698ccf4fb4d,tb238241290,="1542543265323061168",普通订单,等待买家确认收货,,1,288.83,0.0,0.0,0.0,908.17,年货价，858.000000;taojinbi，10.170000;2021天猫年货买不停跨店满减，30.000000;10，10.000000,,白1红1双支自饮套餐*1 小鹿酒塞*1,2021-01-27 20:37:47,2021-01-27 20:37:57,,,2021-01-28 14:59:37,,浙江省,杭州市,下城区,
TAOBAO,ceres旗舰店,3b6580ca961bea6983cff9a8977eb7b9,落在千岛,="1542566737022385021",普通订单,等待买家确认收货,,1,995.86,0.0,0.0,0.0,2568.14,2021天猫年货买不停跨店满减，90.000000;40，40.000000;taojinbi，2.140000;年货价，2436.000000,,白2*8  海马刀*1 （中文背标贴底部，好撕一点）,2021-01-27 20:47:52,2021-01-27 20:48:10,,,2021-01-28 13:13:21,,陕西省,咸阳市,秦都区,
TAOBAO,ceres旗舰店,18d5df2eae4be0004068f6e8e657aba8,lgcxm,="1542769380110459728",普通订单,等待买家确认收货,,1,294.57,0.0,0.0,0.0,863.43,年货价，819.000000;2021天猫年货买不停跨店满减，30.000000;taojinbi，4.430000;10，10.000000,,,2021-01-28 12:39:01,2021-01-28 12:39:07,,,2021-01-28 15:13:37,,浙江省,金华市,义乌市,
TAOBAO,ceres旗舰店,86f5e929e0378b9daeaa2cef59ee2b37,代你装逼带你非,="1542789504267938614",普通订单,等待买家确认收货,,1,305.32,0.0,0.0,0.0,852.68,taojinbi，10.680000;2021天猫年货买不停跨店满减，30.000000;年货价，802.000000;10，10.000000,,白1双支礼盒套餐*1 小鹿酒塞*1 ,2021-01-28 12:49:08,2021-01-28 12:49:33,,,2021-01-28 14:59:37,,广东省,揭阳市,揭东区,
TAOBAO,ceres旗舰店,9e267ac1a24e4db2206cc30a57a9c4a8,qingxinyaxuan,="1542819349247353236",普通订单,等待买家确认收货,,1,350.33,0.0,0.0,0.0,1023.67,年货价，976.000000;10，10.000000;2021天猫年货买不停跨店满减，37.670000,,红1双支自饮套餐*1 小鹿酒塞*1 ,2021-01-27 22:57:37,2021-01-27 22:57:47,,,2021-01-28 14:59:37,,江苏省,常州市,新北区,
TAOBAO,ceres旗舰店,e39a1e13f713002b50cdb9ac8ab057d3,北京刘启轩,="1542852648537477235",普通订单,交易成功,,1,276.67,0.0,0.0,0.0,881.33,2021天猫年货买不停跨店满减，30.000000;taojinbi，9.330000;10，10.000000;年货价，832.000000,,,2021-01-28 13:19:53,2021-01-28 13:19:57,,,2021-01-28 15:13:38,2021-02-01 15:30:03,天津市,市辖区,滨海新区,
TAOBAO,ceres旗舰店,95d353ef20e51767e9851e0f407b411d,tb810079137,="1542861470639306627",普通订单,交易成功,,1,288.83,0.0,0.0,0.0,908.17,年货价，858.000000;10，10.000000;taojinbi，10.170000;2021天猫年货买不停跨店满减，30.000000,,,2021-01-27 20:20:02,2021-01-27 20:20:09,,,2021-01-28 15:13:39,2021-01-31 11:48:22,北京市,市辖区,朝阳区,
TAOBAO,ceres旗舰店,b9a5239f87d38446f884c286ffb68c16,瞌睡宝宝07,="1542871368399531119",普通订单,等待买家确认收货,,1,288.83,0.0,0.0,0.0,908.17,2021天猫年货买不停跨店满减，30.000000;年货价，858.000000;10，10.000000;taojinbi，10.170000,,发顺丰！！ ,2021-01-28 13:29:36,2021-01-28 13:29:43,,,2021-01-28 14:52:14,,山东省,威海市,环翠区,
TAOBAO,ceres旗舰店,03663f716d2c34a059524d548ab61d53,郭子涵8456,="1542922813032343429",普通订单,等待买家确认收货,,1,298.45,0.0,0.0,0.0,859.55,taojinbi，0.550000;2021天猫年货买不停跨店满减，30.000000;年货价，819.000000;10，10.000000,,,2021-01-28 00:13:12,2021-01-28 00:13:18,,,2021-01-28 15:13:38,,江苏省,南京市,建邺区,
TAOBAO,ceres旗舰店,512b4e006c33f0591e245ef62dbbd79a,tb77119,="1542943514502954461",普通订单,交易成功,,1,297.5,0.0,0.0,0.0,899.5,2021天猫年货买不停跨店满减，30.000000;年货价，858.000000;taojinbi，1.500000;10，10.000000,,发顺丰！！！白1红1自饮套餐*1 黑猫酒塞*1,2021-01-27 20:56:08,2021-01-27 20:56:12,,,2021-01-28 14:52:14,2021-01-31 19:37:19,北京市,市辖区,海淀区,
TAOBAO,ceres旗舰店,d28447b36d990460af1557fe27fa4a38,孤夜旋影,="1542991359539858614",普通订单,等待买家确认收货,,3,877.91,0.0,0.0,0.0,40.0,40，40.000000,麻烦发顺丰，61。谢谢,发顺丰！！！白2双支自饮套餐*1 白2双支礼盒套餐*2 白2*1 小兔酒塞*2,2021-01-27 19:25:22,2021-01-27 19:25:32,,,2021-01-28 09:09:30,,湖北省,武汉市,洪山区,
TAOBAO,ceres旗舰店,f8c40d579563c304e8933cf9485619b9,tb04290599,="1543044744076211061",普通订单,等待买家确认收货,,1,317.93,0.0,0.0,0.0,879.07,2021天猫年货买不停跨店满减，30.000000;10，10.000000;年货价，828.000000;taojinbi，11.070000,,白1红1双支礼盒套餐*1 白1*1  白猫酒塞*1 ,2021-01-28 14:58:00,2021-01-28 14:58:39,,,2021-01-28 15:13:38,,山东省,东营市,东营区,
TAOBAO,ceres旗舰店,43b7df239c4e98de89ba9a4b0fe77c07,alicksun14,="1543087838065479477",普通订单,交易成功,,3,871.09,0.0,0.0,0.0,2719.91,40，40.000000;taojinbi，15.910000;2021天猫年货买不停跨店满减，90.000000;年货价，2574.000000,,发顺丰！！！白1红1自饮套餐*3 红1*1  黑猫酒塞*1,2021-01-27 22:03:46,2021-01-27 22:03:59,,,2021-01-28 09:09:29,2021-01-31 11:38:25,浙江省,嘉兴市,秀洲区,
TAOBAO,ceres旗舰店,0f5462c7218be922f2d4eebdbdc95b59,张文杰1971,="1543115844560434362",普通订单,等待买家确认收货,,1,298.96,0.0,0.0,0.0,859.04,taojinbi，0.040000;2021天猫年货买不停跨店满减，30.000000;年货价，819.000000;10，10.000000,,白2红2双支自饮套装*1  白猫酒塞*1,2021-01-28 15:35:09,2021-01-28 15:35:14,,,2021-01-28 17:33:26,,广东省,深圳市,南山区,
TAOBAO,ceres旗舰店,5222bf7493f2e6b035497e2c25bbdbdd,t_1507900465272_0195,="1543199616854753277",普通订单,交易成功,,1,288.83,0.0,0.0,0.0,869.17,年货价，819.000000;taojinbi，10.170000;2021天猫年货买不停跨店满减，30.000000;10，10.000000,,白2红2双支自饮套餐*1  白猫酒塞*1 ,2021-01-28 16:17:50,2021-01-28 16:17:53,,,2021-01-28 17:33:26,2021-02-02 11:17:43,山东省,日照市,东港区,
TAOBAO,ceres旗舰店,e0686475894f93da104ad3788fcb6ab1,allenapple19,="1543288897632641565",普通订单,等待买家确认收货,,1,305.32,0.0,0.0,0.0,852.68,10，10.000000;年货价，802.000000;2021天猫年货买不停跨店满减，30.000000;taojinbi，10.680000,,,2021-01-28 10:31:56,2021-01-28 10:32:02,,,2021-01-28 15:13:38,,浙江省,嘉兴市,桐乡市,
TAOBAO,ceres旗舰店,e9008e9ef523bdd5855cb9ab175eccd9,未知超人x,="1543307403325354224",普通订单,等待买家确认收货,,3,840.28,0.0,0.0,0.0,2633.72,年货价，2496.000000;40，40.000000;taojinbi，7.720000;2021天猫年货买不停跨店满减，90.000000,,买6瓶送1瓶【数云备注】,2021-01-27 21:47:31,2021-01-27 21:48:23,,,2021-01-28 14:59:36,,山东省,青岛市,即墨区,
TAOBAO,ceres旗舰店,58dbcc4b9a90653b2e07687d1b85b0d8,阿拉丘,="1543366009014868576",普通订单,等待买家确认收货,,1,305.32,0.0,0.0,0.0,852.68,10，10.000000;年货价，802.000000;2021天猫年货买不停跨店满减，30.000000;taojinbi，10.680000,多送一个礼袋感谢,发顺丰！！ 白2双支礼盒套餐*1  冰酒礼袋*1  白猫酒塞*1 ,2021-01-28 10:59:46,2021-01-28 10:59:55,,,2021-01-28 14:52:13,,北京市,市辖区,海淀区,
TAOBAO,ceres旗舰店,a281d70d1a155036f188da2b685f91ae,lily12116,="1543416375655909967",普通订单,等待买家确认收货,,1,956.5,0.0,0.0,0.0,2517.5,40，40.000000;年货价，2386.000000;2021天猫年货买不停跨店满减，90.000000;taojinbi，1.500000,,买6瓶送1瓶【数云备注】,2021-01-27 22:48:45,2021-01-27 22:48:54,,,2021-01-28 14:59:36,,安徽省,马鞍山市,花山区,
TAOBAO,ceres旗舰店,320694f45251fb2b70cd747ab8b9ad81,丫丫布丁echo,="1543417418847352174",普通订单,等待买家确认收货,,1,288.83,0.0,0.0,0.0,908.17,年货价，858.000000;2021天猫年货买不停跨店满减，30.000000;10，10.000000;taojinbi，10.170000,,,2021-01-28 07:58:06,2021-01-28 07:58:19,,,2021-01-28 15:13:38,,四川省,巴中市,恩阳区,
TAOBAO,ceres旗舰店,262bda6a5c2ae27f4f72225d89354403,jerry070226,="1543464289922554982",普通订单,交易成功,,1,298.77,0.0,0.0,0.0,898.23,2021天猫年货买不停跨店满减，30.000000;10，10.000000;年货价，858.000000;taojinbi，0.230000,,发顺丰！！！ 白1红1双支自饮套餐*1 白狗酒塞*1 ,2021-01-28 11:31:05,2021-01-28 11:31:09,,,2021-01-28 14:52:13,2021-01-30 12:16:34,上海市,市辖区,长宁区,
TAOBAO,ceres旗舰店,cdad7bef304707b018b4856d15f1cd69,tb153497249,="1543535820003112433",普通订单,等待买家确认收货,,1,320.53,0.0,0.0,0.0,876.47,10，10.000000;taojinbi，8.470000;年货价，828.000000;2021天猫年货买不停跨店满减，30.000000,,,2021-01-28 18:45:17,2021-01-28 18:45:22,,,2021-01-29 15:11:18,,河南省,三门峡市,灵宝市,
TAOBAO,ceres旗舰店,5d2fb92460dae9135687629b1edb752b,phoebehxz,="1543788470260510661",普通订单,等待买家确认收货,,1,290.95,0.0,0.0,0.0,867.05,10，10.000000;2021天猫年货买不停跨店满减，22.610000;taojinbi，2.440000;年货价，832.000000,,发顺丰！！,2021-01-28 11:20:18,2021-01-28 11:20:27,,,2021-01-28 14:52:14,,浙江省,杭州市,下城区,
TAOBAO,ceres旗舰店,101e2e84c4a4d2b36e6df41957ffae10,gnniebabe,="1543808593884781848",普通订单,等待买家确认收货,,1,315.94,0.0,0.0,0.0,842.06,taojinbi，0.060000;2021天猫年货买不停跨店满减，30.000000;年货价，802.000000;10，10.000000,,,2021-01-28 13:56:14,2021-01-28 13:56:22,,,2021-01-28 15:13:38,,广东省,深圳市,南山区,
TAOBAO,ceres旗舰店,f55c8cd4a949a57078799d147317b4c3,981125778qqcom,="1543819105904473238",普通订单,等待买家确认收货,,1,318.21,0.0,0.0,0.0,878.79,2021天猫年货买不停跨店满减，30.000000;年货价，828.000000;10，10.000000;taojinbi，10.790000,,发顺丰！！！  不放售后卡,2021-01-28 14:01:36,2021-01-28 14:01:44,,,2021-01-28 14:52:13,,山西省,吕梁市,离石区,
TAOBAO,ceres旗舰店,38b6adeb801b8b222d51932d97ef3309,戈壁滩下的念想,="1543843188570265541",普通订单,交易成功,,4,1264.0,0.0,0.0,0.0,3368.0,2021天猫年货买不停跨店满减，120.000000;40，40.000000;年货价，3208.000000,,发顺丰！！白1双支礼盒套餐*5,2021-01-28 21:14:12,2021-01-28 21:28:40,,,2021-01-29 09:12:14,2021-02-01 12:45:55,江苏省,南京市,玄武区,
TAOBAO,ceres旗舰店,f8c40d579563c304e8933cf9485619b9,tb04290599,="1543928977362211061",普通订单,等待买家确认收货,,2,635.86,0.0,0.0,0.0,1758.14,年货价，1656.000000;taojinbi，22.140000;2021天猫年货买不停跨店满减，60.000000;20，20.000000,,,2021-01-28 14:54:51,2021-01-28 14:54:59,,,2021-01-28 17:42:03,,湖北省,荆州市,荆州区,
TAOBAO,ceres旗舰店,4bbdc70dee32257bd822e8cb4e241149,ck88888888888888,="1543976931020590463",普通订单,等待买家确认收货,,1,289.71,0.0,0.0,0.0,868.29,taojinbi，9.290000;10，10.000000;2021天猫年货买不停跨店满减，30.000000;年货价，819.000000,,,2021-01-28 11:02:02,2021-01-28 11:02:10,,,2021-01-28 15:13:38,,重庆市,市辖区,沙坪坝区,
TAOBAO,ceres旗舰店,aa9f346b427099c570bf65e2e7c10067,wekysun405,="1544040183644941682",普通订单,等待买家确认收货,,1,288.83,0.0,0.0,0.0,908.17,2021天猫年货买不停跨店满减，30.000000;年货价，858.000000;10，10.000000;taojinbi，10.170000,,,2021-01-28 11:21:45,2021-01-28 11:21:49,,,2021-01-28 15:13:39,,湖南省,湘西土家族苗族自治州,吉首市,
TAOBAO,ceres旗舰店,62e4baf2144698d5747c91b6dda0be85,bleedragon,="1544134575793975516",普通订单,等待买家确认收货,,1,315.61,0.0,0.0,0.0,842.39,taojinbi，0.390000;10，10.000000;年货价，802.000000;2021天猫年货买不停跨店满减，30.000000,,,2021-01-28 11:53:49,2021-01-28 11:53:52,,,2021-01-28 15:13:39,,云南省,曲靖市,麒麟区,
TAOBAO,ceres旗舰店,70e96c8b2e9e7c0f73d658cbff90f54b,promontory7,="1544148612238721834",普通订单,等待买家确认收货,,1,325.3,0.0,0.0,0.0,871.7,10，10.000000;2021天猫年货买不停跨店满减，32.940000;taojinbi，0.760000;年货价，828.000000,,,2021-01-29 00:38:01,2021-01-29 00:38:06,,,2021-01-29 15:11:18,,广东省,广州市,黄埔区,
TAOBAO,ceres旗舰店,8816acb155c6321b861807e005965abd,xsz861,="1544153077443304567",普通订单,等待买家确认收货,,1,299.0,0.0,0.0,0.0,898.0,年货价，858.000000;2021天猫年货买不停跨店满减，30.000000;10，10.000000,,,2021-01-28 16:47:51,2021-01-28 16:48:00,,,2021-01-28 17:42:03,,浙江省,温州市,乐清市,
TAOBAO,ceres旗舰店,74a96370debdec46e786a9909659c353,王霄燕一,="1544209416335880635",普通订单,等待买家确认收货,,1,329.0,0.0,0.0,0.0,868.0,年货价，828.000000;10，10.000000;2021天猫年货买不停跨店满减，30.000000,,,2021-01-29 05:09:19,2021-01-29 05:09:26,,,2021-01-29 15:11:19,,广东省,广州市,增城区,
TAOBAO,ceres旗舰店,7bc54118566d066b642d2d1c2bc9dd10,花儿朵朵天天开放,="1544212045485496212",普通订单,交易成功,,1,288.83,0.0,0.0,0.0,908.17,2021天猫年货买不停跨店满减，30.000000;taojinbi，10.170000;10，10.000000;年货价，858.000000,,发顺丰！！ 白1红1双支自饮套餐*1 香槟杯*2 ,2021-01-28 17:12:57,2021-01-28 17:13:15,,,2021-01-28 17:30:48,2021-02-01 16:42:24,内蒙古自治区,巴彦淖尔市,杭锦后旗,
TAOBAO,ceres旗舰店,6598179dad7109063e9c635a847529f6,请叫我太后娘娘sl,="1544302659315984934",普通订单,等待买家确认收货,,3,924.31,0.0,0.0,0.0,2549.69,年货价，2406.000000;2021天猫年货买不停跨店满减，103.690000;40，40.000000,,发顺丰！！ 白1双支礼盒套餐*3 冰酒礼袋*7 ,2021-01-28 13:02:15,2021-01-28 13:02:25,,,2021-01-28 14:52:14,,江苏省,南京市,鼓楼区,
TAOBAO,ceres旗舰店,f2e5dd75c3a199aeeb6fe791a20e4e82,qingfengczsc,="1544319576540682921",普通订单,等待买家确认收货,,1,276.22,0.0,0.0,0.0,881.78,taojinbi，9.780000;10，10.000000;2021天猫年货买不停跨店满减，30.000000;年货价，832.000000,,发顺丰！！！ 白1双支自饮套餐*1 白猫酒塞*1 ,2021-01-29 09:02:06,2021-01-29 09:02:17,,,2021-01-29 13:41:56,,湖北省,武汉市,汉南区,
TAOBAO,ceres旗舰店,21efa8bfb22d0ce1dbf0f3e9eda98c2b,shittytb,="1544451624512668712",普通订单,等待买家确认收货,,1,285.93,0.0,0.0,0.0,872.07,年货价，832.000000;2021天猫年货买不停跨店满减，30.000000;taojinbi，0.070000;10，10.000000,,,2021-01-29 10:23:41,2021-01-29 10:23:47,,,2021-01-29 15:11:18,,北京市,市辖区,西城区,
TAOBAO,ceres旗舰店,fd4b0edfa4b92070d27e6ee53432c0d8,tb575734414,="1544507174899596615",普通订单,等待买家确认收货,,1,320.15,0.0,0.0,0.0,837.85,taojinbi，0.480000;10，10.000000;2021天猫年货买不停跨店满减，25.370000;年货价，802.000000,,白2双支礼盒套餐*1  小鹿酒塞*1,2021-01-28 16:44:46,2021-01-28 16:44:56,,,2021-01-28 17:33:26,,山东省,东营市,东营区,
TAOBAO,ceres旗舰店,cca19027d12aed0429a206067ffcee8f,须妍妍,="1544530322662834145",普通订单,等待买家确认收货,,1,328.94,0.0,0.0,0.0,829.06,10，10.000000;年货价，789.000000;taojinbi，0.060000;2021天猫年货买不停跨店满减，30.000000,不用杯子,发顺丰！！！白2红2礼盒套餐*1（香槟杯不要，确认收货退10元差价）,2021-01-28 16:53:35,2021-01-28 16:59:45,,,2021-01-28 17:30:08,,江苏省,无锡市,梁溪区,
TAOBAO,ceres旗舰店,2ec7fc1078f1b7c73ccbe5b32d3838bb,asaderywcm,="1544622445482950830",普通订单,交易成功,,1,329.0,0.0,0.0,0.0,829.0,2021天猫年货买不停跨店满减，30.000000;10，10.000000;年货价，789.000000,,发顺丰！！！白2红2礼盒套餐*1  白狗酒塞*1,2021-01-28 20:17:47,2021-01-28 20:17:53,,,2021-01-29 09:12:14,2021-02-01 20:56:48,上海市,市辖区,嘉定区,
TAOBAO,ceres旗舰店,e92840084515b3a6ca0f7f6a3d5e164d,tb115293233,="1544634471625566177",普通订单,等待买家确认收货,,1,298.66,0.0,0.0,0.0,859.34,2021天猫年货买不停跨店满减，30.000000;10，10.000000;taojinbi，0.340000;年货价，819.000000,,,2021-01-28 15:50:44,2021-01-28 15:51:02,,,2021-01-28 17:42:03,,江西省,赣州市,龙南县,
TAOBAO,ceres旗舰店,93857cfc615c74d2565102e25829391a,tb041365906,="1544732209811144146",普通订单,等待买家确认收货,,1,321.03,0.0,0.0,0.0,875.97,taojinbi，7.970000;10，10.000000;2021天猫年货买不停跨店满减，30.000000;年货价，828.000000,,,2021-01-28 21:09:47,2021-01-28 21:10:01,,,2021-01-29 15:11:18,,重庆市,市辖区,,
TAOBAO,ceres旗舰店,9b28a20e56cc0c702954102cdb65d48b,mdj0009,="1544879739794017875",普通订单,交易成功,,2,1893.24,0.0,0.0,0.0,5054.76,60，60.000000;年货价，4772.000000;taojinbi，12.760000;2021天猫年货买不停跨店满减，210.000000,,发顺丰早班件！！ 白1六支装礼盒套餐*2 白1*2 香槟杯*12  确认收货退差价7元,2021-01-28 17:45:08,2021-01-28 17:45:20,,,2021-01-28 17:58:57,2021-02-02 09:41:32,海南省,省直辖县级行政区划,陵水黎族自治县,
TAOBAO,ceres旗舰店,15f24b4bb77de7e1eb3e5f76c38aa211,埃及小艳后0118,="1544884347523991152",普通订单,等待买家确认收货,,1,311.05,0.0,0.0,0.0,846.95,taojinbi，0.180000;年货价，802.000000;10，10.000000;2021天猫年货买不停跨店满减，34.770000,,白1双支礼盒套餐*1 黑猫酒塞*1,2021-01-28 17:46:21,2021-01-28 17:46:42,,,2021-01-29 13:44:03,,陕西省,延安市,延长县,
TAOBAO,ceres旗舰店,6d2414f6db8e5e7aee97aea6992a8f68,shicheng0123,="1544892123854683833",普通订单,等待买家确认收货,,1,299.0,0.0,0.0,0.0,898.0,2021天猫年货买不停跨店满减，30.000000;10，10.000000;年货价，858.000000,,,2021-01-28 17:51:06,2021-01-28 17:51:15,,,2021-01-29 15:11:18,,安徽省,滁州市,全椒县,
TAOBAO,ceres旗舰店,09ec880583f9f28406040bfd9689c9b0,死神的乐章2010,="1544933127015966369",普通订单,交易成功,,1,298.74,0.0,0.0,0.0,898.26,taojinbi，0.260000;年货价，858.000000;10，10.000000;2021天猫年货买不停跨店满减，30.000000,,,2021-01-28 18:06:54,2021-01-28 18:07:01,,,2021-01-29 15:11:18,2021-02-01 10:55:05,福建省,宁德市,福鼎市,
TAOBAO,ceres旗舰店,94a853fadc1712a200b59cac6ca36f73,tb64497347,="1544941152799553223",普通订单,交易成功,,1,286.0,0.0,0.0,0.0,872.0,年货价，832.000000;10，10.000000;2021天猫年货买不停跨店满减，30.000000,,发顺丰！！！ 白2双支自饮套餐*1 小兔酒塞*1 ,2021-01-29 13:40:37,2021-01-29 14:17:30,,,2021-01-29 15:09:34,2021-02-01 00:08:13,陕西省,渭南市,临渭区,
TAOBAO,ceres旗舰店,14b6c2afff626af4118a17992bb6dcc7,浮世浮沉26,="1544945942845031985",普通订单,等待买家确认收货,,1,276.61,0.0,0.0,0.0,881.39,taojinbi，9.390000;年货价，832.000000;10，10.000000;2021天猫年货买不停跨店满减，30.000000,,,2021-01-28 20:03:22,2021-01-28 20:03:29,,,2021-01-29 15:11:19,,广东省,深圳市,,
TAOBAO,ceres旗舰店,de9c77472eb14013a64f8cf7a6a4ea77,wangchao112243,="1544985613095448327",普通订单,等待买家确认收货,,1,328.86,0.0,0.0,0.0,868.14,年货价，828.000000;10，10.000000;2021天猫年货买不停跨店满减，30.000000;taojinbi，0.140000,,,2021-01-28 23:34:17,2021-01-28 23:34:22,,,2021-01-29 15:11:20,,天津市,市辖区,滨海新区,
TAOBAO,ceres旗舰店,118fa696d75dd5996e1901105f33fc2f,tb684147429,="1544989032071305169",普通订单,等待买家确认收货,,1,292.9,0.0,0.0,0.0,904.1,年货价，858.000000;10，10.000000;taojinbi，6.100000;2021天猫年货买不停跨店满减，30.000000,,白1红1双支自饮套餐*1 黑钻酒塞*1,2021-01-29 14:03:26,2021-01-29 14:04:29,,,2021-01-29 17:34:45,,广东省,阳江市,阳春市,
TAOBAO,ceres旗舰店,8138c59de68ad386bdc74d7c86769d82,wanzi_20091,="1545004981988129055",普通订单,等待买家确认收货,,1,291.68,0.0,0.0,0.0,866.32,2021天猫年货买不停跨店满减，33.390000;10，10.000000;年货价，819.000000;taojinbi，3.930000,,,2021-01-28 23:55:04,2021-01-28 23:55:22,,,2021-01-29 15:11:17,,山东省,淄博市,张店区,
TAOBAO,ceres旗舰店,d40f781358cdcc73fe7a18ebaec15881,gappsong51546245,="1545200138601032746",普通订单,交易成功,,2,578.43,0.0,0.0,0.0,20.0,20，20.000000,,,2021-01-28 22:08:04,2021-01-28 22:08:08,,,2021-01-29 15:11:18,2021-01-31 16:48:47,北京市,市辖区,西城区,
TAOBAO,ceres旗舰店,60e4554fa98e202c277557dd2a3b03cb,海上苍狼05312108765,="1545244561040660263",普通订单,等待买家确认收货,,1,276.68,0.0,0.0,0.0,881.32,10，10.000000;taojinbi，9.320000;年货价，832.000000;2021天猫年货买不停跨店满减，30.000000,,,2021-01-29 09:14:55,2021-01-29 09:15:19,,,2021-01-29 15:11:19,,江苏省,连云港市,赣榆区,
TAOBAO,ceres旗舰店,10eb62e223db3355f97ebef9321bf624,tiamo君,="1545292224521130862",普通订单,交易成功,,2,563.83,0.0,0.0,0.0,1752.17,2021天猫年货买不停跨店满减，60.000000;年货价，1664.000000;taojinbi，8.170000;20，20.000000,,,2021-01-29 16:34:15,2021-01-29 16:34:19,,,2021-01-29 17:39:01,2021-02-01 22:29:52,江苏省,苏州市,苏州工业园区,
TAOBAO,ceres旗舰店,64f9a6e52a7f46a0653870d378007059,避风港137,="1545304251458254446",普通订单,等待买家确认收货,,1,357.52,0.0,0.0,0.0,1016.48,10，10.000000;taojinbi，0.480000;2021天猫年货买不停跨店满减，30.000000;年货价，976.000000,,,2021-01-28 21:01:42,2021-01-28 21:03:11,,,2021-01-29 15:11:17,,福建省,福州市,平潭县,
TAOBAO,ceres旗舰店,faab9954f576e46d37ccb696589df72e,qin然然,="1545406741862237919",普通订单,交易成功,,1,285.51,0.0,0.0,0.0,872.49,2021天猫年货买不停跨店满减，33.320000;taojinbi，10.170000;10，10.000000;年货价，819.000000,,白2红2双支自饮套餐*1 黑猫酒塞*1 ,2021-01-29 10:45:05,2021-01-29 10:45:18,,,2021-01-29 13:44:03,2021-02-01 15:41:51,贵州省,黔西南布依族苗族自治州,兴义市,
TAOBAO,ceres旗舰店,e58b403daab52c7eed6c44c8e4488949,cindyxujun,="1545427874537838428",普通订单,交易成功,,1,288.83,0.0,0.0,0.0,908.17,年货价，858.000000;10，10.000000;taojinbi，10.170000;2021天猫年货买不停跨店满减，30.000000,,,2021-01-29 01:47:26,2021-01-29 01:47:30,,,2021-01-29 15:11:18,2021-01-31 02:33:58,上海市,市辖区,普陀区,
TAOBAO,ceres旗舰店,eb244090f612db6c8dab668c4f0a6738,janeknow,="1545551031040191957",普通订单,等待买家确认收货,,1,328.94,0.0,0.0,0.0,868.06,taojinbi，0.060000;2021天猫年货买不停跨店满减，30.000000;年货价，828.000000;10，10.000000,,,2021-01-28 23:18:50,2021-01-28 23:18:55,,,2021-01-29 15:11:19,,广东省,揭阳市,榕城区,
TAOBAO,ceres旗舰店,2ea6d2b0cdc8c3d97e402ef8a0444817,tc1612,="1545590304546541886",普通订单,等待买家确认收货,,1,294.58,0.0,0.0,0.0,863.42,年货价，819.000000;10，10.000000;taojinbi，4.420000;2021天猫年货买不停跨店满减，30.000000,,发顺丰！！！,2021-01-29 18:50:41,2021-01-29 18:50:44,,,2021-01-30 14:19:00,,北京市,市辖区,海淀区,
TAOBAO,ceres旗舰店,c4dddc7c0bd62e9454505c20e989dfbd,a15055423343,="1545612122845498577",普通订单,交易成功,,1,288.83,0.0,0.0,0.0,869.17,10，10.000000;年货价，819.000000;taojinbi，10.170000;2021天猫年货买不停跨店满减，30.000000,,白2红2双支自饮套餐*1 白狗酒塞*1 ,2021-01-29 09:33:07,2021-01-29 09:33:13,,,2021-01-29 13:44:03,2021-02-01 11:18:15,安徽省,淮南市,田家庵区,
TAOBAO,ceres旗舰店,523888887a9e1492c25feb2822d697e4,小希丫丫,="1545653233531401282",普通订单,等待买家确认收货,,1,329.0,0.0,0.0,0.0,829.0,年货价，789.000000;2021天猫年货买不停跨店满减，30.000000;10，10.000000,,发顺丰！！！,2021-01-29 12:06:44,2021-01-29 12:07:01,,,2021-01-29 13:41:56,,湖南省,株洲市,天元区,
TAOBAO,ceres旗舰店,0fd73820f30e8df6caf774d086974461,lizhi798232284,="1545695676220843140",普通订单,等待买家确认收货,,1,326.19,0.0,0.0,0.0,831.81,2021天猫年货买不停跨店满减，30.000000;taojinbi，2.810000;年货价，789.000000;10，10.000000,顺丰 谢谢,发顺丰！！白2红2礼盒套餐*1  白狗酒塞*1,2021-01-29 19:39:52,2021-01-29 19:40:03,,,2021-01-30 14:19:00,,陕西省,西安市,阎良区,
TAOBAO,ceres旗舰店,f7eb1c33558bf99e3b4aa76282e7b8d6,tb564811_44,="1545700538288535661",普通订单,等待买家确认收货,,1,289.18,0.0,0.0,0.0,868.82,10，10.000000;年货价，819.000000;taojinbi，9.820000;2021天猫年货买不停跨店满减，30.000000,,白2红2双支自饮套餐*1  白狗酒塞*1 ,2021-01-29 10:20:13,2021-01-29 10:20:17,,,2021-01-29 13:44:04,,北京市,市辖区,丰台区,
TAOBAO,ceres旗舰店,289a93de1df0e625658e6c1902cb6efc,zhouzhou13871113336,="1545780852947119773",普通订单,等待买家确认收货,,1,315.35,0.0,0.0,0.0,842.65,10，10.000000;2021天猫年货买不停跨店满减，30.000000;年货价，802.000000;taojinbi，0.650000,,,2021-01-29 20:20:05,2021-01-29 20:21:56,,,2021-01-30 15:17:49,,湖北省,武汉市,江汉区,
TAOBAO,ceres旗舰店,358ae876f5d34c23654400bd92867ef8,落枫2009,="1545803172036045438",普通订单,等待买家确认收货,,2,586.16,0.0,0.0,0.0,1807.84,20，20.000000;2021天猫年货买不停跨店满减，60.000000;taojinbi，11.840000;年货价，1716.000000,,,2021-01-29 20:29:34,2021-01-29 20:29:41,,,2021-01-30 15:17:50,,山东省,烟台市,海阳市,
TAOBAO,ceres旗舰店,8dc40608ccf33b3637c6082346cd1827,puppetreal,="1545808681049396460",普通订单,交易成功,,1,307.95,0.0,0.0,0.0,850.05,2021天猫年货买不停跨店满减，30.000000;年货价，802.000000;10，10.000000;taojinbi，8.050000,,,2021-01-29 13:16:09,2021-01-29 13:16:13,,,2021-01-29 15:11:18,2021-01-31 17:02:39,浙江省,宁波市,海曙区,
TAOBAO,ceres旗舰店,6d3d7931fc1e80ac0737687b0a69727a,小灰灰_1119,="1545865023290033328",普通订单,等待买家确认收货,,1,156.58,0.0,0.0,0.0,437.42,2021天猫年货买不停跨店满减，17.050000;taojinbi，5.370000;年货价，415.000000,,,2021-01-29 09:34:47,2021-01-29 09:34:58,,,2021-01-29 15:11:17,,上海市,市辖区,松江区,
TAOBAO,ceres旗舰店,f8eff14c69ae205b4ffbc1182ac41acc,freeskyeye,="1545910849323320145",普通订单,等待买家确认收货,,1,307.86,0.0,0.0,0.0,850.14,2021天猫年货买不停跨店满减，30.000000;10，10.000000;年货价，802.000000;taojinbi，8.140000,,,2021-01-29 14:08:40,2021-01-29 14:08:50,,,2021-01-29 17:39:01,,山东省,潍坊市,寿光市,
TAOBAO,ceres旗舰店,67da7756d3ee0f5f1eb6abd01362907a,萤萤小火虫,="1545987171414787875",普通订单,交易成功,,1,298.94,0.0,0.0,0.0,898.06,10，10.000000;2021天猫年货买不停跨店满减，30.000000;taojinbi，0.060000;年货价，858.000000,,白1红1双支自饮套餐*1  白狗酒塞*1 ,2021-01-29 10:39:31,2021-01-29 10:39:35,,,2021-01-29 13:44:03,2021-01-31 22:08:14,北京市,市辖区,西城区,
TAOBAO,ceres旗舰店,dc91a44406f59f91256eeb36b064b0dd,喜欢阿姆,="1546005924271879628",普通订单,等待买家确认收货,,1,328.52,0.0,0.0,0.0,868.48,年货价，828.000000;10，10.000000;2021天猫年货买不停跨店满减，30.000000;taojinbi，0.480000,,白1红1礼盒套餐*1 白猫酒塞*1,2021-01-29 22:08:34,2021-01-29 22:08:51,,,2021-01-30 14:23:18,,天津市,市辖区,和平区,
TAOBAO,ceres旗舰店,50c808576b9bb84c88f65dce384729fa,jiangzhu915,="1546028352175025516",普通订单,等待买家确认收货,,1,317.93,0.0,0.0,0.0,879.07,10，10.000000;年货价，828.000000;taojinbi，11.070000;2021天猫年货买不停跨店满减，30.000000,,,2021-01-29 22:20:07,2021-01-29 22:20:13,,,2021-01-30 15:17:48,,重庆市,市辖区,江津区,
TAOBAO,ceres旗舰店,c19bc37aea11349bd8fc16e3793ca288,满思佳1995525,="1546034365615284919",普通订单,等待买家确认收货,,1,298.95,0.0,0.0,0.0,898.05,10，10.000000;年货价，858.000000;taojinbi，0.050000;2021天猫年货买不停跨店满减，30.000000,,发顺丰！！！ ,2021-01-29 15:12:50,2021-01-29 15:12:59,,,2021-01-29 17:29:40,,北京市,市辖区,通州区,
TAOBAO,ceres旗舰店,02008766af8ecbd3e68c8212229e90da,nj玲子,="1546058270925883443",普通订单,等待买家确认收货,,1,276.22,0.0,0.0,0.0,881.78,10，10.000000;年货价，832.000000;2021天猫年货买不停跨店满减，30.000000;taojinbi，9.780000,,白2双支自饮套餐*1  小鹿酒塞*1  差价20元  已退,2021-01-29 12:32:09,2021-01-29 12:32:15,,,2021-01-29 13:44:03,,江苏省,盐城市,亭湖区,
TAOBAO,ceres旗舰店,ea5ea26a75fffb4b0b72fb862928e6c6,yingjuanqin,="1546116552039069764",普通订单,等待买家确认收货,,1,324.31,0.0,0.0,0.0,833.69,2021天猫年货买不停跨店满减，34.330000;10，10.000000;年货价，789.000000;taojinbi，0.360000,,,2021-01-29 23:09:00,2021-01-29 23:09:03,,,2021-01-30 15:17:49,,浙江省,金华市,永康市,
TAOBAO,ceres旗舰店,47e86a6dc52477681d55ce8f7952b5c4,codayxu,="1546118100618641536",普通订单,等待买家确认收货,,1,315.32,0.0,0.0,0.0,842.68,掌柜推荐，802.000000;taojinbi，10.680000;30，30.000000,,白2双支自饮套餐*1 白猫酒塞*1,2021-02-01 23:03:39,2021-02-01 23:04:05,,,2021-02-02 10:42:25,,浙江省,嘉兴市,桐乡市,
TAOBAO,ceres旗舰店,fa0e0fd96c9dc3403f8fd774fe7453c5,烧鸡腿不短,="1546124184666953670",普通订单,等待买家确认收货,,1,284.63,0.0,0.0,0.0,873.37,10，10.000000;taojinbi，3.260000;年货价，832.000000;2021天猫年货买不停跨店满减，28.110000,,,2021-01-29 23:43:12,2021-01-29 23:43:16,,,2021-01-30 15:17:49,,上海市,市辖区,浦东新区,
TAOBAO,ceres旗舰店,7b6b091bf24d6b63edaad215160b3e4e,austinjey,="1546247916092874927",普通订单,等待买家确认收货,,1,336.29,0.0,0.0,0.0,821.71,年货价，760.000000;taojinbi，11.940000;10，10.000000;2021天猫年货买不停跨店满减，39.770000,,,2021-01-30 01:47:09,2021-01-30 01:47:17,,,2021-01-30 15:17:49,,北京市,市辖区,西城区,
TAOBAO,ceres旗舰店,6a5b82dbe6f7c435e1072f03581b951a,zhijia101021,="1546319233999042757",普通订单,等待买家确认收货,,1,298.9,0.0,0.0,0.0,898.1,10，10.000000;年货价，858.000000;2021天猫年货买不停跨店满减，30.000000;taojinbi，0.100000,,发顺丰！！,2021-01-29 17:31:07,2021-01-29 17:31:13,,,2021-01-29 17:38:32,,河南省,郑州市,中原区,
TAOBAO,ceres旗舰店,43202984ee357812e2febb78eebec6fc,kitty婷婷李,="1546334965090024216",普通订单,交易成功,,1,305.32,0.0,0.0,0.0,852.68,taojinbi，10.680000;10，10.000000;2021天猫年货买不停跨店满减，30.000000;年货价，802.000000,,发顺丰！！！,2021-01-29 17:35:22,2021-01-29 17:35:31,,,2021-01-29 17:49:26,2021-01-31 16:54:46,广东省,中山市,,
TAOBAO,ceres旗舰店,6b5173e4f21c1af85b589c054059ab74,liuvip5523624,="1546362794967288337",普通订单,等待买家确认收货,,1,298.68,0.0,0.0,0.0,859.32,taojinbi，10.170000;10，10.000000;2021天猫年货买不停跨店满减，20.150000;年货价，819.000000,,发顺丰！！！ 白2红2自饮套餐*1 黑钻酒塞*1,2021-01-29 15:05:31,2021-01-29 15:13:50,,,2021-01-29 17:28:03,,湖北省,襄阳市,南漳县,
TAOBAO,ceres旗舰店,2b190c48cf5f8f9b259bf4e8a3ce26cf,风雨后的彩虹1223445666,="1546371576720589162",普通订单,交易成功,,1,278.4,0.0,0.0,0.0,879.6,10，10.000000;taojinbi，7.600000;年货价，832.000000;2021天猫年货买不停跨店满减，30.000000,,,2021-01-30 08:29:53,2021-01-30 08:30:31,,,2021-01-30 15:17:50,2021-02-01 11:09:06,安徽省,芜湖市,无为县,
TAOBAO,ceres旗舰店,f868e81a1d1698c3dfa23d277473f539,t_1485593486391_0839,="1546380540892842944",普通订单,等待买家确认收货,,1,1118.0,0.0,0.0,0.0,2746.0,年货价，2586.000000;40，40.000000;2021天猫年货买不停跨店满减，120.000000,,红1*8  海马刀*2   白狗酒塞*1,2021-01-30 08:39:11,2021-01-30 08:39:19,,,2021-01-30 14:23:17,,四川省,成都市,大邑县,
TAOBAO,ceres旗舰店,6cd163e43285dfc8c31ce7a1e1b77d55,tb77592261,="1546428711419290634",普通订单,等待买家确认收货,,1,291.08,0.0,0.0,0.0,905.92,10，10.000000;taojinbi，7.920000;年货价，858.000000;2021天猫年货买不停跨店满减，30.000000,,,2021-01-29 13:28:09,2021-01-29 13:28:32,,,2021-01-29 15:11:19,,江苏省,南通市,崇川区,
TAOBAO,ceres旗舰店,158055b83c2e710742fc9621907472aa,wendykiiv,="1546442966741781860",普通订单,等待买家确认收货,,1,288.83,0.0,0.0,0.0,869.17,年货价，819.000000;2021天猫年货买不停跨店满减，30.000000;10，10.000000;taojinbi，10.170000,,发顺丰！！  白2红2双支自饮套餐*1 黑猫酒塞*1 ,2021-01-29 15:47:55,2021-01-29 15:48:06,,,2021-01-29 17:27:02,,江苏省,南京市,鼓楼区,
TAOBAO,ceres旗舰店,e6dbd3e7c374df32f0648802224f1455,lwttingting,="1546460859598581813",普通订单,等待买家确认收货,,1,276.22,0.0,0.0,0.0,881.78,taojinbi，9.780000;2021天猫年货买不停跨店满减，30.000000;年货价，832.000000;10，10.000000,,,2021-01-29 13:45:23,2021-01-29 13:45:32,,,2021-01-29 15:11:19,,山东省,德州市,德城区,
TAOBAO,ceres旗舰店,ff3bfbb13eada175efc8bd20baf688f3,静秋kk,="1546647840591355884",普通订单,等待买家确认收货,,1,317.93,0.0,0.0,0.0,840.07,2021天猫年货买不停跨店满减，30.000000;10，10.000000;taojinbi，11.070000;年货价，789.000000,,,2021-01-30 11:03:00,2021-01-30 11:03:05,,,2021-01-30 15:17:48,,上海市,市辖区,浦东新区,
TAOBAO,ceres旗舰店,0adc58f1754cbd7261c66d167314bfe8,lang757699982,="1546657740898674580",普通订单,等待买家确认收货,,1,329.0,0.0,0.0,0.0,868.0,年货价，828.000000;10，10.000000;2021天猫年货买不停跨店满减，30.000000,,,2021-01-30 11:06:52,2021-01-30 11:06:57,,,2021-01-30 15:17:48,,山东省,青岛市,莱西市,
TAOBAO,ceres旗舰店,358ae876f5d34c23654400bd92867ef8,落枫2009,="1546726249093045438",普通订单,等待买家确认收货,,1,299.0,0.0,0.0,0.0,898.0,年货价，858.000000;2021天猫年货买不停跨店满减，30.000000;10，10.000000,,白1红1自饮套餐*1 白1*1  白狗酒塞*1,2021-01-29 20:32:27,2021-01-29 20:32:33,,,2021-01-30 14:23:17,,山东省,烟台市,海阳市,
TAOBAO,ceres旗舰店,f3f5bbffc296e6d0eb86800e16bc82d2,烽火诸侯只为笑,="1546735500381909047",普通订单,等待买家确认收货,,1,285.8,0.0,0.0,0.0,872.2,taojinbi，10.170000;2021天猫年货买不停跨店满减，33.030000;年货价，819.000000;10，10.000000,,白2红2双支自饮套餐*1  白狗酒塞*1,2021-01-30 11:31:10,2021-01-30 11:31:23,,,2021-01-30 14:23:18,,浙江省,杭州市,滨江区,
TAOBAO,ceres旗舰店,00629b75bd23dbed3ef95f7f6c4009fe,tb_125816,="1546854231564534913",普通订单,等待买家确认收货,,1,287.71,0.0,0.0,0.0,870.29,10，10.000000;年货价，819.000000;2021天猫年货买不停跨店满减，31.120000;taojinbi，10.170000,,,2021-01-29 16:57:40,2021-01-29 17:05:56,,,2021-01-29 17:39:02,,北京市,市辖区,海淀区,
TAOBAO,ceres旗舰店,327beaf60ab856323a2b5930994c0798,收获连连,="1546866576886075359",普通订单,等待买家确认收货,,1,276.22,0.0,0.0,0.0,881.78,taojinbi，9.780000;年货价，832.000000;2021天猫年货买不停跨店满减，30.000000;10，10.000000,,,2021-01-30 12:18:45,2021-01-30 12:18:50,,,2021-01-30 15:11:04,,内蒙古自治区,兴安盟,乌兰浩特市,
TAOBAO,ceres旗舰店,78799e3fdae7100e03caed4eef018d05,tb894383_55,="1546889223973763287",普通订单,等待买家确认收货,,1,298.71,0.0,0.0,0.0,859.29,年货价，819.000000;taojinbi，0.290000;2021天猫年货买不停跨店满减，30.000000;10，10.000000,,,2021-01-29 17:12:52,2021-01-29 17:12:57,,,2021-01-29 17:39:01,,陕西省,西安市,雁塔区,
TAOBAO,ceres旗舰店,a34c97e402eec1dc82909516f7d087be,aodidd,="1546969465226072787",普通订单,交易成功,,3,2191.46,0.0,0.0,0.0,110.0,110，110.000000,,买6瓶送1瓶【数云备注】,2021-01-29 22:36:43,2021-01-29 22:36:47,,,2021-01-30 14:23:17,2021-02-02 00:04:41,重庆市,市辖区,渝北区,
TAOBAO,ceres旗舰店,ccf26f0e8acae6749d0e37309da0bc01,gotcoolstuff,="1546984225191984621",普通订单,等待买家确认收货,,1,315.52,0.0,0.0,0.0,842.48,taojinbi，0.480000;10，10.000000;2021天猫年货买不停跨店满减，30.000000;年货价，802.000000,,,2021-01-29 22:45:40,2021-01-29 22:45:48,,,2021-01-30 15:17:48,,四川省,成都市,金牛区,
TAOBAO,ceres旗舰店,566d6666579f87b08c3f6b3f2d250fd6,余洁1231,="1547003953786626174",普通订单,交易成功,,1,276.22,0.0,0.0,0.0,881.78,taojinbi，9.780000;10，10.000000;年货价，832.000000;2021天猫年货买不停跨店满减，30.000000,,发顺丰！！！白2双支自饮套餐*1 黑狗酒塞*1,2021-01-29 23:27:28,2021-01-29 23:27:36,,,2021-01-30 14:19:00,2021-02-01 11:02:24,浙江省,嘉兴市,南湖区,
TAOBAO,ceres旗舰店,3a4e7248769fc7f78b09a33720d7604c,永芳970308,="1547047656590675229",普通订单,等待买家确认收货,,1,278.04,0.0,0.0,0.0,879.96,年货价，832.000000;2021天猫年货买不停跨店满减，28.180000;taojinbi，9.780000;10，10.000000,,,2021-01-30 13:36:40,2021-01-30 13:36:46,,,2021-01-30 15:17:49,,山东省,烟台市,,
TAOBAO,ceres旗舰店,88172ab3118a45c6aacbb597479c9b77,jingxjing84,="1547060616310469444",普通订单,等待买家确认收货,,1,2742.71,0.0,0.0,0.0,5879.29,110，110.000000;年货价，5474.000000;2021天猫年货买不停跨店满减，295.290000,,,2021-01-30 13:41:40,2021-01-30 13:41:45,,,2021-01-30 15:17:50,,北京市,市辖区,海淀区,
TAOBAO,ceres旗舰店,ccea59bb3b57f82830f0026fc7c8fdd6,迪0203rd,="1547070841787532355",普通订单,等待买家确认收货,,1,173.19,0.0,0.0,0.0,420.81,2021天猫年货买不停跨店满减，13.470000;年货价，405.000000;taojinbi，2.340000,,,2021-01-30 00:00:17,2021-01-30 00:00:27,,,2021-01-30 15:17:50,,陕西省,榆林市,榆阳区,
TAOBAO,ceres旗舰店,0e42d565f363d2287343b0dafccf6d6f,zhaoyue55661,="1547079841154707861",普通订单,等待买家确认收货,,1,326.0,0.0,0.0,0.0,832.0,2021天猫年货买不停跨店满减，30.000000;年货价，802.000000,,,2021-01-30 01:03:20,2021-01-30 01:03:25,,,2021-01-30 15:17:51,,青海省,西宁市,城西区,
TAOBAO,ceres旗舰店,dae8abe3a60e7ae409cd8569b324c24f,沈筱丽,="1547090929056538749",普通订单,等待买家确认收货,,1,329.0,0.0,0.0,0.0,868.0,2021天猫年货买不停跨店满减，30.000000;10，10.000000;年货价，828.000000,,,2021-01-29 23:53:11,2021-01-29 23:53:17,,,2021-01-30 15:17:50,,浙江省,湖州市,长兴县,
TAOBAO,ceres旗舰店,6f70a44f91fdaa5014bded61e58da0d2,王宪文爱丫头41537867,="1547100181169200462",普通订单,等待买家确认收货,,1,317.93,0.0,0.0,0.0,879.07,年货价，828.000000;2021天猫年货买不停跨店满减，30.000000;10，10.000000;taojinbi，11.070000,,,2021-01-30 01:56:17,2021-01-30 01:56:31,,,2021-01-30 15:17:49,,山东省,烟台市,蓬莱市,
TAOBAO,ceres旗舰店,70dfae279cdbf1ad332045bec5bd0cfb,muse小小沐,="1547144679874311045",普通订单,等待买家确认收货,,1,298.75,0.0,0.0,0.0,898.25,2021天猫年货买不停跨店满减，30.000000;taojinbi，0.250000;10，10.000000;年货价，858.000000,,白1红1自饮套餐*1  黑钻酒塞*1,2021-01-29 19:11:21,2021-01-29 19:11:25,,,2021-01-30 14:23:17,,湖北省,武汉市,武昌区,
TAOBAO,ceres旗舰店,b532f724eeacc0b3e0d28e00b32a31b1,简洁风577936,="1547241734688090735",普通订单,等待买家确认收货,,1,388.0,0.0,0.0,0.0,986.0,10，10.000000;年货价，946.000000;2021天猫年货买不停跨店满减，30.000000,,,2021-01-29 21:59:23,2021-01-29 21:59:27,,,2021-01-30 15:17:50,,四川省,眉山市,东坡区,
TAOBAO,ceres旗舰店,524159fad81c0199cf8f41c6baa32b38,即墨花容,="1547268482850609279",普通订单,等待买家确认收货,,1,872.89,0.0,0.0,0.0,1911.11,taojinbi，5.110000;2021天猫年货买不停跨店满减，90.000000;年货价，1776.000000;40，40.000000,,红3双支自饮套餐*1  白狗酒塞*1,2021-01-29 22:14:29,2021-01-29 22:14:44,,,2021-01-30 14:23:17,,浙江省,宁波市,江北区,
TAOBAO,ceres旗舰店,45fecefd10526d5d1dc960b4e7569c7b,哈姆太郎在彩虹山,="1547272405768229139",普通订单,等待买家确认收货,,1,305.32,0.0,0.0,0.0,852.68,2021天猫年货买不停跨店满减，30.000000;10，10.000000;taojinbi，10.680000;年货价，802.000000,,白2双支礼盒套餐*1  小鹿酒塞*1,2021-01-30 08:16:38,2021-01-30 08:16:54,,,2021-01-30 14:20:00,,辽宁省,大连市,沙河口区,
TAOBAO,ceres旗舰店,dd8b8e5d731ca780a194089fa0408958,黄瓜村村民,="1547276655945101221",普通订单,交易成功,,2,655.42,0.0,0.0,0.0,1738.58,taojinbi，2.580000;2021天猫年货买不停跨店满减，60.000000;20，20.000000;年货价，1656.000000,,,2021-01-29 20:12:59,2021-01-29 20:13:12,,,2021-01-30 15:17:49,2021-02-02 08:19:08,福建省,厦门市,同安区,
TAOBAO,ceres旗舰店,4d050884480504b90165f7a2f76162b2,lancewang68,="1547279571999321043",普通订单,交易成功,,1,308.0,0.0,0.0,0.0,850.0,年货价，819.000000;taojinbi，1.000000;2021天猫年货买不停跨店满减，30.000000,,,2021-01-29 20:15:28,2021-01-29 20:15:34,,,2021-01-30 15:17:49,2021-01-31 19:49:03,上海市,市辖区,闵行区,
TAOBAO,ceres旗舰店,37748f7bddb165e0e8c4992c07c7de51,sunst_hz,="1547282916509290920",普通订单,等待买家确认收货,,1,288.83,0.0,0.0,0.0,908.17,2021天猫年货买不停跨店满减，30.000000;10，10.000000;taojinbi，10.170000;年货价，858.000000,,白1红1双支自饮套餐*1  小兔酒塞*1,2021-01-30 15:27:12,2021-01-30 15:27:18,,,2021-01-30 17:11:55,,浙江省,杭州市,萧山区,
TAOBAO,ceres旗舰店,ec4999c252b9499ed6d363fc149a194e,tb12658427,="1547345124099938220",普通订单,交易成功,,1,276.22,0.0,0.0,0.0,881.78,taojinbi，9.780000;10，10.000000;2021天猫年货买不停跨店满减，30.000000;年货价，832.000000,,白1双支自饮套餐*1  白狗酒塞*1,2021-01-30 15:55:08,2021-01-30 15:55:22,,,2021-01-30 17:20:08,2021-02-02 09:32:42,北京市,市辖区,朝阳区,
TAOBAO,ceres旗舰店,2a27a89c508c18d314992a9bbf8ed9d7,yangjingsong012,="1547414138099649513",普通订单,等待买家确认收货,,1,276.22,0.0,0.0,0.0,881.78,年货价，832.000000;taojinbi，9.780000;10，10.000000;2021天猫年货买不停跨店满减，30.000000,,白2双支自饮套餐*1 小兔酒塞*1,2021-01-29 23:38:43,2021-01-29 23:38:52,,,2021-01-30 14:23:18,,广东省,中山市,,
TAOBAO,ceres旗舰店,81cfd975d9586465581935f0a93b111f,lily05271980,="1547416335740462030",普通订单,交易成功,,2,638.77,0.0,0.0,0.0,1677.23,taojinbi，19.230000;2021天猫年货买不停跨店满减，60.000000;20，20.000000;年货价，1578.000000,,发顺丰！！白2红2礼盒套餐*2 黑狗酒塞*1,2021-01-29 21:17:40,2021-01-29 21:17:46,,,2021-01-30 14:19:00,2021-02-01 14:33:18,上海市,市辖区,浦东新区,
TAOBAO,ceres旗舰店,11b3a371fc960ac7e600ebe4299564e3,tb65624832,="1547501545957494319",普通订单,等待买家确认收货,,1,279.8,0.0,0.0,0.0,878.2,2021天猫年货买不停跨店满减，30.000000;10，10.000000;年货价，832.000000;taojinbi，6.200000,,,2021-01-30 10:39:29,2021-01-30 10:39:35,,,2021-01-30 15:11:03,,吉林省,吉林市,船营区,
TAOBAO,ceres旗舰店,641514230467ffc97143edd10ab8ee2e,tb71940975,="1547505507846388152",普通订单,等待买家确认收货,,1,329.0,0.0,0.0,0.0,868.0,年货价，828.000000;10，10.000000;2021天猫年货买不停跨店满减，30.000000,,,2021-01-29 22:03:24,2021-01-29 22:03:39,,,2021-01-30 15:17:51,,重庆市,市辖区,璧山区,
TAOBAO,ceres旗舰店,7093214b8fb81e9a6fc739338bba0e8f,amber_smg,="1547637769371463385",普通订单,交易成功,,2,468.95,0.0,0.0,0.0,20.0,20，20.000000,,白1双支礼盒套餐*1  白1单支自饮套餐*1  白狗酒塞*1,2021-01-30 11:27:05,2021-01-30 11:27:41,,,2021-01-30 14:23:17,2021-02-01 19:41:26,河南省,郑州市,中原区,
TAOBAO,ceres旗舰店,cb1ab177308033255cf9bc6d20464adc,j寻找a周杰伦y,="1547654042734156870",普通订单,等待买家确认收货,,1,317.93,0.0,0.0,0.0,840.07,2021天猫年货买不停跨店满减，30.000000;年货价，789.000000;10，10.000000;taojinbi，11.070000,,白2红2双支礼盒套餐*1  黑狗酒塞*1,2021-01-30 08:51:39,2021-01-30 08:51:47,,,2021-01-30 14:23:18,,上海市,市辖区,浦东新区,
TAOBAO,ceres旗舰店,8a5c81defe661e7add7fc19f1262194a,zhangxin8514,="1547675823197032768",普通订单,等待买家确认收货,,1,316.0,0.0,0.0,0.0,842.0,10，10.000000;年货价，802.000000;2021天猫年货买不停跨店满减，30.000000,,,2021-01-29 23:38:08,2021-01-29 23:38:30,,,2021-01-30 15:11:03,,内蒙古自治区,呼和浩特市,新城区,
TAOBAO,ceres旗舰店,899ac4e2d9585fd497f553807cd7457e,晓玉丹,="1547687522940141145",普通订单,等待买家确认收货,,3,878.0,0.0,0.0,0.0,2596.0,10，10.000000;2021天猫年货买不停跨店满减，90.000000;年货价，2496.000000,,买6瓶送1瓶【数云备注】,2021-01-30 09:17:49,2021-01-30 09:17:55,,,2021-01-30 14:23:17,,重庆市,市辖区,江北区,
TAOBAO,ceres旗舰店,08a71c4200b072240a0420402f0447a9,bloosem,="1547696307015978842",普通订单,等待买家确认收货,,1,317.93,0.0,0.0,0.0,879.07,taojinbi，11.070000;10，10.000000;2021天猫年货买不停跨店满减，30.000000;年货价，828.000000,,,2021-01-29 23:57:50,2021-01-29 23:58:01,,,2021-01-30 15:11:04,,吉林省,吉林市,舒兰市,
TAOBAO,ceres旗舰店,65247faff4233ee0f4c410d906d5ef96,tb_6935586,="1547787888554694723",普通订单,等待买家确认收货,,1,298.01,0.0,0.0,0.0,898.99,年货价，858.000000;10，10.000000;taojinbi，0.990000;2021天猫年货买不停跨店满减，30.000000,,,2021-01-30 19:07:34,2021-01-30 19:07:45,,,2021-01-31 15:51:24,,辽宁省,大连市,庄河市,
TAOBAO,ceres旗舰店,67069f5582de1f96ce6245eb041f7ac5,jakcie52076,="1547802651376721045",普通订单,交易成功,,1,330.69,0.0,0.0,0.0,827.31,10，10.000000;2021天猫年货买不停跨店满减，28.310000;年货价，789.000000,,,2021-01-30 03:45:15,2021-01-30 03:45:19,,,2021-01-30 15:17:49,2021-01-31 21:57:25,浙江省,温州市,乐清市,
TAOBAO,ceres旗舰店,e7f4e0e93fd73717f5c5d57d0776083f,y剪烛西窗y,="1547915619929194813",普通订单,等待买家确认收货,,2,643.66,0.0,0.0,0.0,20.0,20，20.000000,,,2021-01-30 08:54:27,2021-01-30 08:54:33,,,2021-01-30 15:17:50,,广东省,东莞市,,
TAOBAO,ceres旗舰店,e3a036c3c2a9355363292683f7223fe7,byneyy,="1547973144165355837",普通订单,等待买家确认收货,,1,293.59,0.0,0.0,0.0,903.41,年货价，858.000000;2021天猫年货买不停跨店满减，32.760000;taojinbi，2.650000;10，10.000000,,,2021-01-30 20:33:48,2021-01-30 20:34:21,,,2021-01-31 15:51:24,,内蒙古自治区,巴彦淖尔市,临河区,
TAOBAO,ceres旗舰店,9e2c0f13f79700f31da4e5be97a2cd15,蒲公英sxh,="1547984809238676671",普通订单,等待买家确认收货,,1,299.0,0.0,0.0,0.0,859.0,10，10.000000;年货价，819.000000;2021天猫年货买不停跨店满减，30.000000,,白2红2双支自饮套餐*1  白2*1  黑猫酒塞*1,2021-01-30 13:48:16,2021-01-30 13:48:31,,,2021-01-30 14:27:10,,河南省,郑州市,二七区,
TAOBAO,ceres旗舰店,7052df94381fdb7a832b044eee3d1f52,水色莲花,="1548023941012769756",普通订单,交易成功,,1,317.93,0.0,0.0,0.0,840.07,2021天猫年货买不停跨店满减，30.000000;10，10.000000;年货价，789.000000;taojinbi，11.070000,,白2红2双支礼盒套餐*1  黑猫酒塞*1,2021-01-30 14:05:41,2021-01-30 14:05:55,,,2021-01-30 14:25:23,2021-02-01 17:19:23,辽宁省,铁岭市,昌图县,
TAOBAO,ceres旗舰店,6aa7bc29d067006c3bdef65b958ca54e,tb808269_2011,="1548028945687476618",普通订单,交易成功,,1,285.1,0.0,0.0,0.0,872.9,2021天猫年货买不停跨店满减，30.000000;年货价，832.000000;10，10.000000;taojinbi，0.900000,,,2021-01-30 14:09:10,2021-01-30 14:09:17,,,2021-01-30 17:42:10,2021-02-01 17:33:15,江苏省,南京市,鼓楼区,
TAOBAO,ceres旗舰店,d48c1a3512e6d336df739efefed25bdf,yue_5210,="1548177231952567877",普通订单,等待买家确认收货,,1,327.53,0.0,0.0,0.0,830.47,2021天猫年货买不停跨店满减，30.000000;taojinbi，1.470000;10，10.000000;年货价，789.000000,,白2红2双支礼盒套餐*1  白猫酒塞*1,2021-01-30 11:09:27,2021-01-30 11:09:43,,,2021-01-30 14:20:00,,辽宁省,大连市,甘井子区,
TAOBAO,ceres旗舰店,7f2c9398811d5ec3de5710cc8099d589,薛洋15163820716,="1548181296723512024",普通订单,等待买家确认收货,,1,308.24,0.0,0.0,0.0,849.76,2021天猫年货买不停跨店满减，30.000000;taojinbi，7.760000;10，10.000000;年货价，802.000000,,,2021-01-30 22:22:30,2021-01-30 22:22:42,,,2021-01-31 15:54:20,,山东省,菏泽市,曹县,
TAOBAO,ceres旗舰店,cbc0c740e435ded56733565b973e11ab,weiyan0512,="1548189180652516962",普通订单,等待买家确认收货,,1,299.0,0.0,0.0,0.0,898.0,2021天猫年货买不停跨店满减，30.000000;10，10.000000;年货价，858.000000,,,2021-01-30 22:26:20,2021-01-30 22:26:24,,,2021-01-31 15:54:17,,广东省,广州市,天河区,
TAOBAO,ceres旗舰店,3969ea8ba9a22810ab36a4181318e503,月风零,="1548196417117880916",普通订单,等待买家确认收货,,3,841.8,0.0,0.0,0.0,2632.2,2021天猫年货买不停跨店满减，90.000000;taojinbi，6.200000;40，40.000000;年货价，2496.000000,,买6瓶送1瓶【数云备注】,2021-01-30 15:28:34,2021-01-30 15:28:57,,,2021-01-30 17:11:55,,广东省,梅州市,五华县,
TAOBAO,ceres旗舰店,1d0e1a45531fb8fa4d0ed5da624960a4,tb33675718,="1548207363997725131",普通订单,交易成功,,1,329.0,0.0,0.0,0.0,868.0,10，10.000000;2021天猫年货买不停跨店满减，30.000000;年货价，828.000000,,,2021-01-30 11:20:12,2021-01-30 11:20:16,,,2021-01-30 15:17:49,2021-02-01 11:58:09,江苏省,南京市,秦淮区,
TAOBAO,ceres旗舰店,eb47ebc66f6bdc37498959b5af95c521,shhxjf,="1548243435343584336",普通订单,等待买家确认收货,,1,329.0,0.0,0.0,0.0,868.0,2021天猫年货买不停跨店满减，30.000000;年货价，828.000000;10，10.000000,,,2021-01-30 11:30:25,2021-01-30 11:30:31,,,2021-01-30 15:17:49,,湖北省,武汉市,江岸区,
TAOBAO,ceres旗舰店,9e2c0f13f79700f31da4e5be97a2cd15,蒲公英sxh,="1548314066778676671",普通订单,等待买家确认收货,,2,655.78,0.0,0.0,0.0,1738.22,年货价，1656.000000;2021天猫年货买不停跨店满减，49.420000;20，20.000000;taojinbi，12.800000,,,2021-01-30 13:39:37,2021-01-30 13:39:59,,,2021-01-30 15:17:50,,河南省,郑州市,二七区,
TAOBAO,ceres旗舰店,5915831bb86dfceda0df4774160afb4a,超级无敌好人6,="1548315001375043527",普通订单,等待买家确认收货,,1,283.62,0.0,0.0,0.0,874.38,taojinbi，2.380000;10，10.000000;2021天猫年货买不停跨店满减，30.000000;年货价，832.000000,,白1双支自饮套餐*1 黑狗酒塞*1,2021-01-30 16:24:43,2021-01-30 16:24:50,,,2021-01-30 17:21:37,,天津市,市辖区,南开区,
TAOBAO,ceres旗舰店,c7e799c6138209b7ed631a63fe1b34b7,张张三金,="1548371197409984639",普通订单,等待买家确认收货,,1,297.97,0.0,0.0,0.0,860.03,年货价，819.000000;2021天猫年货买不停跨店满减，30.000000;taojinbi，1.030000;10，10.000000,,白2红2自饮套餐*1  黑狗酒塞*1,2021-01-30 16:50:18,2021-01-30 16:50:26,,,2021-01-30 17:42:11,,广东省,深圳市,宝安区,
TAOBAO,ceres旗舰店,93f75d74f030242bdd6d89a9b22ca0ce,kangyingbaobei,="1548375912036862535",普通订单,等待买家确认收货,,1,295.53,0.0,0.0,0.0,901.47,年货价，858.000000;2021天猫年货买不停跨店满减，32.700000;taojinbi，0.770000;10，10.000000,,,2021-01-31 00:51:53,2021-01-31 00:52:07,,,2021-01-31 15:54:19,,贵州省,黔南布依族苗族自治州,福泉市,
TAOBAO,ceres旗舰店,04adf5467d0a6dfe79bdb1a3cdab6da0,云玥晨雨,="1548404064829768853",普通订单,等待买家确认收货,,2,592.38,0.0,0.0,0.0,20.0,20，20.000000,,,2021-01-31 02:07:07,2021-01-31 02:07:14,,,2021-01-31 15:51:24,,内蒙古自治区,呼和浩特市,新城区,
TAOBAO,ceres旗舰店,88172ab3118a45c6aacbb597479c9b77,jingxjing84,="1548430743175469444",普通订单,等待卖家发货,,6,2400.0,561.04,0.0,0.0,5109.04,taojinbi，27.040000;2021天猫年货买不停跨店满减，210.000000;60，60.000000;年货价，4812.000000,,不发货 要白3 等通知  白3*7  白3礼盒*6 海马刀*6  冰酒礼袋*3,2021-01-30 12:38:02,2021-01-30 12:38:33,,,,,北京市,市辖区,海淀区,
TAOBAO,ceres旗舰店,0d60516161848c8c0b7f4c2c6742e499,aihua一直都在,="1548433296245780886",普通订单,等待买家确认收货,,1,298.28,0.0,0.0,0.0,859.72,年货价，819.000000;2021天猫年货买不停跨店满减，30.000000;10，10.000000;taojinbi，0.720000,,,2021-01-31 04:32:22,2021-01-31 04:32:29,,,2021-01-31 15:54:17,,湖北省,宜昌市,长阳土家族自治县,
TAOBAO,ceres旗舰店,e40862eb2f9cc57f5de2b011aa82d54e,broken52053880,="1548443990098366247",普通订单,等待买家确认收货,,1,305.47,0.0,0.0,0.0,852.53,10，10.000000;taojinbi，10.530000;年货价，802.000000;2021天猫年货买不停跨店满减，30.000000,,,2021-01-30 14:39:51,2021-01-30 14:40:03,,,2021-01-30 17:42:11,,河南省,信阳市,淮滨县,
TAOBAO,ceres旗舰店,d6450f714b17db994b9736cade328f90,李维lover,="1548452450854419235",普通订单,等待买家确认收货,,1,329.0,0.0,0.0,0.0,868.0,10，10.000000;年货价，828.000000;2021天猫年货买不停跨店满减，30.000000,,,2021-01-30 14:51:13,2021-01-30 14:51:25,,,2021-01-30 17:42:10,,陕西省,宝鸡市,渭滨区,
TAOBAO,ceres旗舰店,37b3eaf34a013844e3901318026a7ff6,zhuxiaomin199042,="1548487656777516732",普通订单,等待买家确认收货,,1,348.94,0.0,0.0,0.0,848.06,2021天猫年货买不停跨店满减，30.000000;年货价，808.000000;taojinbi，0.060000;10，10.000000,,,2021-01-31 08:07:39,2021-01-31 08:07:52,,,2021-01-31 15:54:18,,湖北省,咸宁市,咸安区,
TAOBAO,ceres旗舰店,f9cf01f3168bbefd5ee77499477e5afc,杨建东1997,="1548612722628897780",普通订单,交易成功,,1,318.85,0.0,0.0,0.0,878.15,2021天猫年货买不停跨店满减，30.000000;10，10.000000;年货价，828.000000;taojinbi，10.150000,,白1红1双支礼盒套餐*1 白猫酒塞*1 ,2021-01-30 16:01:03,2021-01-30 16:01:13,,,2021-01-30 17:20:08,2021-02-01 20:07:03,山东省,青岛市,黄岛区,
TAOBAO,ceres旗舰店,6e927f469930c45e43749bbf034edc55,四时草1314,="1548649190632397216",普通订单,等待买家确认收货,,1,974.56,0.0,0.0,0.0,2589.44,taojinbi，3.890000;年货价，2436.000000;40，40.000000;2021天猫年货买不停跨店满减，109.550000,,买6瓶送1瓶【数云备注】,2021-01-30 16:18:05,2021-01-30 16:18:22,,,2021-01-30 17:20:07,,云南省,昆明市,盘龙区,
TAOBAO,ceres旗舰店,8663ccbad9aec9161c590e45fe510d24,tonyzhang92,="1548678853804471170",普通订单,等待买家确认收货,,1,291.93,0.0,0.0,0.0,905.07,taojinbi，7.070000;2021天猫年货买不停跨店满减，30.000000;年货价，858.000000;10，10.000000,,,2021-01-30 19:01:01,2021-01-30 19:01:06,,,2021-01-31 15:54:18,,江苏省,南京市,栖霞区,
TAOBAO,ceres旗舰店,228f75119c8e07e5548e4cf8b02792ea,magiwang_,="1548718491868863251",普通订单,等待买家确认收货,,1,276.22,0.0,0.0,0.0,881.78,年货价，832.000000;10，10.000000;taojinbi，9.780000;2021天猫年货买不停跨店满减，30.000000,,,2021-01-30 14:50:24,2021-01-30 14:50:31,,,2021-01-30 17:42:11,,重庆市,市辖区,江北区,
TAOBAO,ceres旗舰店,975464314680e0560f0c92101bcfdc02,雪妮0618,="1548807085563136233",普通订单,等待买家确认收货,,1,288.83,0.0,0.0,0.0,908.17,taojinbi，10.170000;2021天猫年货买不停跨店满减，30.000000;年货价，858.000000;10，10.000000,,,2021-01-30 19:58:56,2021-01-30 19:59:02,,,2021-01-31 15:51:24,,内蒙古自治区,巴彦淖尔市,临河区,
TAOBAO,ceres旗舰店,2eaa017c0d871c4ccba3b5847ac92895,吴仕渝,="1548871382823388756",普通订单,交易成功,,1,958.0,0.0,0.0,0.0,2516.0,2021天猫年货买不停跨店满减，90.000000;40，40.000000;年货价，2386.000000,,买6瓶送1瓶【数云备注】,2021-01-30 17:53:56,2021-01-30 17:54:01,,,2021-01-31 16:01:32,2021-02-01 19:37:05,浙江省,温州市,乐清市,
TAOBAO,ceres旗舰店,7e620e3d21d15cc7a9c5f8f277acd2ad,江湖歹人,="1548896760492010681",普通订单,等待买家确认收货,,1,328.67,0.0,0.0,0.0,868.33,taojinbi，0.330000;年货价，828.000000;2021天猫年货买不停跨店满减，30.000000;10，10.000000,,,2021-01-31 11:36:59,2021-01-31 11:37:07,,,2021-01-31 15:54:17,,青海省,海东市,互助土族自治县,
TAOBAO,ceres旗舰店,9f6d375ef2bc7eb88c77158995accc13,陆宝芝,="1548930133533074453",普通订单,等待买家确认收货,,1,288.83,0.0,0.0,0.0,869.17,年货价，819.000000;2021天猫年货买不停跨店满减，30.000000;10，10.000000;taojinbi，10.170000,,,2021-01-30 20:55:20,2021-01-30 20:55:38,,,2021-01-31 15:54:19,,上海市,市辖区,静安区,
TAOBAO,ceres旗舰店,00414eec89e4e4d67b0a139f4eba5a17,起名字好烦哟,="1548948492167398374",普通订单,等待买家确认收货,,1,315.87,0.0,0.0,0.0,881.13,2021天猫年货买不停跨店满减，27.760000;taojinbi，5.370000;10，10.000000;年货价，838.000000,,白1红1双支自饮套餐*1 白猫酒塞*1,2021-01-31 11:52:38,2021-01-31 11:54:34,,,2021-01-31 16:11:25,,重庆市,市辖区,江北区,
TAOBAO,ceres旗舰店,1e69df6660602d22038e4f1f8d8fad75,lj90184,="1549000080937493056",普通订单,等待买家确认收货,,1,308.23,0.0,0.0,0.0,888.77,年货价，838.000000;2021天猫年货买不停跨店满减，30.000000;10，10.000000;taojinbi，10.770000,,,2021-01-31 12:11:17,2021-01-31 12:11:26,,,2021-01-31 15:54:18,,北京市,市辖区,海淀区,
TAOBAO,ceres旗舰店,7c533b8c66f7d901d7fd1714b2161605,badabreeze,="1549027980586448068",普通订单,交易成功,,1,326.52,0.0,0.0,0.0,870.48,10，10.000000;年货价，828.000000;2021天猫年货买不停跨店满减，30.000000;taojinbi，2.480000,,,2021-01-31 12:21:37,2021-01-31 12:21:41,,,2021-01-31 15:54:19,2021-02-02 09:11:30,上海市,市辖区,浦东新区,
TAOBAO,ceres旗舰店,9876fdc44597f550a86810c31cf67c4c,pjscjd,="1549059337153436368",普通订单,等待买家确认收货,,1,288.83,0.0,0.0,0.0,869.17,taojinbi，10.170000;年货价，819.000000;10，10.000000;2021天猫年货买不停跨店满减，30.000000,,白2红2自饮套餐*1  黑狗酒塞*1,2021-01-30 22:00:08,2021-01-30 22:00:15,,,2021-01-31 16:11:25,,浙江省,衢州市,柯城区,
TAOBAO,ceres旗舰店,53811d4f8b98ea08c09f368adf83dc83,温尔斯格,="1549089903787563541",普通订单,等待买家确认收货,,1,310.64,0.0,0.0,0.0,847.36,年货价，819.000000;10，10.000000;2021天猫年货买不停跨店满减，17.720000;taojinbi，0.640000,,,2021-01-30 17:36:06,2021-01-30 17:36:16,,,2021-01-31 15:54:17,,浙江省,宁波市,镇海区,
TAOBAO,ceres旗舰店,975464314680e0560f0c92101bcfdc02,雪妮0618,="1549161686120136233",普通订单,等待买家确认收货,,1,288.83,0.0,0.0,0.0,908.17,年货价，858.000000;taojinbi，10.170000;10，10.000000;2021天猫年货买不停跨店满减，30.000000,,,2021-01-30 20:00:58,2021-01-30 20:01:02,,,2021-01-31 15:51:24,,内蒙古自治区,巴彦淖尔市,杭锦后旗,
TAOBAO,ceres旗舰店,73490b7c45557aa013a69ea866f26680,tb64243396,="1549162659219290549",普通订单,等待买家确认收货,,1,946.28,0.0,0.0,0.0,2527.72,年货价，2386.000000;2021天猫年货买不停跨店满减，90.000000;40，40.000000;taojinbi，11.720000,,买6瓶送1瓶【数云备注】,2021-01-30 18:05:32,2021-01-30 18:05:42,,,2021-01-31 16:01:32,,湖南省,怀化市,洪江市,
TAOBAO,ceres旗舰店,8ab2b6d35d08db9160f2a0e4683f1a8c,可口可乐2008雪碧,="1549173638706499263",普通订单,等待买家确认收货,,1,273.82,0.0,0.0,0.0,884.18,10，10.000000;年货价，832.000000;taojinbi，9.780000;2021天猫年货买不停跨店满减，32.400000,,,2021-01-30 20:08:16,2021-01-30 20:08:23,,,2021-01-31 15:54:19,,浙江省,杭州市,余杭区,
TAOBAO,ceres旗舰店,58c3c08092228201978f5868cadd62be,我就高调,="1549186416367371438",普通订单,等待买家确认收货,,1,475.0,146.0,0.0,0.0,868.0,年货价，828.000000;2021天猫年货买不停跨店满减，30.000000;10，10.000000,,发顺丰！！ 红3*1 红3礼盒*1 香槟杯*1 海马刀*1 （不放售后卡）,2021-01-31 13:26:19,2021-01-31 13:29:56,,,2021-01-31 16:06:47,,浙江省,杭州市,萧山区,
TAOBAO,ceres旗舰店,1d8930d818cec1ca35026cd32002d068,tb457790909,="1549188795134073551",普通订单,等待买家确认收货,,1,276.22,0.0,0.0,0.0,881.78,年货价，832.000000;10，10.000000;2021天猫年货买不停跨店满减，30.000000;taojinbi，9.780000,,,2021-01-30 18:17:12,2021-01-30 18:17:22,,,2021-01-31 15:54:17,,湖北省,武汉市,江汉区,
TAOBAO,ceres旗舰店,ac8c00be6f887187b44a27acc2a0629c,anita.c.y,="1549227853249042035",普通订单,等待买家确认收货,,1,288.83,0.0,0.0,0.0,908.17,taojinbi，10.170000;2021天猫年货买不停跨店满减，30.000000;年货价，858.000000;10，10.000000,,,2021-01-30 23:50:57,2021-01-30 23:51:03,,,2021-01-31 15:54:18,,重庆市,市辖区,渝北区,
TAOBAO,ceres旗舰店,3eb6b96e5d85b776073e2034a3b70e8d,zhoulijun2156,="1549258022129939248",普通订单,等待买家确认收货,,3,1007.0,0.0,0.0,0.0,2584.0,10，10.000000;2021天猫年货买不停跨店满减，90.000000;年货价，2484.000000,,白1红1双支礼盒套餐*3 红*1 小鹿酒塞*1,2021-01-30 20:44:46,2021-01-30 20:47:04,,,2021-01-31 16:11:25,,湖南省,长沙市,岳麓区,
TAOBAO,ceres旗舰店,2ac54e4ff3246ead66a961c52c96ef50,一叶春梅,="1549318609588641568",普通订单,等待买家确认收货,,1,298.54,0.0,0.0,0.0,859.46,taojinbi，0.460000;2021天猫年货买不停跨店满减，30.000000;10，10.000000;年货价，819.000000,,,2021-01-31 02:24:05,2021-01-31 02:24:10,,,2021-01-31 15:54:20,,北京市,市辖区,通州区,
TAOBAO,ceres旗舰店,35d59d1787b78d3d30e77a285f5941ee,君宝lele,="1549422073079347054",普通订单,等待买家确认收货,,1,335.48,0.0,0.0,0.0,822.52,年货价，789.000000;taojinbi，0.310000;10，10.000000;2021天猫年货买不停跨店满减，23.210000,,白2红2双支礼盒套餐*1  白猫酒塞*1 ,2021-01-31 08:36:24,2021-01-31 08:36:36,,,2021-01-31 16:11:25,,陕西省,汉中市,汉台区,
TAOBAO,ceres旗舰店,b00874d53a07de72b6bbd526923e04bd,浅浅浅88,="1549427871188090035",普通订单,等待买家确认收货,,1,291.39,0.0,0.0,0.0,905.61,年货价，858.000000;2021天猫年货买不停跨店满减，30.000000;taojinbi，7.610000;10，10.000000,,,2021-01-30 20:05:14,2021-01-30 20:05:20,,,2021-01-31 15:54:19,,浙江省,绍兴市,诸暨市,
TAOBAO,ceres旗舰店,92e12b3be057ba30d0ef325cb9c12f63,tb8119819,="1549446084555239818",普通订单,交易成功,,1,281.45,0.0,0.0,0.0,876.55,年货价，832.000000;taojinbi，4.550000;10，10.000000;2021天猫年货买不停跨店满减，30.000000,,,2021-01-31 15:25:23,2021-01-31 15:25:29,,,2021-01-31 17:46:43,2021-02-01 17:15:23,浙江省,杭州市,滨江区,
TAOBAO,ceres旗舰店,7098a8160a8a48fe42553aaf9071ab86,也真是无聊到家了,="1549525897587806428",普通订单,等待买家确认收货,,1,288.83,0.0,0.0,0.0,908.17,2021天猫年货买不停跨店满减，30.000000;10，10.000000;taojinbi，10.170000;年货价，858.000000,,白1红1双支自饮套餐*1 白猫酒塞*1 ,2021-01-31 09:50:39,2021-01-31 09:50:44,,,2021-01-31 16:11:25,,重庆市,市辖区,渝北区,
TAOBAO,ceres旗舰店,f7cc80258b49dc9198a829ab1c17fb4b,binghe917,="1549540838169645457",普通订单,等待买家确认收货,,1,290.02,0.0,0.0,0.0,906.98,年货价，858.000000;taojinbi，8.980000;2021天猫年货买不停跨店满减，30.000000;10，10.000000,,白1红1自饮套餐*1 黑狗酒塞*1,2021-01-30 23:24:21,2021-01-30 23:24:34,,,2021-01-31 16:11:25,,浙江省,绍兴市,诸暨市,
TAOBAO,ceres旗舰店,cf3dd1f7bf18a01074c299755e23a95d,爱巧20151214,="1549636634934558177",普通订单,等待买家确认收货,,1,288.83,0.0,0.0,0.0,908.17,年货价，858.000000;2021天猫年货买不停跨店满减，30.000000;taojinbi，10.170000;10，10.000000,,,2021-01-31 01:06:38,2021-01-31 01:06:41,,,2021-01-31 15:54:19,,安徽省,亳州市,蒙城县,
TAOBAO,ceres旗舰店,d5e20c306731ec7a94fbb60dcb497364,陈小妞987654,="1549701939647916359",普通订单,等待买家确认收货,,1,288.83,0.0,0.0,0.0,869.17,年货价，819.000000;taojinbi，10.170000;2021天猫年货买不停跨店满减，30.000000;10，10.000000,,白2红2自饮套餐*1  黑狗酒塞*1,2021-01-30 22:25:17,2021-01-30 22:25:23,,,2021-01-31 16:11:26,,重庆市,市辖区,开州区,
TAOBAO,ceres旗舰店,a980c5b062db1821cf3d0b9fedef737a,aicl1,="1549722243917479921",普通订单,等待买家确认收货,,1,319.18,0.0,0.0,0.0,877.82,2021天猫年货买不停跨店满减，30.000000;年货价，828.000000;10，10.000000;taojinbi，9.820000,,白1红1礼盒套餐*1 白狗酒塞*1,2021-01-30 22:38:50,2021-01-30 22:38:54,,,2021-01-31 16:11:25,,湖南省,衡阳市,珠晖区,
TAOBAO,ceres旗舰店,ec4e5e6d99115479822df188edf7a556,浅游一夏,="1549736856154122769",普通订单,等待买家确认收货,,1,298.92,0.0,0.0,0.0,898.08,taojinbi，0.080000;10，10.000000;2021天猫年货买不停跨店满减，30.000000;年货价，858.000000,,,2021-01-31 17:28:49,2021-01-31 17:28:53,,,2021-02-01 10:33:28,,江苏省,南通市,如皋市,
TAOBAO,ceres旗舰店,bd84fe6ad0e60cf2660ef39ffdfcecce,57poepoepoe,="1549792442670495723",普通订单,等待买家确认收货,,1,317.93,0.0,0.0,0.0,879.07,10，10.000000;年货价，828.000000;2021天猫年货买不停跨店满减，30.000000;taojinbi，11.070000,,,2021-01-31 08:55:03,2021-01-31 08:55:08,,,2021-01-31 15:54:18,,湖北省,襄阳市,襄城区,
TAOBAO,ceres旗舰店,884e5608ab6f8d9451bbd3e3f867c62c,txzzp,="1549827866705683436",普通订单,等待买家确认收货,,1,276.22,0.0,0.0,0.0,881.78,年货价，832.000000;taojinbi，9.780000;10，10.000000;2021天猫年货买不停跨店满减，30.000000,,白1双支自饮套餐*1  小兔酒塞*1 ,2021-01-31 09:20:12,2021-01-31 09:20:26,,,2021-01-31 16:11:25,,浙江省,嘉兴市,桐乡市,
TAOBAO,ceres旗舰店,88187916585e0a7194eca1c7538363e1,英子91,="1549837766282015884",普通订单,等待买家确认收货,,1,300.58,0.0,0.0,0.0,857.42,10，10.000000;2021天猫年货买不停跨店满减，34.740000;年货价，802.000000;taojinbi，10.680000,,白1双支礼盒套餐*1 白猫酒塞*1 ,2021-01-31 09:24:32,2021-01-31 09:27:52,,,2021-01-31 16:11:26,,北京市,市辖区,丰台区,
TAOBAO,ceres旗舰店,341ec80714728afc7ee493f75ee3a4c6,梦中的蝴蝶8272,="1549852958152970023",普通订单,等待买家确认收货,,1,282.48,0.0,0.0,0.0,875.52,taojinbi，9.780000;年货价，832.000000;2021天猫年货买不停跨店满减，23.740000;10，10.000000,,,2021-01-31 09:34:42,2021-01-31 09:34:51,,,2021-01-31 15:54:19,,重庆市,市辖区,沙坪坝区,
TAOBAO,ceres旗舰店,637df3c52e97da7fac4fa8b87c5c1e23,tb640864050,="1549855946612905959",普通订单,等待买家确认收货,,1,321.66,0.0,0.0,0.0,836.34,2021天猫年货买不停跨店满减，30.000000;年货价，789.000000;taojinbi，7.340000;10，10.000000,,发顺丰！！ 白2红2双支礼盒套餐*1 白狗酒塞*1 ,2021-01-31 09:38:22,2021-01-31 09:38:37,,,2021-01-31 10:58:20,,山东省,滨州市,沾化区,
TAOBAO,ceres旗舰店,c77d0e4d9243dd19476aa843c094da0f,lucyjxm,="1549870239869964069",普通订单,等待买家确认收货,,1,291.85,0.0,0.0,0.0,905.15,年货价，858.000000;2021天猫年货买不停跨店满减，26.980000;taojinbi，10.170000;10，10.000000,,,2021-01-31 00:36:39,2021-01-31 00:36:44,,,2021-01-31 15:54:18,,广东省,珠海市,香洲区,
TAOBAO,ceres旗舰店,14a2fd4998dc6da49269f5ec11c1e9bd,大水牛0087,="1549909404359411439",普通订单,等待买家确认收货,,1,284.49,0.0,0.0,0.0,873.51,10，10.000000;年货价，832.000000;2021天猫年货买不停跨店满减，30.000000;taojinbi，1.510000,,,2021-01-31 18:40:18,2021-01-31 18:40:28,,,2021-02-01 10:33:30,,安徽省,合肥市,蜀山区,
TAOBAO,ceres旗舰店,77d2771acc3c37155844dc7fbfd1c534,伦哥一号,="1549910412406510921",普通订单,等待买家确认收货,,1,288.83,0.0,0.0,0.0,908.17,taojinbi，10.170000;年货价，858.000000;10，10.000000;2021天猫年货买不停跨店满减，30.000000,,,2021-01-31 18:39:40,2021-01-31 18:39:42,,,2021-02-01 10:33:29,,浙江省,台州市,椒江区,
TAOBAO,ceres旗舰店,05ed164e1ef60308425d6f5c46fad889,jjwoaini416,="1549917109548541122",普通订单,等待买家确认收货,,1,286.0,0.0,0.0,0.0,872.0,年货价，832.000000;10，10.000000;2021天猫年货买不停跨店满减，30.000000,,,2021-01-31 12:17:59,2021-01-31 12:18:04,,,2021-01-31 15:54:19,,浙江省,杭州市,萧山区,
TAOBAO,ceres旗舰店,5f8359240b5a05d27c9f3c659accb434,tb1747790_2012,="1549937413358940617",普通订单,等待买家确认收货,,1,958.0,0.0,0.0,0.0,2516.0,年货价，2386.000000;2021天猫年货买不停跨店满减，90.000000;40，40.000000,,买6瓶送1瓶【数云备注】,2021-01-31 12:25:34,2021-01-31 12:25:41,,,2021-01-31 16:01:32,,上海市,市辖区,杨浦区,
TAOBAO,ceres旗舰店,fa1af8a77d3dc941f44e4852f126f41d,sky_sxt,="1549984429001519721",普通订单,等待买家确认收货,,1,305.6,0.0,0.0,0.0,852.4,2021天猫年货买不停跨店满减，33.690000;taojinbi，6.710000;年货价，802.000000;10，10.000000,,,2021-01-31 12:43:33,2021-01-31 12:43:37,,,2021-01-31 15:54:19,,浙江省,杭州市,西湖区,
TAOBAO,ceres旗舰店,0b9a015012c22256a15e069645dcb73d,tb_1879059,="1550019276394946440",普通订单,等待买家确认收货,,1,328.24,0.0,0.0,0.0,829.76,年货价，789.000000;10，10.000000;2021天猫年货买不停跨店满减，30.000000;taojinbi，0.760000,,,2021-01-31 19:28:43,2021-01-31 19:28:52,,,2021-02-01 10:33:32,,陕西省,西安市,雁塔区,
TAOBAO,ceres旗舰店,c3a622067dfbbe66dad6111b345957a7,singe222,="1550028600518903424",普通订单,等待买家确认收货,,1,306.52,0.0,0.0,0.0,851.48,taojinbi，1.420000;2021天猫年货买不停跨店满减，21.060000;10，10.000000;年货价，819.000000,,,2021-01-31 19:31:43,2021-01-31 19:31:51,,,2021-02-01 10:33:28,,浙江省,杭州市,江干区,
TAOBAO,ceres旗舰店,69f24bf4f0aa6c1243a9cf3fdbd1aa93,钧1111,="1550058481141097626",普通订单,等待买家确认收货,,2,1775.9,0.0,0.0,0.0,3792.1,taojinbi，0.100000;60，60.000000;年货价，3552.000000;2021天猫年货买不停跨店满减，180.000000,,,2021-01-31 13:14:24,2021-01-31 13:14:29,,,2021-01-31 15:54:20,,广东省,汕头市,澄海区,
TAOBAO,ceres旗舰店,d6450f714b17db994b9736cade328f90,李维lover,="1550068527465419235",普通订单,等待买家确认收货,,2,658.0,0.0,0.0,0.0,1736.0,20，20.000000;2021天猫年货买不停跨店满减，60.000000;年货价，1656.000000,,发顺丰！！ 白1红1双支礼盒套餐*2 白1*1  冰酒礼袋*3  小鹿酒塞*1 ,2021-01-31 09:16:16,2021-01-31 09:16:28,,,2021-01-31 10:58:20,,陕西省,宝鸡市,渭滨区,
TAOBAO,ceres旗舰店,29020a53a41d0044f170f2ba741a6132,xjtan72,="1550070471969499668",普通订单,等待买家确认收货,,1,299.08,0.0,0.0,0.0,858.92,2021天猫年货买不停跨店满减，16.920000;年货价，832.000000;10，10.000000,,,2021-01-31 09:16:12,2021-01-31 09:16:25,,,2021-01-31 15:51:24,,辽宁省,大连市,沙河口区,
TAOBAO,ceres旗舰店,d0aa0543908f1a806a77e6e6a85150ba,tb287867630,="1550092034863659032",普通订单,等待买家确认收货,,1,328.44,0.0,0.0,0.0,829.56,10，10.000000;taojinbi，0.560000;年货价，789.000000;2021天猫年货买不停跨店满减，30.000000,,发顺丰！！ 白2红2双支礼盒套餐*1 小鹿酒塞*1 ,2021-01-31 11:21:22,2021-01-31 11:22:38,,,2021-01-31 16:06:47,,北京市,市辖区,朝阳区,
TAOBAO,ceres旗舰店,8b9ad42575e568169a20498b904c8866,春天里的小木,="1550122668045312423",普通订单,等待买家确认收货,,1,327.93,0.0,0.0,0.0,869.07,2021天猫年货买不停跨店满减，30.000000;年货价，828.000000;taojinbi，11.070000,,白1红1双支礼盒套餐*1 小鹿酒塞*1,2021-01-31 20:15:15,2021-01-31 20:15:25,,,2021-02-01 10:33:29,,江苏省,无锡市,宜兴市,
TAOBAO,ceres旗舰店,54ed1aebf68bba5a974df67222e64d27,为国接盘叶可可,="1550133831863756678",普通订单,等待买家确认收货,,1,319.0,0.0,0.0,0.0,878.0,10，10.000000;年货价，828.000000;2021天猫年货买不停跨店满减，30.000000;taojinbi，10.000000,,,2021-01-31 09:55:15,2021-01-31 10:09:39,,,2021-01-31 15:54:19,,湖南省,常德市,鼎城区,
TAOBAO,ceres旗舰店,9d193b83989e2cf5b0e00e69709f6a07,ycy13041688000,="1550136963441306882",普通订单,等待买家确认收货,,1,311.6,0.0,0.0,0.0,846.4,2021天猫年货买不停跨店满减，30.000000;taojinbi，4.400000;年货价，802.000000;10，10.000000,,发顺丰！！ 白1双支礼盒套餐*1 白猫酒塞*1 ,2021-01-31 09:55:33,2021-01-31 10:07:02,,,2021-01-31 10:58:20,,上海市,市辖区,浦东新区,
TAOBAO,ceres旗舰店,59a20802f49594628cbdc551f4c7ea68,pandachen_007,="1550140812381387030",普通订单,等待买家确认收货,,1,276.22,0.0,0.0,0.0,881.78,2021天猫年货买不停跨店满减，30.000000;taojinbi，9.780000;年货价，832.000000;10，10.000000,,白2双支自饮套餐*1 白猫酒塞*1,2021-01-31 20:24:31,2021-01-31 20:24:36,,,2021-02-01 09:19:11,,上海市,市辖区,虹口区,
TAOBAO,ceres旗舰店,916233f552b69df20e4d45a7ab823a5d,lgs小糊涂,="1550151612861284325",普通订单,等待买家确认收货,,3,1555.32,0.0,0.0,0.0,60.0,60，60.000000,,顺丰  白1红1双支自饮套餐*1 白1红1双支礼盒套餐*1 红3双支礼盒套餐*1 红3*1 小鹿酒塞*1,2021-01-31 20:29:31,2021-01-31 20:30:05,,,2021-02-01 09:19:11,,海南省,省直辖县级行政区划,万宁市,
TAOBAO,ceres旗舰店,6cdec6a6ccd3470df63ed13729a575d9,chenqing085300,="1550175588064655862",普通订单,等待买家确认收货,,1,313.63,0.0,0.0,0.0,844.37,10，10.000000;2021天猫年货买不停跨店满减，30.000000;年货价，802.000000;taojinbi，2.370000,,,2021-01-31 20:39:58,2021-01-31 20:40:04,,,2021-02-01 10:33:30,,安徽省,安庆市,桐城市,
TAOBAO,ceres旗舰店,c0b5ee494e79bf04ab24e5e1cb3bd954,懒懒猫一只,="1550191431792703527",普通订单,等待买家确认收货,,1,298.8,0.0,0.0,0.0,898.2,taojinbi，0.200000;年货价，858.000000;10，10.000000;2021天猫年货买不停跨店满减，30.000000,,,2021-01-31 10:23:48,2021-01-31 10:24:03,,,2021-01-31 15:54:19,,广西壮族自治区,柳州市,柳南区,
TAOBAO,ceres旗舰店,2704bf4596b4015bcbeee61adeaed172,zmn19930313mnz,="1550200969652481774",普通订单,等待买家确认收货,,1,915.72,0.0,0.0,0.0,1868.28,40，40.000000;taojinbi，12.280000;年货价，1726.000000;2021天猫年货买不停跨店满减，90.000000,,发顺丰！！ ,2021-01-31 14:18:40,2021-01-31 14:23:25,,,2021-01-31 16:06:47,,浙江省,宁波市,余姚市,
TAOBAO,ceres旗舰店,cc82bf2b536e8036a60c1f4323f2917d,棂木lm,="1550249100036566953",普通订单,等待买家确认收货,,1,288.92,0.0,0.0,0.0,908.08,年货价，858.000000;10，10.000000;taojinbi，10.080000;2021天猫年货买不停跨店满减，30.000000,,白1红1双支自饮套餐*1 小鹿酒塞*1,2021-01-31 21:13:24,2021-01-31 21:13:31,,,2021-02-01 10:33:31,,广东省,江门市,开平市,
TAOBAO,ceres旗舰店,3e6eb7ce40c1b89625651b0073170bb4,马健宇妈妈,="1550261412726984833",普通订单,等待买家确认收货,,2,577.66,0.0,0.0,0.0,20.0,20，20.000000,,,2021-01-31 21:19:29,2021-01-31 21:20:10,,,2021-02-01 10:33:31,,陕西省,西安市,雁塔区,
TAOBAO,ceres旗舰店,1c64b5fe71bbb4ade6bb2d80ff68999b,maoisou,="1550284812320692742",普通订单,等待买家确认收货,,1,298.73,0.0,0.0,0.0,898.27,10，10.000000;taojinbi，0.270000;2021天猫年货买不停跨店满减，30.000000;年货价，858.000000,,,2021-01-31 21:31:34,2021-01-31 21:31:47,,,2021-02-01 10:33:28,,广东省,珠海市,香洲区,
TAOBAO,ceres旗舰店,bfc4f5e7b6cc319745e903f7ab7da174,lengxueleng,="1550301300534861648",普通订单,等待买家确认收货,,1,276.22,0.0,0.0,0.0,881.78,年货价，832.000000;10，10.000000;2021天猫年货买不停跨店满减，30.000000;taojinbi，9.780000,,,2021-01-31 21:40:06,2021-01-31 21:40:11,,,2021-02-01 10:33:29,,四川省,成都市,锦江区,
TAOBAO,ceres旗舰店,45b504ade35a337ed86a45c689274c45,zxyco,="1550311812374561836",普通订单,等待买家确认收货,,1,288.83,0.0,0.0,0.0,908.17,10，10.000000;taojinbi，10.170000;年货价，858.000000;2021天猫年货买不停跨店满减，30.000000,,,2021-01-31 21:45:15,2021-01-31 21:45:21,,,2021-02-01 10:33:29,,北京市,市辖区,海淀区,
TAOBAO,ceres旗舰店,9fefe25edab5b1cec7b0337c9a5474c7,jhss1023,="1550382012101990416",普通订单,等待买家确认收货,,1,326.66,0.0,0.0,0.0,870.34,2021天猫年货买不停跨店满减，30.000000;10，10.000000;年货价，828.000000;taojinbi，2.340000,,白1红1双支礼盒套餐*1· 小鹿酒塞*1,2021-01-31 22:21:29,2021-01-31 22:21:33,,,2021-02-01 10:33:30,,浙江省,宁波市,海曙区,
TAOBAO,ceres旗舰店,1bdf0e229a03dc696b300bff7460c8c2,superlulu01,="1550415492069421271",普通订单,等待买家确认收货,,1,292.37,0.0,0.0,0.0,865.63,2021天猫年货买不停跨店满减，23.630000;年货价，832.000000;10，10.000000,,,2021-01-31 22:39:41,2021-01-31 22:39:46,,,2021-02-01 10:33:31,,广东省,江门市,蓬江区,
TAOBAO,ceres旗舰店,54ed1aebf68bba5a974df67222e64d27,为国接盘叶可可,="1550480545224756678",普通订单,等待买家确认收货,,1,329.0,0.0,0.0,0.0,868.0,年货价，828.000000;10，10.000000;2021天猫年货买不停跨店满减，30.000000,,,2021-01-31 16:21:57,2021-01-31 16:22:02,,,2021-01-31 17:46:43,,山东省,菏泽市,曹县,
TAOBAO,ceres旗舰店,f6c0636e2f325eef8ff900cbab224f50,t_1511969924832_0731,="1550506609754581934",普通订单,等待买家确认收货,,1,296.96,0.0,0.0,0.0,861.04,2021天猫年货买不停跨店满减，26.280000;taojinbi，5.760000;10，10.000000;年货价，819.000000,,发顺丰！！ ,2021-01-31 16:34:57,2021-01-31 16:35:13,,,2021-01-31 16:44:10,,宁夏回族自治区,吴忠市,盐池县,
TAOBAO,ceres旗舰店,928546e8d6c5e2afd349fd726e11d082,福尔摩石,="1550520792094407935",普通订单,等待买家确认收货,,1,314.36,0.0,0.0,0.0,843.64,2021天猫年货买不停跨店满减，30.000000;taojinbi，1.640000;年货价，802.000000;10，10.000000,,白1双支礼盒套餐*1 黑砖酒塞*1,2021-01-31 23:41:31,2021-01-31 23:41:37,,,2021-02-01 10:33:29,,上海市,市辖区,浦东新区,
TAOBAO,ceres旗舰店,07b97d3b1960424c713111997207b63b,沧海忧伤,="1550535120226434737",普通订单,等待买家确认收货,,1,286.01,0.0,0.0,0.0,871.99,2021天猫年货买不停跨店满减，20.210000;taojinbi，9.780000;10，10.000000;年货价，832.000000,,白2双支自饮套餐*1 小鹿酒塞*1,2021-01-31 23:50:53,2021-01-31 23:51:04,,,2021-02-01 10:33:30,,广东省,深圳市,福田区,
TAOBAO,ceres旗舰店,7de583cd51991adbc2f8f0b4ba8fe002,180247110pl,="1550613567168805264",普通订单,交易成功,,1,305.32,0.0,0.0,0.0,852.68,2021天猫年货买不停跨店满减，30.000000;年货价，802.000000;10，10.000000;taojinbi，10.680000,,白2双支礼盒套餐*1 白猫酒塞*1 ,2021-01-31 12:56:56,2021-01-31 12:57:13,,,2021-01-31 16:11:26,2021-02-02 14:07:39,四川省,成都市,武侯区,
TAOBAO,ceres旗舰店,9199e92a38e8ba5ddc99419ed0b61462,云中帆_,="1550650286028365567",普通订单,等待买家确认收货,,1,312.3,0.0,0.0,0.0,884.7,2021天猫年货买不停跨店满减，35.630000;taojinbi，11.070000;年货价，828.000000;10，10.000000,,发顺丰！！ 白1红1双支礼盒套餐*1 白狗酒塞*1 ,2021-01-31 15:04:58,2021-01-31 15:05:40,,,2021-01-31 16:06:47,,北京市,市辖区,西城区,
TAOBAO,ceres旗舰店,886d3c41fcdf3eafbcc8e6f840c02c86,sargeraskjak,="1550655792992445647",普通订单,等待买家确认收货,,1,339.0,0.0,0.0,0.0,819.0,30，30.000000;掌柜推荐，789.000000,,,2021-02-01 05:56:55,2021-02-01 05:56:58,,,2021-02-01 15:34:21,,浙江省,舟山市,定海区,
TAOBAO,ceres旗舰店,239a1e6f82b7f9dfe5816b038c02daa5,石娇741300591,="1550670663744877380",普通订单,等待买家确认收货,,1,329.0,0.0,0.0,0.0,868.0,年货价，828.000000;10，10.000000;2021天猫年货买不停跨店满减，30.000000,,,2021-01-31 13:23:15,2021-01-31 13:23:23,,,2021-01-31 15:54:20,,山东省,青岛市,平度市,
TAOBAO,ceres旗舰店,66f3de96f95383192b2eb1232404c057,牟子牛21,="1550677971087262863",普通订单,等待买家确认收货,,1,288.92,0.0,0.0,0.0,908.08,10，10.000000;年货价，858.000000;2021天猫年货买不停跨店满减，30.000000;taojinbi，10.080000,,,2021-01-31 13:24:33,2021-01-31 13:24:57,,,2021-01-31 15:54:20,,宁夏回族自治区,石嘴山市,大武口区,
TAOBAO,ceres旗舰店,89c5418dc680077603f99c89b4ce795b,h84742123,="1550802207988931533",普通订单,等待买家确认收货,,1,305.32,0.0,0.0,0.0,852.68,10，10.000000;taojinbi，10.680000;2021天猫年货买不停跨店满减，30.000000;年货价，802.000000,,发顺丰！！ ,2021-01-31 14:24:20,2021-01-31 14:24:26,,,2021-01-31 16:06:47,,河北省,石家庄市,长安区,
TAOBAO,ceres旗舰店,54ed1aebf68bba5a974df67222e64d27,为国接盘叶可可,="1550806310834756678",普通订单,等待买家确认收货,,1,329.0,0.0,0.0,0.0,868.0,2021天猫年货买不停跨店满减，30.000000;10，10.000000;年货价，828.000000,,,2021-01-31 16:18:07,2021-01-31 16:18:13,,,2021-01-31 17:46:44,,山东省,青岛市,黄岛区,
TAOBAO,ceres旗舰店,aa36d8b4179614e7077395efa73bed71,tielongsu,="1550822835169350528",普通订单,等待买家确认收货,,1,905.37,0.0,0.0,0.0,1878.63,年货价，1726.000000;taojinbi，22.630000;2021天猫年货买不停跨店满减，90.000000;40，40.000000,,发顺丰！！ 红3双支礼盒套餐*1 白狗酒塞*1 ,2021-01-31 14:31:15,2021-01-31 14:31:19,,,2021-01-31 16:06:47,,山西省,太原市,迎泽区,
TAOBAO,ceres旗舰店,8d6d09f6735bade5b5b0ccdf9eba7c03,t_1491810976369_0824,="1550850841903306814",普通订单,等待买家确认收货,,2,657.97,0.0,0.0,0.0,1658.03,20，20.000000;2021天猫年货买不停跨店满减，60.000000;年货价，1578.000000;taojinbi，0.030000,,白2红2双支礼盒套餐*2 香槟杯*2 白2*1,2021-01-31 18:56:53,2021-01-31 18:57:01,,,2021-02-01 10:33:31,,湖北省,黄冈市,红安县,
TAOBAO,ceres旗舰店,41865fb1ae78f0388cfc5d137f9456b7,嘉颐cj,="1550859195878852478",普通订单,等待买家确认收货,,1,297.98,0.0,0.0,0.0,860.02,年货价，819.000000;taojinbi，1.020000;10，10.000000;2021天猫年货买不停跨店满减，30.000000,,,2021-01-31 14:50:20,2021-01-31 14:50:28,,,2021-01-31 17:46:44,,北京市,市辖区,朝阳区,
TAOBAO,ceres旗舰店,b6b0beb529c12c7fffa0699e616213ed,露易1348,="1550859626532444985",普通订单,等待买家确认收货,,1,327.83,0.0,0.0,0.0,830.17,年货价，789.000000;taojinbi，1.170000;10，10.000000;2021天猫年货买不停跨店满减，30.000000,,,2021-01-31 16:40:18,2021-01-31 16:40:23,,,2021-01-31 17:46:44,,广东省,东莞市,,
TAOBAO,ceres旗舰店,b2491fadc2b347005d5a8b0855792a0c,金胜伟tmac,="1550905417898084657",普通订单,等待买家确认收货,,1,374.86,0.0,0.0,0.0,999.14,taojinbi，10.510000;年货价，946.000000;10，10.000000;2021天猫年货买不停跨店满减，32.630000,,红1双支礼盒套餐*1 小鹿酒塞*1,2021-01-31 19:22:02,2021-01-31 19:22:08,,,2021-02-01 10:33:32,,北京市,市辖区,大兴区,
TAOBAO,ceres旗舰店,4548ba86bab7dd1362e1e60456ac8177,xiaoxiao_daili,="1550932851995933078",普通订单,等待买家确认收货,,1,311.39,0.0,0.0,0.0,846.61,10，10.000000;2021天猫年货买不停跨店满减，36.540000;taojinbi，11.070000;年货价，789.000000,送袋子 包装好完好的。不要有划痕,发顺丰！！ ,2021-01-31 15:22:35,2021-01-31 15:22:44,,,2021-01-31 16:06:47,,山东省,青岛市,市北区,
TAOBAO,ceres旗舰店,681a3708f264a76d533afa8b48d8c642,紫晶之玉15780834,="1551002078565898367",普通订单,等待买家确认收货,,1,299.0,0.0,0.0,0.0,898.0,年货价，858.000000;10，10.000000;2021天猫年货买不停跨店满减，30.000000,,,2021-01-31 17:39:03,2021-01-31 17:39:08,,,2021-02-01 10:33:29,,北京市,市辖区,昌平区,
TAOBAO,ceres旗舰店,66add37f4bbe63056fce193fb821d5cc,carrie孔妮妮,="1551016729761690632",普通订单,等待买家确认收货,,1,290.67,0.0,0.0,0.0,867.33,2021天猫年货买不停跨店满减，23.820000;10，10.000000;年货价，832.000000;taojinbi，1.510000,,,2021-01-31 20:11:13,2021-01-31 20:11:19,,,2021-02-01 10:33:29,,北京市,市辖区,朝阳区,
TAOBAO,ceres旗舰店,54ed1aebf68bba5a974df67222e64d27,为国接盘叶可可,="1551035379523756678",普通订单,等待买家确认收货,,1,329.0,0.0,0.0,0.0,868.0,10，10.000000;2021天猫年货买不停跨店满减，30.000000;年货价，828.000000,,,2021-01-31 16:07:34,2021-01-31 16:07:41,,,2021-01-31 17:46:44,,广东省,汕头市,潮南区,
TAOBAO,ceres旗舰店,81804f431e500e7fd2b3fc632be66fb5,红石榴sama,="1551217178801146045",普通订单,等待买家确认收货,,1,315.63,0.0,0.0,0.0,842.37,2021天猫年货买不停跨店满减，30.000000;10，10.000000;taojinbi，0.370000;年货价，802.000000,,,2021-01-31 19:10:57,2021-01-31 19:11:04,,,2021-02-01 10:33:31,,北京市,市辖区,石景山区,
TAOBAO,ceres旗舰店,41395300287a1fd348f4344a4faa51af,njzzh,="1551349263197639549",普通订单,等待买家确认收货,,1,297.55,0.0,0.0,0.0,860.45,taojinbi，1.450000;年货价，819.000000;10，10.000000;2021天猫年货买不停跨店满减，30.000000,,白2红2双支自饮套餐*1 白狗酒塞*1,2021-01-31 18:13:30,2021-01-31 18:13:45,,,2021-02-01 10:33:29,,江苏省,南京市,秦淮区,
TAOBAO,ceres旗舰店,9bbe9d1b0c70b98c910f172129a68c58,滴水藏海2366,="1551370464606002138",普通订单,等待买家确认收货,,1,344.42,0.0,0.0,0.0,813.58,掌柜推荐，772.000000;30，30.000000;taojinbi，11.580000,,白1双支礼盒套餐*1 醒酒器*1 ,2021-02-01 13:12:14,2021-02-01 13:12:21,,,2021-02-01 15:34:21,,河南省,郑州市,管城回族区,
TAOBAO,ceres旗舰店,7304b54eb02ed7acf13c97822631df9c,lutingyu0420,="1551379610518864929",普通订单,等待买家确认收货,,1,346.06,0.0,0.0,0.0,1027.94,taojinbi，11.940000;10，10.000000;2021天猫年货买不停跨店满减，30.000000;年货价，976.000000,,红1双支自饮套餐*1 白狗酒塞*1,2021-01-31 20:24:34,2021-01-31 20:24:42,,,2021-02-01 10:33:29,,上海市,市辖区,徐汇区,
TAOBAO,ceres旗舰店,3e6eb7ce40c1b89625651b0073170bb4,马健宇妈妈,="1551501758581984833",普通订单,等待买家确认收货,,1,288.83,0.0,0.0,0.0,869.17,2021天猫年货买不停跨店满减，30.000000;年货价，819.000000;10，10.000000;taojinbi，10.170000,,白2红2双支自饮套餐*1 红2*1,2021-01-31 21:22:18,2021-01-31 21:22:36,,,2021-02-01 10:33:32,,陕西省,西安市,雁塔区,
TAOBAO,ceres旗舰店,38ca120089a95b63aab545f9ce7ece47,yam1999,="1551539702901696385",普通订单,等待买家确认收货,,1,297.49,0.0,0.0,0.0,899.51,年货价，858.000000;10，10.000000;taojinbi，1.510000;2021天猫年货买不停跨店满减，30.000000,,白1红1双支自饮套餐*1 小鹿酒塞*1,2021-01-31 21:41:44,2021-01-31 21:41:52,,,2021-02-01 10:33:29,,山东省,滨州市,邹平县,
TAOBAO,ceres旗舰店,961e6f61a602f6f92095105890f750c7,我是七月彩虹,="1551559718084598045",普通订单,等待买家确认收货,,3,943.55,0.0,0.0,0.0,40.0,40，40.000000,,买6瓶送1瓶【数云备注】,2021-01-31 21:49:18,2021-01-31 21:49:30,,,2021-02-01 10:33:30,,山东省,淄博市,张店区,
TAOBAO,ceres旗舰店,9519251197e25eb20c46b115be5e91bd,茶色抹香,="1551575702730101187",普通订单,等待买家确认收货,,1,276.22,0.0,0.0,0.0,881.78,taojinbi，9.780000;年货价，832.000000;2021天猫年货买不停跨店满减，30.000000;10，10.000000,,白2双支自饮套餐*1  白猫酒塞*1,2021-01-31 21:59:26,2021-01-31 21:59:30,,,2021-02-01 10:33:30,,浙江省,台州市,临海市,
TAOBAO,ceres旗舰店,886d3c41fcdf3eafbcc8e6f840c02c86,sargeraskjak,="1551579013321445647",普通订单,等待买家确认收货,,1,369.0,0.0,0.0,0.0,789.0,30，30.000000;掌柜推荐，759.000000,,白2红2双支礼盒套餐*1  香槟杯*1,2021-02-01 05:55:08,2021-02-01 05:56:02,,,2021-02-01 15:34:21,,湖北省,武汉市,洪山区,
TAOBAO,ceres旗舰店,0e26a121b8ad585eeb0e7c37936159c2,太行劲旅,="1551629630540277958",普通订单,等待买家确认收货,,1,288.83,0.0,0.0,0.0,908.17,taojinbi，10.170000;2021天猫年货买不停跨店满减，30.000000;年货价，858.000000;10，10.000000,,,2021-01-31 22:26:57,2021-01-31 22:27:03,,,2021-02-01 10:33:31,,上海市,市辖区,徐汇区,
TAOBAO,ceres旗舰店,b320e38a9ea4461230ea095a0195e489,缘腾梦子,="1551659869032208923",普通订单,等待买家确认收货,,1,338.23,0.0,0.0,0.0,858.77,taojinbi，0.770000;掌柜推荐，828.000000;30，30.000000,,,2021-02-01 08:27:31,2021-02-01 08:27:36,,,2021-02-01 15:34:22,,湖南省,株洲市,天元区,
TAOBAO,ceres旗舰店,141919558d40bfabb68b4d928caeeac9,oklife_2005,="1551661599275982379",普通订单,等待买家确认收货,,3,889.42,0.0,0.0,0.0,2584.58,2021天猫年货买不停跨店满减，79.380000;taojinbi，8.200000;年货价，2457.000000;40，40.000000,,买6瓶送1瓶【数云备注】,2021-01-31 20:31:26,2021-01-31 20:31:33,,,2021-02-01 10:33:30,,海南省,海口市,龙华区,
TAOBAO,ceres旗舰店,e581883535a2ce96f56442a0ad1db7a6,小文文55555,="1551679416653314948",普通订单,等待买家确认收货,,1,369.0,0.0,0.0,0.0,828.0,掌柜推荐，798.000000;30，30.000000,,,2021-02-01 15:40:10,2021-02-01 15:40:14,,,2021-02-01 17:36:05,,广东省,深圳市,福田区,
TAOBAO,ceres旗舰店,4007287356638193a7d4870eb75a63f8,sachiel234,="1551697347360220271",普通订单,等待买家确认收货,,1,288.83,0.0,0.0,0.0,908.17,2021天猫年货买不停跨店满减，30.000000;10，10.000000;年货价，858.000000;taojinbi，10.170000,,,2021-01-31 20:48:09,2021-01-31 20:48:13,,,2021-02-01 10:33:31,,江苏省,淮安市,清江浦区,
TAOBAO,ceres旗舰店,fb00ec5699099f6a936c70dbd5628130,悠然1908,="1551783530874409816",普通订单,等待买家确认收货,,1,925.36,0.0,0.0,0.0,2548.64,年货价，2386.000000;taojinbi，32.640000;40，40.000000;2021天猫年货买不停跨店满减，90.000000,,买6瓶送1瓶【数云备注】,2021-01-31 23:59:24,2021-02-01 00:00:02,,,2021-02-01 10:33:31,,四川省,达州市,达川区,
TAOBAO,ceres旗舰店,1c4482599d87b00618781b13000df582,yjl19941025,="1551783566059480925",普通订单,等待买家确认收货,,1,278.17,0.0,0.0,0.0,879.83,10，10.000000;2021天猫年货买不停跨店满减，30.000000;taojinbi，7.830000;年货价，832.000000,,白1*1 白2*1 香槟杯*2 海马刀*1  小鹿酒塞*1,2021-01-31 23:57:57,2021-01-31 23:58:03,,,2021-02-01 10:33:31,,江苏省,无锡市,新吴区,
TAOBAO,ceres旗舰店,09e787bf711ea1c267157c1cdd3dac48,牙牙牙美,="1551813302587623850",普通订单,等待买家确认收货,,1,367.37,0.0,0.0,0.0,829.63,掌柜推荐，798.000000;taojinbi，1.630000;30，30.000000,,,2021-02-01 00:23:08,2021-02-01 00:23:16,,,2021-02-01 15:34:20,,重庆市,市辖区,南岸区,
TAOBAO,ceres旗舰店,4744c4df0f1cfe304868ade8c07cc3b7,我一看见你就喜o,="1551899125878800320",普通订单,等待买家确认收货,,1,344.54,0.0,0.0,0.0,813.46,掌柜推荐，772.000000;taojinbi，11.460000;30，30.000000,请妥善包装哦 送人用的 谢谢～,,2021-02-01 10:49:13,2021-02-01 10:49:21,,,2021-02-01 15:34:22,,山东省,淄博市,沂源县,
TAOBAO,ceres旗舰店,e3819ee28fb490e45af51a00eccf062f,石皓冰,="1551937395300854136",普通订单,等待买家确认收货,,1,291.11,0.0,0.0,0.0,905.89,2021天猫年货买不停跨店满减，30.000000;10，10.000000;taojinbi，7.890000;年货价，858.000000,,白1红1双支自饮套餐*1  黑砖酒塞*1 ,2021-01-31 22:52:08,2021-01-31 22:52:12,,,2021-02-01 10:33:28,,北京市,市辖区,昌平区,
TAOBAO,ceres旗舰店,0d4c920a41bedb68a360b94e704d6478,jiyumei5,="1551969435517547341",普通订单,等待买家确认收货,,1,298.92,0.0,0.0,0.0,859.08,10，10.000000;年货价，819.000000;2021天猫年货买不停跨店满减，30.000000;taojinbi，0.080000,,,2021-01-31 23:11:55,2021-01-31 23:12:06,,,2021-02-01 10:33:29,,江苏省,苏州市,苏州工业园区,
TAOBAO,ceres旗舰店,5c490262a585e806313a98bb2f67b759,tb631111754,="1552036321910290735",普通订单,等待买家确认收货,,3,1058.0,0.0,0.0,0.0,2416.0,掌柜推荐，2316.000000;30，100.000000,,买6瓶送1瓶【数云备注】,2021-02-01 11:33:26,2021-02-01 11:42:51,,,2021-02-01 15:34:24,,江苏省,泰州市,海陵区,
TAOBAO,ceres旗舰店,6f26f6965e5000707a5c32d92e315f8f,小排328ljx,="1552114371788312130",普通订单,等待买家确认收货,,2,681.08,0.0,0.0,0.0,60.0,30，60.000000,,,2021-02-01 01:26:01,2021-02-01 01:26:06,,,2021-02-01 15:34:20,,云南省,昆明市,西山区,
TAOBAO,ceres旗舰店,ce4127af2a1c149dbab4c2dfcf404d1b,洪耀先1298,="1552245733116109918",普通订单,等待买家确认收货,,1,458.0,0.0,0.0,0.0,700.0,掌柜推荐，700.000000,,,2021-02-01 12:51:47,2021-02-01 12:52:18,,,2021-02-01 15:34:24,,云南省,昆明市,五华区,
TAOBAO,ceres旗舰店,72d14a75e7e72ed7ab0f914b490ec554,康康的幸福日,="1552350962315162784",普通订单,等待买家确认收货,,1,328.97,0.0,0.0,0.0,829.03,30，30.000000;taojinbi，10.030000;掌柜推荐，789.000000,,,2021-02-01 11:28:00,2021-02-01 11:28:07,,,2021-02-01 15:34:23,,湖南省,怀化市,鹤城区,
TAOBAO,ceres旗舰店,3867ee682dbd46f23fbc68a44ac93fa3,胡振东720928,="1552396539477508326",普通订单,等待买家确认收货,,1,368.86,0.0,0.0,0.0,789.14,掌柜推荐，759.000000;30，30.000000;taojinbi，0.140000,,白2红2双支礼盒套餐*1 白狗酒塞*1 ,2021-02-01 10:04:26,2021-02-01 10:04:38,,,2021-02-01 15:34:20,,河南省,驻马店市,新蔡县,
TAOBAO,ceres旗舰店,7bb0254fbc519eba0b937b9c6a01703a,小山桐桐,="1552427209195445477",普通订单,等待买家确认收货,,3,981.0,0.0,0.0,0.0,100.0,30，100.000000,,买6瓶送1瓶【数云备注】,2021-02-01 14:19:15,2021-02-01 14:19:20,,,2021-02-01 17:18:12,,江苏省,南京市,玄武区,
TAOBAO,ceres旗舰店,c38a84cc5f5efc1371904424996d447e,万众宠爱的人气明星,="1552429766931514122",普通订单,等待买家确认收货,,1,339.0,0.0,0.0,0.0,858.0,30，30.000000;掌柜推荐，828.000000,,白1红1双支自饮套餐*1  黑砖酒塞*1 ,2021-02-01 11:55:18,2021-02-01 11:55:25,,,2021-02-01 15:34:25,,浙江省,嘉兴市,桐乡市,
TAOBAO,ceres旗舰店,754a344eb216d444745df4a7cffc7178,东京樱花的浪漫,="1552433760586919231",普通订单,等待买家确认收货,,1,356.0,0.0,0.0,0.0,802.0,30，30.000000;掌柜推荐，772.000000,,,2021-02-01 21:31:46,2021-02-01 21:31:49,,,2021-02-02 10:42:27,,广东省,佛山市,南海区,
TAOBAO,ceres旗舰店,1db330fee7522ae39384d13a5572f758,aming112,="1552438548943266650",普通订单,等待买家确认收货,,1,369.0,0.0,0.0,0.0,828.0,30，30.000000;掌柜推荐，798.000000,,,2021-02-01 21:35:38,2021-02-01 21:35:44,,,2021-02-02 10:42:24,,广东省,深圳市,福田区,
TAOBAO,ceres旗舰店,b37a0d10f79219b77cdf344abf1b7169,tb849507988,="1552458600972561617",普通订单,等待买家确认收货,,1,369.0,0.0,0.0,0.0,828.0,30，30.000000;掌柜推荐，798.000000,,,2021-02-01 21:46:29,2021-02-01 21:46:33,,,2021-02-02 10:42:25,,浙江省,杭州市,西湖区,
TAOBAO,ceres旗舰店,5d5490e64cf6326747ec0f0b629cf8d8,haileyaa,="1552468104547745465",普通订单,等待买家确认收货,,1,315.32,0.0,0.0,0.0,842.68,taojinbi，10.680000;30，30.000000;掌柜推荐，802.000000,,,2021-02-01 21:50:31,2021-02-01 21:50:37,,,2021-02-02 10:42:26,,北京市,市辖区,海淀区,
TAOBAO,ceres旗舰店,c049f8abb620ef4a01e83ebaf8640712,山庄主人01,="1552535173093109677",普通订单,等待买家确认收货,,1,336.16,0.0,0.0,0.0,860.84,30，30.000000;掌柜推荐，828.000000;taojinbi，2.840000,,白1红1双支自饮套餐*1  白狗酒塞*1 ,2021-02-01 15:13:16,2021-02-01 15:13:31,,,2021-02-01 17:18:14,,江苏省,南京市,江宁区,
TAOBAO,ceres旗舰店,4779fd46400f1bc0fb859afeaa095fca,t_1487502748842_0223,="1552536073997901432",普通订单,等待买家确认收货,,1,337.85,0.0,0.0,0.0,820.15,taojinbi，1.150000;掌柜推荐，789.000000;30，30.000000,,白2红2双支自饮套餐*1  黑砖酒塞*1 ,2021-02-01 15:16:49,2021-02-01 15:16:54,,,2021-02-01 17:18:12,,湖北省,恩施土家族苗族自治州,巴东县,
TAOBAO,ceres旗舰店,d28999b9f7a688aa1a22a218c4ebd2e2,zhlabs66,="1552587841502162736",普通订单,等待买家确认收货,,3,1097.0,0.0,0.0,0.0,2377.0,30，100.000000;掌柜推荐，2277.000000,,白2红2双支礼盒套餐*3 红2*1 白狗酒塞*1 ,2021-02-01 15:41:35,2021-02-01 15:41:42,,,2021-02-01 17:18:13,,吉林省,长春市,朝阳区,
TAOBAO,ceres旗舰店,ce4127af2a1c149dbab4c2dfcf404d1b,洪耀先1298,="1552597994999109918",普通订单,等待买家确认收货,,1,458.0,0.0,0.0,0.0,700.0,掌柜推荐，700.000000,,红2双支礼盒套餐*1  红2*1 ,2021-02-01 13:04:46,2021-02-01 13:05:08,,,2021-02-01 15:34:25,,云南省,昆明市,五华区,
TAOBAO,ceres旗舰店,5668cc85dac79b2fccc327a142e09191,小草为何失落,="1552603538861648158",普通订单,等待买家确认收货,,1,360.56,0.0,0.0,0.0,836.44,30，30.000000;掌柜推荐，798.000000;taojinbi，8.440000,,,2021-02-01 13:07:04,2021-02-01 13:09:41,,,2021-02-01 15:34:26,,云南省,玉溪市,澄江县,
TAOBAO,ceres旗舰店,391a66f0ae9e15c6d864dd04a716f755,j832179,="1552717909718575839",普通订单,等待买家确认收货,,1,964.71,0.0,0.0,0.0,1819.29,掌柜推荐，1716.000000;30，100.000000;taojinbi，3.290000,,红3双支礼盒套餐*1  白猫酒塞*1 ,2021-02-01 16:44:42,2021-02-01 16:44:49,,,2021-02-01 17:18:13,,上海市,市辖区,普陀区,
TAOBAO,ceres旗舰店,ff207955eb93e3e9e814854bcffc0749,wangminjiangtao0201,="1552756177032361054",普通订单,等待买家确认收货,,1,369.0,0.0,0.0,0.0,828.0,30，30.000000;掌柜推荐，798.000000,,,2021-02-01 17:00:30,2021-02-01 17:00:35,,,2021-02-01 17:36:07,,吉林省,吉林市,丰满区,
TAOBAO,ceres旗舰店,bd34e6262352ec9dd01de79574c44932,fly070418,="1552760712850778660",普通订单,等待买家确认收货,,1,339.0,0.0,0.0,0.0,858.0,吃货价，858.000000,,,2021-02-02 02:51:35,2021-02-02 02:51:44,,,2021-02-02 10:42:24,,浙江省,杭州市,滨江区,
TAOBAO,ceres旗舰店,5b831f2a7c6eb905161ed682ae1c63f5,t_1498979005905_0518,="1552761111160444854",普通订单,等待买家确认收货,,1,327.93,0.0,0.0,0.0,869.07,掌柜推荐，828.000000;taojinbi，11.070000;30，30.000000,,,2021-02-01 12:15:57,2021-02-01 12:16:32,,,2021-02-01 15:34:22,,云南省,玉溪市,红塔区,
TAOBAO,ceres旗舰店,70c8ae84d534bd12ff5d0c023cb0126a,疏影水轻浅,="1552768524527529458",普通订单,等待买家确认收货,,2,670.64,0.0,0.0,0.0,1645.36,吃货节，20.000000;taojinbi，21.360000;吃货价，1604.000000,,,2021-02-02 03:27:05,2021-02-02 03:27:10,,,2021-02-02 10:42:26,,湖北省,武汉市,东西湖区,
TAOBAO,ceres旗舰店,a0ccc3ddb6a1d63c659aafdaa3caa235,tb1959977_2011,="1552771152038456122",普通订单,等待买家确认收货,,1,339.0,0.0,0.0,0.0,819.0,吃货价，819.000000,,,2021-02-02 03:24:30,2021-02-02 03:24:36,,,2021-02-02 10:42:26,,上海市,市辖区,长宁区,
TAOBAO,ceres旗舰店,ce4127af2a1c149dbab4c2dfcf404d1b,洪耀先1298,="1552790307264109918",普通订单,等待买家确认收货,,1,447.01,0.0,0.0,0.0,710.99,掌柜推荐，700.000000;taojinbi，10.990000,,,2021-02-01 12:27:46,2021-02-01 12:31:48,,,2021-02-01 15:34:23,,云南省,昆明市,五华区,
TAOBAO,ceres旗舰店,dea8f296ed5d900ba4e7cd16abe44917,zhangxi18162614938,="1552865978843388448",普通订单,等待买家确认收货,,3,1057.62,0.0,0.0,0.0,2416.38,掌柜推荐，2316.000000;taojinbi，0.380000;30，100.000000,,白1双支礼盒套餐*3  白1*1  白猫酒塞*1 ,2021-02-01 15:16:29,2021-02-01 15:34:33,,,2021-02-01 17:18:13,,湖北省,武汉市,洪山区,
TAOBAO,ceres旗舰店,ce274f67a5b2d3732a93923e3b140edd,t_1499917727801_0686,="1552877138396514753",普通订单,等待买家确认收货,,1,344.42,0.0,0.0,0.0,813.58,30，30.000000;掌柜推荐，772.000000;taojinbi，11.580000,,,2021-02-01 15:20:52,2021-02-01 15:20:56,,,2021-02-01 17:36:08,,甘肃省,兰州市,城关区,
TAOBAO,ceres旗舰店,ce421ac69e57821a7496e6a9e83ceb28,饮泉石31010693,="1552897872209274052",普通订单,等待买家确认收货,,1,338.89,0.0,0.0,0.0,858.11,吃货价，858.000000;taojinbi，0.110000,,,2021-02-02 08:50:57,2021-02-02 08:52:02,,,2021-02-02 10:42:26,,安徽省,滁州市,天长市,
TAOBAO,ceres旗舰店,4dd30a06464f259894efe3f3a7083775,非地球生物111,="1552917350542371935",普通订单,等待买家确认收货,,1,188.16,0.0,0.0,0.0,405.84,taojinbi，0.840000;掌柜推荐，405.000000,,,2021-02-01 15:40:49,2021-02-01 15:40:55,,,2021-02-01 17:36:06,,江苏省,无锡市,宜兴市,
TAOBAO,ceres旗舰店,73623b0c1a15b4142a0520c4f895a89e,zhzihaozh,="1553061242384060584",普通订单,等待买家确认收货,,1,967.66,0.0,0.0,0.0,1816.34,taojinbi，0.340000;掌柜推荐，1716.000000;30，100.000000,,,2021-02-01 16:49:25,2021-02-01 16:49:28,,,2021-02-01 17:36:06,,广东省,广州市,天河区,
TAOBAO,ceres旗舰店,904776f0597d2b32beef60e3fa505516,梦辰ljh,="1553072655307699963",普通订单,等待买家确认收货,,1,339.0,0.0,0.0,0.0,858.0,掌柜推荐，828.000000;30，30.000000,,白1红1双支自饮套餐*1 白猫酒塞*1 ,2021-02-01 14:42:17,2021-02-01 14:42:23,,,2021-02-01 17:18:13,,山西省,大同市,,
TAOBAO,ceres旗舰店,29ccc9139a894b5c74fee2dcbdad6013,vox111,="1553136446373522923",普通订单,等待买家确认收货,,1,369.0,0.0,0.0,0.0,828.0,30，30.000000;掌柜推荐，798.000000,,,2021-02-01 17:23:11,2021-02-01 17:23:28,,,2021-02-01 17:36:06,,山东省,临沂市,兰陵县,
TAOBAO,ceres旗舰店,78cc2fe0aa8005afcb16740a990b7791,uniqueceo,="1553153943027593083",普通订单,等待买家确认收货,,1,344.42,0.0,0.0,0.0,813.58,30，30.000000;掌柜推荐，772.000000;taojinbi，11.580000,,,2021-02-01 15:22:57,2021-02-01 15:23:04,,,2021-02-01 17:36:05,,浙江省,嘉兴市,桐乡市,
TAOBAO,ceres旗舰店,b19b89bc3dd476ea9c1ab974ae0bfd4c,新网数据,="1553166290398406974",普通订单,等待买家确认收货,,1,324.65,0.0,0.0,0.0,833.35,taojinbi，1.350000;30，30.000000;掌柜推荐，802.000000,,,2021-02-01 17:36:17,2021-02-01 17:36:21,,,2021-02-02 10:42:24,,广东省,广州市,天河区,
TAOBAO,ceres旗舰店,3722fbcb4719ff00ef5cb8410cd51c96,liujun19902010,="1553254851979977615",普通订单,等待卖家发货,,1,327.93,0.0,0.0,0.0,830.07,30，30.000000;taojinbi，11.070000;掌柜推荐，789.000000,,等通知发货！！ 白2红2双支自饮套餐*1  黑猫酒塞*1 ,2021-02-01 16:15:00,2021-02-01 16:15:10,,,,,浙江省,金华市,婺城区,
TAOBAO,ceres旗舰店,793b3a8d4a51a56c229d6e736d26a0bc,sleepymeimei,="1553297942034709355",普通订单,等待买家确认收货,,2,632.87,0.0,0.0,0.0,1683.13,30，60.000000;taojinbi，19.130000;掌柜推荐，1604.000000,,,2021-02-01 18:32:56,2021-02-01 18:33:16,,,2021-02-02 10:42:24,,浙江省,杭州市,西湖区,
TAOBAO,ceres旗舰店,f858ab15fb10f29e8abedd354feb87a6,浪静之号,="1553311585728014153",普通订单,等待买家确认收货,,1,338.83,0.0,0.0,0.0,858.17,掌柜推荐，828.000000;taojinbi，0.170000;30，30.000000,,白1红1自饮套餐*1 黑狗酒塞*1,2021-02-01 21:21:14,2021-02-01 21:21:27,,,2021-02-02 10:42:27,,浙江省,杭州市,余杭区,
TAOBAO,ceres旗舰店,73623b0c1a15b4142a0520c4f895a89e,zhzihaozh,="1553333187106060584",普通订单,等待买家确认收货,,1,356.0,0.0,0.0,0.0,802.0,掌柜推荐，772.000000;30，30.000000,,,2021-02-01 16:50:05,2021-02-01 16:50:09,,,2021-02-01 17:36:06,,广东省,广州市,天河区,
TAOBAO,ceres旗舰店,1b84d60c5f3d33a32ebe80648ac39d8d,杭州铨立,="1553360832460508236",普通订单,等待卖家发货,,1,364.26,0.0,0.0,0.0,793.74,taojinbi，4.740000;吃货价，789.000000,,白2红2双支礼盒套餐*1  白狗酒塞*1 ,2021-02-02 12:12:31,2021-02-02 12:12:44,,,,,浙江省,杭州市,拱墅区,
TAOBAO,ceres旗舰店,42998e49611efa74140b8be290473008,gzbobby520,="1553448276850102128",普通订单,等待卖家发货,,1,330.14,0.0,0.0,0.0,866.86,吃货价，858.000000;taojinbi，8.860000,,白1红1双支自饮套餐*1  白狗酒塞*1 ,2021-02-02 12:50:36,2021-02-02 12:50:42,,,,,广东省,广州市,海珠区,
TAOBAO,ceres旗舰店,e41fb2fdebc57c66ff4fdf9f4b65647b,dxy346634010,="1553498065091621085",普通订单,等待买家确认收货,,1,326.0,0.0,0.0,0.0,832.0,掌柜推荐，802.000000;30，30.000000,,正常发 白1双支自饮套餐*1 白1*1 ,2021-02-01 23:16:01,2021-02-01 23:16:13,,,2021-02-02 14:14:25,,辽宁省,盘锦市,兴隆台区,
TAOBAO,ceres旗舰店,980f0bc0d54c5242b4678d484d56151b,m18616011118,="1553517109887728881",普通订单,等待买家确认收货,,1,368.25,0.0,0.0,0.0,828.75,掌柜推荐，798.000000;taojinbi，0.750000;30，30.000000,,,2021-02-01 23:11:11,2021-02-02 10:27:01,,,2021-02-02 10:42:26,,上海市,市辖区,杨浦区,
TAOBAO,ceres旗舰店,275479825398647154c52fe2639b5cf3,tb974390624,="1553583313455750251",普通订单,等待买家确认收货,,1,339.0,0.0,0.0,0.0,858.0,30，30.000000;掌柜推荐，828.000000,,,2021-02-01 23:51:41,2021-02-01 23:51:44,,,2021-02-02 10:42:27,,上海市,市辖区,虹口区,
TAOBAO,ceres旗舰店,8e6674b6053c18dce8cfaf6b3b100621,zhouhuirong2012,="1553587057138929637",普通订单,等待买家确认收货,,1,357.93,0.0,0.0,0.0,800.07,taojinbi，11.070000;吃货价，789.000000,,,2021-02-02 00:17:46,2021-02-02 00:17:55,,,2021-02-02 10:42:24,,广东省,深圳市,龙岗区,
TAOBAO,ceres旗舰店,754a344eb216d444745df4a7cffc7178,东京樱花的浪漫,="1553658734976919231",普通订单,等待买家确认收货,,1,356.0,0.0,0.0,0.0,802.0,掌柜推荐，772.000000;30，30.000000,,白2双支礼盒套餐*1 白2*1,2021-02-01 21:32:37,2021-02-01 21:32:41,,,2021-02-02 10:42:24,,辽宁省,锦州市,凌河区,
TAOBAO,ceres旗舰店,754a344eb216d444745df4a7cffc7178,东京樱花的浪漫,="1553660894057919231",普通订单,等待买家确认收货,,1,351.7,0.0,0.0,0.0,806.3,30，30.000000;taojinbi，4.300000;掌柜推荐，772.000000,,,2021-02-01 21:30:55,2021-02-01 21:31:12,,,2021-02-02 10:42:24,,广东省,佛山市,南海区,
TAOBAO,ceres旗舰店,d9d3bfa04440590d41dd211a11139471,jessica101318,="1553680010378834127",普通订单,等待买家确认收货,,1,344.42,0.0,0.0,0.0,813.58,30，30.000000;taojinbi，11.580000;掌柜推荐，772.000000,,,2021-02-01 21:43:00,2021-02-01 21:43:13,,,2021-02-02 10:42:25,,福建省,泉州市,晋江市,
TAOBAO,ceres旗舰店,fd1752e3c4e7118596f3c9715e1d2a0e,yiyun0654,="1553708199104995816",普通订单,等待买家确认收货,,1,337.28,0.0,0.0,0.0,859.72,掌柜推荐，828.000000;taojinbi，1.720000;30，30.000000,,,2021-02-01 19:40:15,2021-02-01 19:40:34,,,2021-02-02 10:42:24,,内蒙古自治区,呼和浩特市,赛罕区,
TAOBAO,ceres旗舰店,fac27f984d748f88bcf79bc473e49441,loveruby1984,="1553791322318307723",普通订单,等待买家确认收货,,1,367.49,0.0,0.0,0.0,829.51,掌柜推荐，798.000000;30，30.000000;taojinbi，1.510000,,,2021-02-01 22:49:24,2021-02-01 22:49:37,,,2021-02-02 10:42:24,,广东省,佛山市,顺德区,
TAOBAO,ceres旗舰店,04e4b6c4161cbcfcc0aca054b75d57fd,陈鑫川,="1553824765056792352",普通订单,等待卖家发货,,1,329.74,0.0,0.0,0.0,867.26,吃货价，858.000000;taojinbi，9.260000,,,2021-02-02 09:08:10,2021-02-02 09:08:51,,,,,河南省,许昌市,魏都区,
TAOBAO,ceres旗舰店,811406bc014f22ca43a3a9e10d4d223a,风起青萍go,="1553825667378155180",普通订单,等待买家确认收货,,1,186.75,0.0,0.0,0.0,407.25,taojinbi，2.250000;掌柜推荐，405.000000,,,2021-02-01 20:35:45,2021-02-01 20:35:50,,,2021-02-02 10:42:25,,上海市,市辖区,普陀区,
TAOBAO,ceres旗舰店,edcf81e77da65a6565e21fc06ebb6785,阿凉oo,="1553840139672992182",普通订单,等待买家确认收货,,1,318.93,0.0,0.0,0.0,839.07,30，30.000000;掌柜推荐，802.000000;taojinbi，7.070000,,白1双支自饮套餐*1 海马刀*1 小鹿酒塞*1,2021-02-01 20:43:30,2021-02-01 20:43:34,,,2021-02-02 10:42:25,,山西省,太原市,迎泽区,
TAOBAO,ceres旗舰店,c9d37d7d94682fd125986e69c25c9753,老东东家的胖妞妞,="1553869839492345086",普通订单,等待买家确认收货,,1,339.0,0.0,0.0,0.0,858.0,掌柜推荐，828.000000;30，30.000000,,,2021-02-01 20:58:00,2021-02-01 20:58:06,,,2021-02-02 10:42:26,,北京市,市辖区,海淀区,
TAOBAO,ceres旗舰店,7842ab859d77aab2cad0a4ce09e41921,不吃素的考拉,="1554049839057140686",普通订单,等待买家确认收货,,1,315.32,0.0,0.0,0.0,842.68,掌柜推荐，802.000000;taojinbi，10.680000;30，30.000000,,,2021-02-01 22:35:55,2021-02-01 22:36:02,,,2021-02-02 10:42:27,,山东省,济南市,市中区,
TAOBAO,ceres旗舰店,bc02b28dfdac1803ab558c8e0073225d,millet9811,="1554062187447438321",普通订单,等待买家确认收货,,1,324.35,0.0,0.0,0.0,833.65,30，30.000000;taojinbi，1.650000;掌柜推荐，802.000000,,,2021-02-01 22:45:28,2021-02-01 22:45:40,,,2021-02-02 10:42:24,,四川省,成都市,新津县,
TAOBAO,ceres旗舰店,a5e58029763c49f711309d52738c2ef2,偶然遇见你刚子,="1554064633560919640",普通订单,等待卖家发货,,1,333.55,0.0,0.0,0.0,863.45,吃货价，858.000000;taojinbi，5.450000,,白1红1双支自饮套餐*1  白猫酒塞*1,2021-02-02 11:04:45,2021-02-02 11:04:57,,,,,江苏省,南京市,雨花台区,
TAOBAO,ceres旗舰店,e41fb2fdebc57c66ff4fdf9f4b65647b,dxy346634010,="1554077739260621085",普通订单,等待买家确认收货,,1,325.97,0.0,0.0,0.0,832.03,掌柜推荐，802.000000;30，30.000000;taojinbi，0.030000,,白1双支自饮套餐*1 白1*1  黑狗酒塞*1,2021-02-01 22:55:16,2021-02-01 22:55:42,,,2021-02-02 10:42:24,,辽宁省,盘锦市,兴隆台区,
TAOBAO,ceres旗舰店,e41fb2fdebc57c66ff4fdf9f4b65647b,dxy346634010,="1554099627333621085",普通订单,等待买家确认收货,,1,315.8,0.0,0.0,0.0,842.2,掌柜推荐，802.000000;taojinbi，10.200000;30，30.000000,,,2021-02-01 23:02:39,2021-02-01 23:02:47,,,2021-02-02 10:42:25,,辽宁省,盘锦市,兴隆台区,
TAOBAO,ceres旗舰店,e128f0eaa1f266de9c1c78599ecaed59,narrtina,="1554110931676388918",普通订单,等待买家确认收货,,1,327.93,0.0,0.0,0.0,869.07,taojinbi，11.070000;掌柜推荐，828.000000;30，30.000000,,,2021-02-01 23:58:18,2021-02-01 23:58:24,,,2021-02-02 10:42:24,,广东省,广州市,番禺区,
TAOBAO,ceres旗舰店,c2e2b99149556dad1d88eaf67c4195c5,sxezx,="1554253454736934981",普通订单,等待卖家发货,,2,515.76,0.0,0.0,0.0,20.0,吃货节，20.000000,,,2021-02-02 10:12:04,2021-02-02 10:12:15,,,,,陕西省,西安市,莲湖区,
TAOBAO,ceres旗舰店,54ed1aebf68bba5a974df67222e64d27,为国接盘叶可可,="1554262023334756678",普通订单,等待买家确认收货,,1,369.0,0.0,0.0,0.0,828.0,吃货价，828.000000,,,2021-02-02 02:51:00,2021-02-02 02:51:06,,,2021-02-02 10:42:25,,山东省,临沂市,兰山区,
TAOBAO,ceres旗舰店,1adae33a475c943654e11322f6b5c163,宋鹏程19860207,="1554264903117301784",普通订单,等待买家确认收货,,1,369.0,0.0,0.0,0.0,789.0,吃货价，789.000000,,,2021-02-02 02:59:25,2021-02-02 02:59:32,,,2021-02-02 10:42:25,,四川省,成都市,双流区,
TAOBAO,ceres旗舰店,8137ac8dda0c11a70c5ba9bc23b79fba,灿若置晨曦,="1554274694556804431",普通订单,等待卖家发货,,1,1006.32,0.0,0.0,0.0,1777.68,吃货节，50.000000;taojinbi，1.680000;吃货价，1726.000000,,2.4号发货！！！ 红3双支礼盒套餐*1  小兔酒塞*1 ,2021-02-02 10:22:00,2021-02-02 10:22:08,,,,,吉林省,四平市,铁西区,
TAOBAO,ceres旗舰店,f87f8b6ded51052693a9ac90a09c720c,孤独吹小仑,="1554288302921956062",普通订单,等待卖家发货,,2,713.26,0.0,0.0,0.0,1680.74,吃货价，1656.000000;taojinbi，4.740000;吃货节，20.000000,,,2021-02-02 10:29:41,2021-02-02 10:29:48,,,,,江苏省,苏州市,吴江区,
TAOBAO,ceres旗舰店,03dd1760f25c254378b08aa1ecaeab9a,hexiaoxiao1202,="1554304069937180980",普通订单,等待卖家发货,,1,319.13,0.0,0.0,0.0,838.87,taojinbi，6.870000;吃货价，832.000000,,,2021-02-02 12:28:41,2021-02-02 12:28:49,,,,,湖南省,长沙市,望城区,
TAOBAO,ceres旗舰店,e8866cd0026e887c1d7fa2d95ab91722,陈大龙chl,="1554311161026059250",普通订单,等待卖家发货,,1,367.91,0.0,0.0,0.0,790.09,taojinbi，1.090000;吃货价，789.000000,,差价50元,2021-02-02 12:30:22,2021-02-02 12:30:48,,,,,辽宁省,沈阳市,大东区,
TAOBAO,ceres旗舰店,405402fbf5c203549c91bb3afb3c5328,小吟star,="1554332618920246968",普通订单,等待卖家发货,,1,369.0,0.0,0.0,0.0,828.0,吃货价，828.000000,,,2021-02-02 10:48:33,2021-02-02 10:48:42,,,,,山东省,淄博市,张店区,
TAOBAO,ceres旗舰店,adbb7edfbfbd9a3da6f807a787e896b9,水晶宝贝_baby,="1554408147056986074",普通订单,等待买家确认收货,,1,338.9,0.0,0.0,0.0,858.1,taojinbi，0.100000;吃货价，858.000000,,,2021-02-02 08:56:01,2021-02-02 08:56:10,,,2021-02-02 10:42:27,,浙江省,丽水市,庆元县,
TAOBAO,ceres旗舰店,3db2e502dc91b11c3d6e35271b191c4d,醉v点影,="1554463945530366371",普通订单,等待卖家发货,,1,330.37,0.0,0.0,0.0,866.63,taojinbi，8.630000;吃货价，858.000000,,白1红1双支自饮套餐*1  白猫酒塞*1 ,2021-02-02 13:44:03,2021-02-02 13:44:16,,,,,上海市,市辖区,浦东新区,
TAOBAO,ceres旗舰店,4ce5fbea6482c82c6129415ff201e4ad,苗成祥,="1554733263774798739",普通订单,等待卖家发货,,1,326.0,0.0,0.0,0.0,832.0,吃货价，832.000000,,,2021-02-02 11:24:47,2021-02-02 11:25:06,,,,,辽宁省,大连市,沙河口区,
TAOBAO,ceres旗舰店,3a1fc47c89901b740e0aecd39afc68f7,tb619411049,="1554817214701064765",普通订单,等待卖家发货,,1,330.59,0.0,0.0,0.0,,,,,2021-02-02 13:57:14,2021-02-02 13:57:29,,,,,浙江省,杭州市,滨江区,
TAOBAO,ceres旗舰店,d4b1eb9e4180f81961f1db246dbffde2,125965689ivyll,="1554817790954062942",普通订单,等待卖家发货,,1,330.84,0.0,0.0,0.0,827.16,吃货价，819.000000;taojinbi，8.160000,,白2红2双支自饮套餐*1  黑砖酒塞*1 ,2021-02-02 13:58:31,2021-02-02 13:58:35,,,,,吉林省,长春市,朝阳区,
TAOBAO,ceres旗舰店,43cd16e646eb508855c3f989ae5d1c45,vickeychen13,="1554850227541534321",普通订单,等待卖家发货,,1,1036.91,0.0,0.0,0.0,2437.09,吃货价，2386.000000;吃货节，50.000000;taojinbi，1.090000,,白1*8 香槟杯*2 海马刀*1 黑猫酒塞*1 差价40元,2021-02-02 12:04:02,2021-02-02 12:04:13,,,,,福建省,漳州市,漳浦县,
TAOBAO,ceres旗舰店,95c210ad6e4a94427c103f3b557ae19a,youxia0729,="1554874455335597879",普通订单,等待卖家发货,,1,355.2,0.0,0.0,0.0,802.8,taojinbi，0.800000;吃货价，802.000000,,白1双支礼盒套餐*1  白1*1 ,2021-02-02 12:12:20,2021-02-02 12:12:29,,,,,陕西省,西安市,莲湖区,
TAOBAO,ceres旗舰店,e7e3e81d7b1867bfc09daad3b59a127f,沸羊羊103,="1555070907797092924",普通订单,等待卖家发货,,2,661.81,0.0,0.0,0.0,20.0,吃货节，20.000000,,,2021-02-02 13:44:00,2021-02-02 13:44:16,,,,,贵州省,贵阳市,南明区,
